"""Generated global timezone raster + POSIX TZ table for tz_offset.

DO NOT EDIT BY HAND. Produced by ``python -m tzgen`` from
timezone-boundary-builder 2025b and IANA tzdata 2026.2 at 0.25 deg resolution.
Regenerate via the tzgen Docker service; see
firmware-packages/tz_offset/VENDOR.md.
"""

from micropython import const

R_UDEG = const(250000)
ROWS = const(720)
COLS = const(1440)
OCEAN = const(65535)

GRID = (
    b"\x5a\x78\x00\xc9\x01\x18\xff\xff\x00\x32\x00\xcb\x00\x82\x00\x44\x00\x48\x00\xcb\x00\x2e\x01\x37"
    b"\x00\x16\x00\x18\x00\x64\x00\xcd\x00\x78\x00\xcc\x00\x5a\x00\xc8\x00\x22\x00\xc5\x00\x74\x00\xce"
    b"\x00\xb4\x01\x35\x00\xc8\x00\xc9\x01\x18\xff\xff\x00\x32\x00\xcb\x00\x82\x00\x44\x00\x48\x00\xcb"
    b"\x00\x2e\x01\x37\x00\x16\x00\x18\x00\x64\x00\xcd\x00\x78\x00\xcc\x00\x5a\x00\xc8\x00\x22\x00\xc5"
    b"\x00\x74\x00\xce\x00\xb4\x01\x35\x00\xc8\x00\xc9\x01\x18\xff\xff\x00\x32\x00\xcb\x00\x82\x00\x44"
    b"\x00\x48\x00\xcb\x00\x2e\x01\x37\x00\x16\x00\x18\x00\x64\x00\xcd\x00\x78\x00\xcc\x00\x5a\x00\xc8"
    b"\x00\x22\x00\xc5\x00\x74\x00\xce\x00\xb4\x01\x35\x00\xc8\x00\xc9\x01\x18\xff\xff\x00\x32\x00\xcb"
    b"\x00\x82\x00\x44\x00\x48\x00\xcb\x00\x2e\x01\x37\x00\x16\x00\x18\x00\x64\x00\xcd\x00\x78\x00\xcc"
    b"\x00\x5a\x00\xc8\x00\x22\x00\xc5\x00\x74\x00\xce\x00\xb4\x01\x35\x00\xc8\x00\xc9\x01\x18\xff\xff"
    b"\x00\x32\x00\xcb\x00\x82\x00\x44\x00\x48\x00\xcb\x00\x2e\x01\x37\x00\x16\x00\x18\x00\x64\x00\xcd"
    b"\x00\x78\x00\xcc\x00\x5a\x00\xc8\x00\x22\x00\xc5\x00\x74\x00\xce\x00\xb4\x01\x35\x00\xc8\x00\xc9"
    b"\x01\x18\xff\xff\x00\x32\x00\xcb\x00\x82\x00\x44\x00\x48\x00\xcb\x00\x2e\x01\x37\x00\x16\x00\x18"
    b"\x00\x64\x00\xcd\x00\x78\x00\xcc\x00\x5a\x00\xc8\x00\x22\x00\xc5\x00\x74\x00\xce\x00\xb4\x01\x35"
    b"\x00\xc8\x00\xc9\x01\x18\xff\xff\x00\x32\x00\xcb\x00\x82\x00\x44\x00\x48\x00\xcb\x00\x2e\x01\x37"
    b"\x00\x16\x00\x18\x00\x64\x00\xcd\x00\x78\x00\xcc\x00\x5a\x00\xc8\x00\x22\x00\xc5\x00\x74\x00\xce"
    b"\x00\xb4\x01\x35\x00\xc8\x00\xc9\x01\x18\xff\xff\x00\x32\x00\xcb\x00\x82\x00\x44\x00\x48\x00\xcb"
    b"\x00\x2e\x01\x37\x00\x16\x00\x18\x00\x64\x00\xcd\x00\x78\x00\xcc\x00\x5a\x00\xc8\x00\x22\x00\xc5"
    b"\x00\x74\x00\xce\x00\xb4\x01\x35\x00\xc8\x00\xc9\x01\x18\xff\xff\x00\x32\x00\xcb\x00\x82\x00\x44"
    b"\x00\x48\x00\xcb\x00\x2e\x01\x37\x00\x16\x00\x18\x00\x64\x00\xcd\x00\x78\x00\xcc\x00\x5a\x00\xc8"
    b"\x00\x22\x00\xc5\x00\x74\x00\xce\x00\xb4\x01\x35\x00\xc8\x00\xc9\x01\x18\xff\xff\x00\x32\x00\xcb"
    b"\x00\x82\x00\x44\x00\x48\x00\xcb\x00\x2e\x01\x37\x00\x16\x00\x18\x00\x64\x00\xcd\x00\x78\x00\xcc"
    b"\x00\x5a\x00\xc8\x00\x22\x00\xc5\x00\x74\x00\xce\x00\xb4\x01\x35\x00\xc8\x00\xc9\x01\x18\xff\xff"
    b"\x00\x32\x00\xcb\x00\x82\x00\x44\x00\x48\x00\xcb\x00\x2e\x01\x37\x00\x16\x00\x18\x00\x64\x00\xcd"
    b"\x00\x78\x00\xcc\x00\x5a\x00\xc8\x00\x22\x00\xc5\x00\x74\x00\xce\x00\xb4\x01\x35\x00\xc8\x00\xc9"
    b"\x01\x18\xff\xff\x00\x32\x00\xcb\x00\x82\x00\x44\x00\x48\x00\xcb\x00\x2e\x01\x37\x00\x16\x00\x18"
    b"\x00\x64\x00\xcd\x00\x78\x00\xcc\x00\x5a\x00\xc8\x00\x22\x00\xc5\x00\x74\x00\xce\x00\xb4\x01\x35"
    b"\x00\xc8\x00\xc9\x01\x18\xff\xff\x00\x32\x00\xcb\x00\x82\x00\x44\x00\x48\x00\xcb\x00\x2e\x01\x37"
    b"\x00\x16\x00\x18\x00\x64\x00\xcd\x00\x78\x00\xcc\x00\x5a\x00\xc8\x00\x22\x00\xc5\x00\x74\x00\xce"
    b"\x00\xb4\x01\x35\x00\xc8\x00\xc9\x01\x18\xff\xff\x00\x32\x00\xcb\x00\x82\x00\x44\x00\x48\x00\xcb"
    b"\x00\x2e\x01\x37\x00\x16\x00\x18\x00\x64\x00\xcd\x00\x78\x00\xcc\x00\x5a\x00\xc8\x00\x22\x00\xc5"
    b"\x00\x74\x00\xce\x00\xb4\x01\x35\x00\xc8\x00\xc9\x01\x18\xff\xff\x00\x32\x00\xcb\x00\x82\x00\x44"
    b"\x00\x48\x00\xcb\x00\x2e\x01\x37\x00\x16\x00\x18\x00\x64\x00\xcd\x00\x78\x00\xcc\x00\x5a\x00\xc8"
    b"\x00\x22\x00\xc5\x00\x74\x00\xce\x00\xb4\x01\x35\x00\xc8\x00\xc9\x01\x18\xff\xff\x00\x32\x00\xcb"
    b"\x00\x82\x00\x44\x00\x48\x00\xcb\x00\x2e\x01\x37\x00\x16\x00\x18\x00\x64\x00\xcd\x00\x78\x00\xcc"
    b"\x00\x5a\x00\xc8\x00\x22\x00\xc5\x00\x74\x00\xce\x00\xb4\x01\x35\x00\xc8\x00\xc9\x01\x18\xff\xff"
    b"\x00\x32\x00\xcb\x00\x82\x00\x44\x00\x48\x00\xcb\x00\x2e\x01\x37\x00\x16\x00\x18\x00\x64\x00\xcd"
    b"\x00\x78\x00\xcc\x00\x5a\x00\xc8\x00\x22\x00\xc5\x00\x74\x00\xce\x00\xb4\x01\x35\x00\xc8\x00\xc9"
    b"\x01\x18\xff\xff\x00\x32\x00\xcb\x00\x82\x00\x44\x00\x48\x00\xcb\x00\x2e\x01\x37\x00\x16\x00\x18"
    b"\x00\x64\x00\xcd\x00\x78\x00\xcc\x00\x5a\x00\xc8\x00\x22\x00\xc5\x00\x74\x00\xce\x00\xb4\x01\x35"
    b"\x00\xc8\x00\xc9\x01\x18\xff\xff\x00\x32\x00\xcb\x00\x82\x00\x44\x00\x48\x00\xcb\x00\x2e\x01\x37"
    b"\x00\x16\x00\x18\x00\x64\x00\xcd\x00\x78\x00\xcc\x00\x5a\x00\xc8\x00\x22\x00\xc5\x00\x74\x00\xce"
    b"\x00\xb4\x01\x35\x00\xc8\x00\xc9\x01\x18\xff\xff\x00\x32\x00\xcb\x00\x82\x00\x44\x00\x48\x00\xcb"
    b"\x00\x2e\x01\x37\x00\x16\x00\x18\x00\x64\x00\xcd\x00\x78\x00\xcc\x00\x5a\x00\xc8\x00\x22\x00\xc5"
    b"\x00\x74\x00\xce\x00\xb4\x01\x35\x00\xc8\x00\xc9\x01\x18\xff\xff\x00\x32\x00\xcb\x00\x82\x00\x44"
    b"\x00\x48\x00\xcb\x00\x2e\x01\x37\x00\x16\x00\x18\x00\x64\x00\xcd\x00\x78\x00\xcc\x00\x5a\x00\xc8"
    b"\x00\x22\x00\xc5\x00\x74\x00\xce\x00\xb4\x01\x35\x00\xc8\x00\xc9\x01\x18\xff\xff\x00\x32\x00\xcb"
    b"\x00\x82\x00\x44\x00\x48\x00\xcb\x00\x2e\x01\x37\x00\x16\x00\x18\x00\x64\x00\xcd\x00\x78\x00\xcc"
    b"\x00\x5a\x00\xc8\x00\x22\x00\xc5\x00\x74\x00\xce\x00\xb4\x01\x35\x00\xc8\x00\xc9\x01\x18\xff\xff"
    b"\x00\x32\x00\xcb\x00\x82\x00\x44\x00\x48\x00\xcb\x00\x2e\x01\x37\x00\x16\x00\x18\x00\x64\x00\xcd"
    b"\x00\x78\x00\xcc\x00\x5a\x00\xc8\x00\x22\x00\xc5\x00\x74\x00\xce\x00\xb4\x01\x35\x00\xc8\x00\xc9"
    b"\x01\x18\xff\xff\x00\x32\x00\xcb\x00\x82\x00\x44\x00\x48\x00\xcb\x00\x2e\x01\x37\x00\x16\x00\x18"
    b"\x00\x64\x00\xcd\x00\x78\x00\xcc\x00\x5a\x00\xc8\x00\x22\x00\xc5\x00\x74\x00\xce\x00\xb4\x01\x35"
    b"\x00\xc8\x00\xc9\x01\x18\xff\xff\x00\x32\x00\xcb\x00\x82\x00\x44\x00\x48\x00\xcb\x00\x2e\x01\x37"
    b"\x00\x16\x00\x18\x00\x64\x00\xcd\x00\x78\x00\xcc\x00\x5a\x00\xc8\x00\x22\x00\xc5\x00\x74\x00\xce"
    b"\x00\xb4\x01\x35\x00\xc8\x00\xc9\x01\x18\xff\xff\x00\x32\x00\xcb\x00\x82\x00\x44\x00\x48\x00\xcb"
    b"\x00\x2e\x01\x37\x00\x16\x00\x18\x00\x64\x00\xcd\x00\x78\x00\xcc\x00\x5a\x00\xc8\x00\x22\x00\xc5"
    b"\x00\x74\x00\xce\x00\xb4\x01\x35\x00\xc8\x00\xc9\x01\x18\xff\xff\x00\x32\x00\xcb\x00\x82\x00\x44"
    b"\x00\x48\x00\xcb\x00\x2e\x01\x37\x00\x16\x00\x18\x00\x64\x00\xcd\x00\x78\x00\xcc\x00\x5a\x00\xc8"
    b"\x00\x22\x00\xc5\x00\x74\x00\xce\x00\xb4\x01\x35\x00\xc8\x00\xc9\x01\x18\xff\xff\x00\x32\x00\xcb"
    b"\x00\x82\x00\x44\x00\x48\x00\xcb\x00\x2e\x01\x37\x00\x16\x00\x18\x00\x64\x00\xcd\x00\x78\x00\xcc"
    b"\x00\x5a\x00\xc8\x00\x22\x00\xc5\x00\x74\x00\xce\x00\xb4\x01\x35\x00\xc8\x00\xc9\x01\x18\xff\xff"
    b"\x00\x32\x00\xcb\x00\x82\x00\x44\x00\x48\x00\xcb\x00\x2e\x01\x37\x00\x16\x00\x18\x00\x64\x00\xcd"
    b"\x00\x78\x00\xcc\x00\x5a\x00\xc8\x00\x22\x00\xc5\x00\x74\x00\xce\x00\xb4\x01\x35\x00\xc8\x00\xc9"
    b"\x01\x18\xff\xff\x00\x32\x00\xcb\x00\x82\x00\x44\x00\x48\x00\xcb\x00\x2e\x01\x37\x00\x16\x00\x18"
    b"\x00\x64\x00\xcd\x00\x78\x00\xcc\x00\x5a\x00\xc8\x00\x22\x00\xc5\x00\x74\x00\xce\x00\xb4\x01\x35"
    b"\x00\xc8\x00\xc9\x01\x18\xff\xff\x00\x32\x00\xcb\x00\x82\x00\x44\x00\x48\x00\xcb\x00\x2e\x01\x37"
    b"\x00\x16\x00\x18\x00\x64\x00\xcd\x00\x78\x00\xcc\x00\x5a\x00\xc8\x00\x22\x00\xc5\x00\x74\x00\xce"
    b"\x00\xb4\x01\x35\x00\xc8\x00\xc9\x01\x18\xff\xff\x00\x32\x00\xcb\x00\x82\x00\x44\x00\x48\x00\xcb"
    b"\x00\x2e\x01\x37\x00\x16\x00\x18\x00\x64\x00\xcd\x00\x78\x00\xcc\x00\x5a\x00\xc8\x00\x22\x00\xc5"
    b"\x00\x74\x00\xce\x00\xb4\x01\x35\x00\xc8\x00\xc9\x01\x18\xff\xff\x00\x32\x00\xcb\x00\x82\x00\x44"
    b"\x00\x48\x00\xcb\x00\x2e\x01\x37\x00\x16\x00\x18\x00\x64\x00\xcd\x00\x78\x00\xcc\x00\x5a\x00\xc8"
    b"\x00\x22\x00\xc5\x00\x74\x00\xce\x00\xb4\x01\x35\x00\xc8\x00\xc9\x01\x18\xff\xff\x00\x32\x00\xcb"
    b"\x00\x82\x00\x44\x00\x48\x00\xcb\x00\x2e\x01\x37\x00\x16\x00\x18\x00\x64\x00\xcd\x00\x78\x00\xcc"
    b"\x00\x5a\x00\xc8\x00\x22\x00\xc5\x00\x74\x00\xce\x00\xb4\x01\x35\x00\xc8\x00\xc9\x01\x18\xff\xff"
    b"\x00\x32\x00\xcb\x00\x82\x00\x44\x00\x48\x00\xcb\x00\x2e\x01\x37\x00\x16\x00\x18\x00\x64\x00\xcd"
    b"\x00\x78\x00\xcc\x00\x5a\x00\xc8\x00\x22\x00\xc5\x00\x74\x00\xce\x00\xb4\x01\x35\x00\xc8\x00\xc9"
    b"\x01\x18\xff\xff\x00\x32\x00\xcb\x00\x82\x00\x44\x00\x48\x00\xcb\x00\x2e\x01\x37\x00\x16\x00\x18"
    b"\x00\x64\x00\xcd\x00\x78\x00\xcc\x00\x5a\x00\xc8\x00\x22\x00\xc5\x00\x74\x00\xce\x00\xb4\x01\x35"
    b"\x00\xc8\x00\xc9\x01\x18\xff\xff\x00\x32\x00\xcb\x00\x82\x00\x44\x00\x48\x00\xcb\x00\x2e\x01\x37"
    b"\x00\x16\x00\x18\x00\x64\x00\xcd\x00\x78\x00\xcc\x00\x5a\x00\xc8\x00\x22\x00\xc5\x00\x74\x00\xce"
    b"\x00\xb4\x01\x35\x00\xc8\x00\xc9\x01\x18\xff\xff\x00\x32\x00\xcb\x00\x82\x00\x44\x00\x48\x00\xcb"
    b"\x00\x2e\x01\x37\x00\x16\x00\x18\x00\x64\x00\xcd\x00\x78\x00\xcc\x00\x5a\x00\xc8\x00\x22\x00\xc5"
    b"\x00\x74\x00\xce\x00\xb4\x01\x35\x00\xc8\x00\xc9\x01\x18\xff\xff\x00\x32\x00\xcb\x00\x82\x00\x44"
    b"\x00\x48\x00\xcb\x00\x2e\x01\x37\x00\x16\x00\x18\x00\x64\x00\xcd\x00\x78\x00\xcc\x00\x5a\x00\xc8"
    b"\x00\x22\x00\xc5\x00\x74\x00\xce\x00\xb4\x01\x35\x00\xc8\x00\xc9\x01\x18\xff\xff\x00\x32\x00\xcb"
    b"\x00\x82\x00\x44\x00\x48\x00\xcb\x00\x2e\x01\x37\x00\x16\x00\x18\x00\x64\x00\xcd\x00\x78\x00\xcc"
    b"\x00\x5a\x00\xc8\x00\x22\x00\xc5\x00\x74\x00\xce\x00\xb4\x01\x35\x00\xc8\x00\xc9\x01\x18\xff\xff"
    b"\x00\x32\x00\xcb\x00\x82\x00\x44\x00\x48\x00\xcb\x00\x2e\x01\x37\x00\x16\x00\x18\x00\x64\x00\xcd"
    b"\x00\x78\x00\xcc\x00\x5a\x00\xc8\x00\x22\x00\xc5\x00\x74\x00\xce\x00\xb4\x01\x35\x00\xc8\x00\xc9"
    b"\x01\x18\xff\xff\x00\x32\x00\xcb\x00\x82\x00\x44\x00\x48\x00\xcb\x00\x2e\x01\x37\x00\x16\x00\x18"
    b"\x00\x64\x00\xcd\x00\x78\x00\xcc\x00\x5a\x00\xc8\x00\x22\x00\xc5\x00\x74\x00\xce\x00\xb4\x01\x35"
    b"\x00\xc8\x00\xc9\x01\x18\xff\xff\x00\x32\x00\xcb\x00\x82\x00\x44\x00\x48\x00\xcb\x00\x2e\x01\x37"
    b"\x00\x16\x00\x18\x00\x64\x00\xcd\x00\x78\x00\xcc\x00\x5a\x00\xc8\x00\x22\x00\xc5\x00\x74\x00\xce"
    b"\x00\xb4\x01\x35\x00\xc8\x00\xc9\x01\x18\xff\xff\x00\x32\x00\xcb\x00\x82\x00\x44\x00\x48\x00\xcb"
    b"\x00\x2e\x01\x37\x00\x16\x00\x18\x00\x64\x00\xcd\x00\x78\x00\xcc\x00\x5a\x00\xc8\x00\x22\x00\xc5"
    b"\x00\x74\x00\xce\x00\xb4\x01\x35\x00\x50\x00\xc9\x01\x90\xff\xff\x00\x32\x00\xcb\x00\x76\x00\x44"
    b"\x00\x0e\xff\xff\x00\x46\x00\xcb\x00\x2e\x01\x37\x00\x16\x00\x18\x00\x64\x00\xcd\x00\x78\x00\xcc"
    b"\x00\x5a\x00\xc8\x00\x22\x00\xc5\x00\x74\x00\xce\x00\xb4\x01\x35\x00\x50\x00\xc9\x01\x90\xff\xff"
    b"\x00\x32\x00\xcb\x00\x5f\x00\x44\x00\x2a\xff\xff\x00\x41\x00\xcb\x00\x2e\x01\x37\x00\x16\x00\x18"
    b"\x00\x64\x00\xcd\x00\x78\x00\xcc\x00\x5a\x00\xc8\x00\x22\x00\xc5\x00\x74\x00\xce\x00\xb4\x01\x35"
    b"\x00\x50\x00\xc9\x01\x90\xff\xff\x00\x32\x00\xcb\x00\x48\x00\x44\x00\x45\xff\xff\x00\x3d\x00\xcb"
    b"\x00\x2e\x01\x37\x00\x16\x00\x18\x00\x64\x00\xcd\x00\x78\x00\xcc\x00\x5a\x00\xc8\x00\x22\x00\xc5"
    b"\x00\x74\x00\xce\x00\xb4\x01\x35\x00\x50\x00\xc9\x01\x90\xff\xff\x00\x32\x00\xcb\x00\x31\x00\x44"
    b"\x00\x61\xff\xff\x00\x38\x00\xcb\x00\x2e\x01\x37\x00\x16\x00\x18\x00\x64\x00\xcd\x00\x78\x00\xcc"
    b"\x00\x5a\x00\xc8\x00\x22\x00\xc5\x00\x74\x00\xce\x00\xb4\x01\x35\x00\x50\x00\xc9\x01\x90\xff\xff"
    b"\x00\x32\x00\xcb\x00\x26\x00\x44\x00\x70\xff\xff\x00\x34\x00\xcb\x00\x2e\x01\x37\x00\x16\x00\x18"
    b"\x00\x64\x00\xcd\x00\x78\x00\xcc\x00\x5a\x00\xc8\x00\x22\x00\xc5\x00\x74\x00\xce\x00\xb4\x01\x35"
    b"\x00\x50\x00\xc9\x01\x90\xff\xff\x00\x32\x00\xcb\x00\x27\x00\x44\x00\x74\xff\xff\x00\x2f\x00\xcb"
    b"\x00\x2e\x01\x37\x00\x16\x00\x18\x00\x64\x00\xcd\x00\x78\x00\xcc\x00\x5a\x00\xc8\x00\x22\x00\xc5"
    b"\x00\x74\x00\xce\x00\xb4\x01\x35\x00\x50\x00\xc9\x01\x90\xff\xff\x00\x32\x00\xcb\x00\x27\x00\x44"
    b"\x00\x78\xff\xff\x00\x2b\x00\xcb\x00\x2e\x01\x37\x00\x16\x00\x18\x00\x64\x00\xcd\x00\x78\x00\xcc"
    b"\x00\x5a\x00\xc8\x00\x22\x00\xc5\x00\x74\x00\xce\x00\xb4\x01\x35\x00\x50\x00\xc9\x01\x90\xff\xff"
    b"\x00\x32\x00\xcb\x00\x27\x00\x44\x00\x7d\xff\xff\x00\x26\x00\xcb\x00\x2e\x01\x37\x00\x16\x00\x18"
    b"\x00\x64\x00\xcd\x00\x78\x00\xcc\x00\x5a\x00\xc8\x00\x22\x00\xc5\x00\x74\x00\xce\x00\xb4\x01\x35"
    b"\x00\x50\x00\xc9\x01\x90\xff\xff\x00\x32\x00\xcb\x00\x28\x00\x44\x00\x80\xff\xff\x00\x22\x00\xcb"
    b"\x00\x2e\x01\x37\x00\x16\x00\x18\x00\x64\x00\xcd\x00\x78\x00\xcc\x00\x5a\x00\xc8\x00\x22\x00\xc5"
    b"\x00\x74\x00\xce\x00\xb4\x01\x35\x00\x50\x00\xc9\x01\x90\xff\xff\x00\x32\x00\xcb\x00\x28\x00\x44"
    b"\x00\x85\xff\xff\x00\x1d\x00\xcb\x00\x2e\x01\x37\x00\x16\x00\x18\x00\x64\x00\xcd\x00\x78\x00\xcc"
    b"\x00\x5a\x00\xc8\x00\x22\x00\xc5\x00\x74\x00\xce\x00\xb4\x01\x35\x00\x50\x00\xc9\x01\x90\xff\xff"
    b"\x00\x32\x00\xcb\x00\x28\x00\x44\x00\x89\xff\xff\x00\x19\x00\xcb\x00\x2e\x01\x37\x00\x16\x00\x18"
    b"\x00\x64\x00\xcd\x00\x78\x00\xcc\x00\x5a\x00\xc8\x00\x22\x00\xc5\x00\x74\x00\xce\x00\xb4\x01\x35"
    b"\x00\x50\x00\xc9\x01\x90\xff\xff\x00\x32\x00\xcb\x00\x29\x00\x44\x00\x8d\xff\xff\x00\x14\x00\xcb"
    b"\x00\x2e\x01\x37\x00\x16\x00\x18\x00\x64\x00\xcd\x00\x78\x00\xcc\x00\x5a\x00\xc8\x00\x22\x00\xc5"
    b"\x00\x74\x00\xce\x00\xb4\x01\x35\x00\x50\x00\xc9\x01\x90\xff\xff\x00\x32\x00\xcb\x00\x29\x00\x44"
    b"\x00\x91\xff\xff\x00\x10\x00\xcb\x00\x2e\x01\x37\x00\x16\x00\x18\x00\x64\x00\xcd\x00\x78\x00\xcc"
    b"\x00\x5a\x00\xc8\x00\x22\x00\xc5\x00\x74\x00\xce\x00\xb4\x01\x35\x00\x50\x00\xc9\x01\x90\xff\xff"
    b"\x00\x32\x00\xcb\x00\x29\x00\x44\x00\x96\xff\xff\x00\x0b\x00\xcb\x00\x2e\x01\x37\x00\x16\x00\x18"
    b"\x00\x64\x00\xcd\x00\x78\x00\xcc\x00\x5a\x00\xc8\x00\x22\x00\xc5\x00\x74\x00\xce\x00\xb4\x01\x35"
    b"\x00\x50\x00\xc9\x01\x90\xff\xff\x00\x32\x00\xcb\x00\x2a\x00\x44\x00\x99\xff\xff\x00\x07\x00\xcb"
    b"\x00\x2e\x01\x37\x00\x16\x00\x18\x00\x64\x00\xcd\x00\x78\x00\xcc\x00\x5a\x00\xc8\x00\x22\x00\xc5"
    b"\x00\x74\x00\xce\x00\xb4\x01\x35\x00\x50\x00\xc9\x01\x90\xff\xff\x00\x32\x00\xcb\x00\x2a\x00\x44"
    b"\x00\x9e\xff\xff\x00\x02\x00\xcb\x00\x2e\x01\x37\x00\x16\x00\x18\x00\x64\x00\xcd\x00\x78\x00\xcc"
    b"\x00\x5a\x00\xc8\x00\x22\x00\xc5\x00\x74\x00\xce\x00\xb4\x01\x35\x00\x50\x00\xc9\x01\x90\xff\xff"
    b"\x00\x32\x00\xcb\x00\x2b\x00\x44\x00\xa2\xff\xff\x00\x2b\x01\x37\x00\x16\x00\x18\x00\x64\x00\xcd"
    b"\x00\x78\x00\xcc\x00\x5a\x00\xc8\x00\x22\x00\xc5\x00\x74\x00\xce\x00\xb4\x01\x35\x00\x50\x00\xc9"
    b"\x01\x90\xff\xff\x00\x32\x00\xcb\x00\x2b\x00\x44\x00\xa8\xff\xff\x00\x25\x01\x37\x00\x16\x00\x18"
    b"\x00\x64\x00\xcd\x00\x78\x00\xcc\x00\x5a\x00\xc8\x00\x22\x00\xc5\x00\x74\x00\xce\x00\xb4\x01\x35"
    b"\x00\x50\x00\xc9\x01\x90\xff\xff\x00\x32\x00\xcb\x00\x2b\x00\x44\x00\xad\xff\xff\x00\x20\x01\x37"
    b"\x00\x16\x00\x18\x00\x64\x00\xcd\x00\x78\x00\xcc\x00\x5a\x00\xc8\x00\x22\x00\xc5\x00\x74\x00\xce"
    b"\x00\xb4\x01\x35\x00\x50\x00\xc9\x01\x90\xff\xff\x00\x32\x00\xcb\x00\x2c\x00\x44\x00\xb2\xff\xff"
    b"\x00\x1a\x01\x37\x00\x16\x00\x18\x00\x64\x00\xcd\x00\x78\x00\xcc\x00\x5a\x00\xc8\x00\x22\x00\xc5"
    b"\x00\x74\x00\xce\x00\xb4\x01\x35\x00\x50\x00\xc9\x01\x90\xff\xff\x00\x32\x00\xcb\x00\x2c\x00\x44"
    b"\x00\xb8\xff\xff\x00\x14\x01\x37\x00\x16\x00\x18\x00\x64\x00\xcd\x00\x78\x00\xcc\x00\x5a\x00\xc8"
    b"\x00\x22\x00\xc5\x00\x2c\x00\xce\x00\x5c\x00\xc4\x00\xa0\x00\xc6\x00\x4e\x00\xc9\x01\x92\xff\xff"
    b"\x00\x32\x00\xcb\x00\x2c\x00\x44\x00\xbe\xff\xff\x00\x0e\x01\x37\x00\x16\x00\x18\x00\x64\x00\xcd"
    b"\x00\x78\x00\xcc\x00\x5a\x00\xc8\x00\x22\x00\xc5\x00\x2c\x00\xce\x00\x5c\x00\xc4\x00\xa0\x00\xc6"
    b"\x00\x4a\x00\xc9\x01\x96\xff\xff\x00\x32\x00\xcb\x00\x2d\x00\x44\x00\xc2\xff\xff\x00\x09\x01\x37"
    b"\x00\x16\x00\x18\x00\x64\x00\xcd\x00\x78\x00\xcc\x00\x5a\x00\xc8\x00\x22\x00\xc5\x00\x2c\x00\xce"
    b"\x00\x5c\x00\xc4\x00\xa0\x00\xc6\x00\x46\x00\xc9\x01\x9a\xff\xff\x00\x32\x00\xcb\x00\x2d\x00\x44"
    b"\x00\xc8\xff\xff\x00\x03\x01\x37\x00\x16\x00\x18\x00\x64\x00\xcd\x00\x78\x00\xcc\x00\x5a\x00\xc8"
    b"\x00\x22\x00\xc5\x00\x2c\x00\xce\x00\x5c\x00\xc4\x00\xa0\x00\xc6\x00\x42\x00\xc9\x01\x9e\xff\xff"
    b"\x00\x32\x00\xcb\x00\x2d\x00\x44\x00\xce\xff\xff\x00\x13\x00\x18\x00\x64\x00\xcd\x00\x78\x00\xcc"
    b"\x00\x5a\x00\xc8\x00\x22\x00\xc5\x00\x2c\x00\xce\x00\x5c\x00\xc4\x00\xa0\x00\xc6\x00\x3e\x00\xc9"
    b"\x01\xa2\xff\xff\x00\x32\x00\xcb\x00\x2e\x00\x44\x00\xd2\xff\xff\x00\x0e\x00\x18\x00\x64\x00\xcd"
    b"\x00\x78\x00\xcc\x00\x5a\x00\xc8\x00\x22\x00\xc5\x00\x2c\x00\xce\x00\x5c\x00\xc4\x00\xa0\x00\xc6"
    b"\x00\x3a\x00\xc9\x01\xa6\xff\xff\x00\x32\x00\xcb\x00\x2e\x00\x44\x00\xd8\xff\xff\x00\x08\x00\x18"
    b"\x00\x64\x00\xcd\x00\x78\x00\xcc\x00\x5a\x00\xc8\x00\x22\x00\xc5\x00\x2c\x00\xce\x00\x5c\x00\xc4"
    b"\x00\xa0\x00\xc6\x00\x36\x00\xc9\x01\xaa\xff\xff\x00\x32\x00\xcb\x00\x2f\x00\x44\x00\xdc\xff\xff"
    b"\x00\x03\x00\x18\x00\x64\x00\xcd\x00\x78\x00\xcc\x00\x5a\x00\xc8\x00\x22\x00\xc5\x00\x2c\x00\xce"
    b"\x00\x5c\x00\xc4\x00\xa0\x00\xc6\x00\x32\x00\xc9\x01\xae\xff\xff\x00\x32\x00\xcb\x00\x2f\x00\x44"
    b"\x01\x47\xff\xff\x00\x74\x00\xcc\x00\x57\x00\xc8\x00\x04\xff\xff\x00\x21\x00\xc5\x00\x2c\x00\xce"
    b"\x00\x5c\x00\xc4\x00\xa0\x00\xc6\x00\x2e\x00\xc9\x01\xb2\xff\xff\x00\x32\x00\xcb\x00\x2f\x00\x44"
    b"\x01\x4e\xff\xff\x00\x6d\x00\xcc\x00\x52\x00\xc8\x00\x0c\xff\xff\x00\x1e\x00\xc5\x00\x2c\x00\xce"
    b"\x00\x5c\x00\xc4\x00\xa0\x00\xc6\x00\x2a\x00\xc9\x01\xb6\xff\xff\x00\x32\x00\xcb\x00\x30\x00\x44"
    b"\x01\x55\xff\xff\x00\x65\x00\xcc\x00\x4c\x00\xc8\x00\x15\xff\xff\x00\x1b\x00\xc5\x00\x2c\x00\xce"
    b"\x00\x5c\x00\xc4\x00\xa0\x00\xc6\x00\x26\x00\xc9\x01\xba\xff\xff\x00\x32\x00\xcb\x00\x30\x00\x44"
    b"\x01\x5c\xff\xff\x00\x5e\x00\xcc\x00\x46\x00\xc8\x00\x1e\xff\xff\x00\x18\x00\xc5\x00\x2c\x00\xce"
    b"\x00\x5c\x00\xc4\x00\xa0\x00\xc6\x00\x22\x00\xc9\x01\xbe\xff\xff\x00\x32\x00\xcb\x00\x30\x00\x44"
    b"\x01\x64\xff\xff\x00\x56\x00\xcc\x00\x41\x00\xc8\x00\x26\xff\xff\x00\x15\x00\xc5\x00\x2c\x00\xce"
    b"\x00\x5c\x00\xc4\x00\xa0\x00\xc6\x00\x1e\x00\xc9\x01\xc2\xff\xff\x00\x32\x00\xcb\x00\x31\x00\x44"
    b"\x01\x6a\xff\xff\x00\x4f\x00\xcc\x00\x3b\x00\xc8\x00\x2f\xff\xff\x00\x12\x00\xc5\x00\x2c\x00\xce"
    b"\x00\x5c\x00\xc4\x00\xa0\x00\xc6\x00\x1a\x00\xc9\x01\xc6\xff\xff\x00\x32\x00\xcb\x00\x31\x00\x44"
    b"\x01\x72\xff\xff\x00\x47\x00\xcc\x00\x35\x00\xc8\x00\x37\xff\xff\x00\x10\x00\xc5\x00\x2c\x00\xce"
    b"\x00\x5c\x00\xc4\x00\xa0\x00\xc6\x00\x16\x00\xc9\x01\xca\xff\xff\x00\x32\x00\xcb\x00\x31\x00\x44"
    b"\x01\x79\xff\xff\x00\x40\x00\xcc\x00\x30\x00\xc8\x00\x3f\xff\xff\x00\x0d\x00\xc5\x00\x2c\x00\xce"
    b"\x00\x5c\x00\xc4\x00\xa0\x00\xc6\x00\x12\x00\xc9\x02\x01\xff\xff\x00\x31\x00\x44\x01\x80\xff\xff"
    b"\x00\x38\x00\xcc\x00\x2a\x00\xc8\x00\x48\xff\xff\x00\x0a\x00\xc5\x00\x2c\x00\xce\x00\x5c\x00\xc4"
    b"\x00\xa0\x00\xc6\x00\x0e\x00\xc9\x02\x08\xff\xff\x00\x2e\x00\x44\x01\x87\xff\xff\x00\x31\x00\xcc"
    b"\x00\x25\x00\xc8\x00\x50\xff\xff\x00\x07\x00\xc5\x00\x2c\x00\xce\x00\x5c\x00\xc4\x00\xa0\x00\xc6"
    b"\x00\x0a\x00\xc9\x02\x0f\xff\xff\x00\x2c\x00\x44\x01\x8e\xff\xff\x00\x29\x00\xcc\x00\x1f\x00\xc8"
    b"\x00\x59\xff\xff\x00\x04\x00\xc5\x00\x2c\x00\xce\x00\x5c\x00\xc4\x00\xa0\x00\xc6\x00\x06\x00\xc9"
    b"\x02\x14\xff\xff\x00\x02\x00\xca\x00\x29\x00\x44\x01\x95\xff\xff\x00\x22\x00\xcc\x00\x19\x00\xc8"
    b"\x00\x62\xff\xff\x00\x01\x00\xc5\x00\x2c\x00\xce\x00\x5c\x00\xc4\x00\xa0\x00\xc6\x00\x02\x00\xc9"
    b"\x02\x19\xff\xff\x00\x05\x00\xca\x00\x25\x00\x44\x01\x9d\xff\xff\x00\x1a\x00\xcc\x00\x14\x00\xc8"
    b"\x00\x6e\xff\xff\x00\x26\x00\xce\x00\x50\x00\xc4\x02\xc8\xff\xff\x00\x05\x00\xca\x00\x25\x00\x44"
    b"\x01\xa3\xff\xff\x00\x13\x00\xcc\x00\x0e\x00\xc8\x00\x7f\xff\xff\x00\x1b\x00\xce\x00\x39\x00\xc4"
    b"\x02\xe0\xff\xff\x00\x03\x00\xca\x00\x26\x00\x44\x01\xab\xff\xff\x00\x0b\x00\xcc\x00\x08\x00\xc8"
    b"\x00\x90\xff\xff\x00\x10\x00\xce\x00\x22\x00\xc4\x02\xf9\xff\xff\x00\x01\x00\xca\x00\x26\x00\x44"
    b"\x01\xb2\xff\xff\x00\x04\x00\xcc\x00\x03\x00\xc8\x00\xa0\xff\xff\x00\x05\x00\xce\x00\x0b\x00\xc4"
    b"\x03\x11\xff\xff\x00\x06\x00\xa8\x00\x21\x00\x44\x05\x7a\xff\xff\x00\x10\x00\xa8\x00\x16\x00\x44"
    b"\x05\x7b\xff\xff\x00\x19\x00\xa8\x00\x0c\x00\x44\x05\x7c\xff\xff\x00\x16\x00\xa8\x00\x0f\x00\x44"
    b"\x05\x7b\xff\xff\x00\x15\x00\xa8\x00\x0f\x00\x44\x05\x7e\xff\xff\x00\x12\x00\xa8\x00\x0e\x00\x44"
    b"\x05\x85\xff\xff\x00\x0b\x00\xa8\x00\x0e\x00\x44\x05\x8b\xff\xff\x00\x07\x00\xa8\x00\x0b\x00\x44"
    b"\x05\x93\xff\xff\x00\x01\x00\xa8\x00\x0a\x00\x44\x05\x9d\xff\xff\x00\x01\x00\x44\x05\xcb\xff\xff"
    b"\x00\x03\x00\x44\x05\x9c\xff\xff\x00\x09\x00\x44\x05\x95\xff\xff\x00\x0e\x00\x44\x05\x91\xff\xff"
    b"\x00\x0f\x00\x44\x05\x93\xff\xff\x00\x0d\x00\x44\x05\x98\xff\xff\x00\x08\x00\x44\x0b\x80\xff\xff"
    b"\x00\x03\x01\x29\x05\x9c\xff\xff\x00\x04\x01\x29\x05\x9f\xff\xff\x00\x04\x01\x29\x05\x9c\xff\xff"
    b"\x00\x03\x01\x29\x05\x9e\xff\xff\x00\x03\x01\x29\x05\x9d\xff\xff\x00\x03\x01\x29\x0b\x3c\xff\xff"
    b"\x00\x04\x01\x29\x05\x9d\xff\xff\x00\x02\x01\x29\x0b\x3c\xff\xff\x00\x04\x01\x29\x05\x9b\xff\xff"
    b"\x00\x02\x01\x29\x04\xf8\xff\xff\x00\x02\x00\xa8\x00\xa0\xff\xff\x00\x03\x01\x29\x00\x01\xff\xff"
    b"\x00\x03\x01\x29\x04\xf7\xff\xff\x00\x02\x00\xa8\x00\xa2\xff\xff\x00\x03\x01\x29\x04\xff\xff\xff"
    b"\x00\x03\x00\xa8\x00\x9c\xff\xff\x00\x02\x01\x29\x04\xf6\xff\xff\x00\x0d\x00\xa8\x05\x92\xff\xff"
    b"\x00\x0e\x00\xa8\x05\x8e\xff\xff\x00\x13\x00\xa8\x05\x8a\xff\xff\x00\x15\x00\xa8\x00\x05\x00\x44"
    b"\x00\x74\xff\xff\x00\x01\x01\x29\x00\x04\xff\xff\x00\x03\x01\x29\x03\x02\xff\xff\x00\x03\x00\xc7"
    b"\x02\x01\xff\xff\x00\x11\x00\xa8\x00\x14\x00\x44\x00\x6b\xff\xff\x00\x05\x01\x29\x00\x02\xff\xff"
    b"\x00\x02\x01\x29\x03\x04\xff\xff\x00\x03\x00\xc7\x01\xfd\xff\xff\x00\x14\x00\xa8\x00\x14\x00\x44"
    b"\x00\x68\xff\xff\x00\x08\x01\x29\x03\x08\xff\xff\x00\x03\x00\xc7\x01\xfd\xff\xff\x00\x14\x00\xa8"
    b"\x00\x0a\x00\x44\x00\x71\xff\xff\x00\x08\x01\x29\x03\x09\xff\xff\x00\x03\x00\xc7\x01\xfc\xff\xff"
    b"\x00\x15\x00\xa8\x00\x08\x00\x44\x00\x70\xff\xff\x00\x0a\x01\x29\x05\x08\xff\xff\x00\x16\x00\xa8"
    b"\x00\x06\x00\x44\x00\x72\xff\xff\x00\x07\x01\x29\x05\x0a\xff\xff\x00\x17\x00\xa8\x00\x04\x00\x44"
    b"\x00\x65\xff\xff\x00\x03\x01\x29\x05\x1b\xff\xff\x00\x19\x00\xa8\x00\x03\x00\x44\x00\x66\xff\xff"
    b"\x00\x02\x01\x29\x05\x1c\xff\xff\x00\x19\x00\xa8\x00\x03\x00\x44\x05\x83\xff\xff\x00\x1a\x00\xa8"
    b"\x00\x02\x00\x44\x00\x22\xff\xff\x00\x03\x01\x2b\x05\x5f\xff\xff\x00\x1a\x00\xa8\x00\x01\x00\x44"
    b"\x00\x23\xff\xff\x00\x03\x01\x2b\x03\x8e\xff\xff\x00\x03\x01\x7e\x01\xcc\xff\xff\x00\x1c\x00\xa8"
    b"\x00\x02\x00\x3f\x00\x1c\xff\xff\x00\x0b\x01\x2b\x03\x8c\xff\xff\x00\x03\x01\x7e\x01\xcc\xff\xff"
    b"\x00\x18\x00\xa8\x00\x05\x00\x3f\x00\x1b\xff\xff\x00\x0e\x01\x2b\x05\x5a\xff\xff\x00\x0e\x00\xa8"
    b"\x00\x0e\x00\x3f\x00\x1b\xff\xff\x00\x11\x01\x2b\x05\x57\xff\xff\x00\x0e\x00\xa8\x00\x0f\x00\x3f"
    b"\x00\x1b\xff\xff\x00\x11\x01\x2b\x05\x57\xff\xff\x00\x0e\x00\xa8\x00\x0e\x00\x3f\x00\x1d\xff\xff"
    b"\x00\x10\x01\x2b\x05\x57\xff\xff\x00\x0d\x00\xa8\x00\x0f\x00\x3f\x00\x1c\xff\xff\x00\x0e\x01\x2b"
    b"\x03\x81\xff\xff\x00\x01\x01\x7e\x01\xd8\xff\xff\x00\x0e\x00\xa8\x00\x0e\x00\x3f\x00\x1c\xff\xff"
    b"\x00\x04\x01\x2b\x03\x89\xff\xff\x00\x04\x01\x7e\x01\xd7\xff\xff\x00\x0a\x00\xa8\x00\x03\x00\x3f"
    b"\x00\x01\x00\xa8\x00\x0e\x00\x3f\x03\xaa\xff\xff\x00\x04\x01\x7e\x01\xd6\xff\xff\x00\x0a\x00\xa8"
    b"\x00\x14\x00\x3f\x03\xa8\xff\xff\x00\x03\x01\x7e\x01\xd7\xff\xff\x00\x09\x00\xa8\x00\x17\x00\x3f"
    b"\x02\x1f\xff\xff\x00\x01\x01\x77\x00\x01\xff\xff\x00\x05\x01\x77\x03\x59\xff\xff\x00\x0a\x00\xa8"
    b"\x00\x18\x00\x3f\x02\x1d\xff\xff\x00\x0a\x01\x77\x01\xb1\xff\xff\x00\x02\x01\x7e\x01\xa4\xff\xff"
    b"\x00\x0c\x00\xa8\x00\x16\x00\x3f\x02\x1f\xff\xff\x00\x0a\x01\x77\x01\xaf\xff\xff\x00\x03\x01\x7e"
    b"\x01\xa3\xff\xff\x00\x0b\x00\xa8\x00\x18\x00\x3f\x02\x1e\xff\xff\x00\x0a\x01\x77\x03\x55\xff\xff"
    b"\x00\x0b\x00\xa8\x00\x01\x00\x5b\x00\x17\x00\x3f\x02\x1f\xff\xff\x00\x09\x01\x77\x03\x55\xff\xff"
    b"\x00\x09\x00\xa8\x00\x04\x00\x5b\x00\x18\x00\x3f\x02\x1d\xff\xff\x00\x08\x01\x77\x03\x56\xff\xff"
    b"\x00\x04\x00\x5b\x00\x01\x00\xa8\x00\x09\x00\x5b\x00\x18\x00\x3f\x02\x1b\xff\xff\x00\x06\x01\x77"
    b"\x03\x59\xff\xff\x00\x0f\x00\x5b\x00\x19\x00\x3f\x02\x1a\xff\xff\x00\x02\x01\x77\x03\x5c\xff\xff"
    b"\x00\x0f\x00\x5b\x00\x1b\x00\x3f\x03\x9f\xff\xff\x00\x03\x01\x7e\x01\xd5\xff\xff\x00\x0d\x00\x5b"
    b"\x00\x1c\x00\x3f\x03\xa0\xff\xff\x00\x01\x01\x7e\x00\x30\xff\xff\x00\x02\x01\x7e\x01\xa4\xff\xff"
    b"\x00\x0e\x00\x5b\x00\x1b\x00\x3f\x03\xa4\xff\xff\x00\x02\x01\x7e\x00\x2b\xff\xff\x00\x02\x01\x7e"
    b"\x01\xa4\xff\xff\x00\x0e\x00\x5b\x00\x1b\x00\x3f\x03\xa2\xff\xff\x00\x05\x01\x7e\x01\xd0\xff\xff"
    b"\x00\x10\x00\x5b\x00\x19\x00\x3f\x01\x9c\xff\xff\x00\x02\x00\x18\x02\x04\xff\xff\x00\x06\x01\x7e"
    b"\x01\xce\xff\xff\x00\x10\x00\x5b\x00\x1a\x00\x3f\x01\x9b\xff\xff\x00\x04\x00\x18\x02\x04\xff\xff"
    b"\x00\x06\x01\x7e\x01\xcd\xff\xff\x00\x11\x00\x5b\x00\x19\x00\x3f\x01\x9c\xff\xff\x00\x03\x00\x18"
    b"\x00\x30\xff\xff\x00\x01\x01\x77\x00\x04\xff\xff\x00\x04\x01\x77\x01\xc8\xff\xff\x00\x0e\x01\x7e"
    b"\x01\xc9\xff\xff\x00\x10\x00\x5b\x00\x19\x00\x3f\x01\xce\xff\xff\x00\x03\x01\x77\x00\x02\xff\xff"
    b"\x00\x05\x01\x77\x01\xc8\xff\xff\x00\x0f\x01\x7e\x01\xc9\xff\xff\x00\x0e\x00\x5b\x00\x1b\x00\x3f"
    b"\x01\xcd\xff\xff\x00\x02\x01\x77\x01\xcf\xff\xff\x00\x11\x01\x7e\x01\xc8\xff\xff\x00\x0f\x00\x5b"
    b"\x00\x1a\x00\x3a\x01\xcd\xff\xff\x00\x03\x01\x77\x01\xce\xff\xff\x00\x13\x01\x7e\x01\xc7\xff\xff"
    b"\x00\x0e\x00\x5b\x00\x1a\x00\x3a\x03\x9e\xff\xff\x00\x13\x01\x7e\x01\xc7\xff\xff\x00\x0f\x00\x5b"
    b"\x00\x19\x00\x3a\x03\x9f\xff\xff\x00\x13\x01\x7e\x01\xc5\xff\xff\x00\x10\x00\x5b\x00\x1a\x00\x3a"
    b"\x03\x9f\xff\xff\x00\x12\x01\x7e\x01\xc5\xff\xff\x00\x0e\x00\x5b\x00\x1b\x00\x3a\x03\xa1\xff\xff"
    b"\x00\x12\x01\x7e\x01\xc5\xff\xff\x00\x10\x00\x5b\x00\x19\x00\x3a\x03\xa1\xff\xff\x00\x11\x01\x7e"
    b"\x00\x2f\xff\xff\x00\x05\x01\x80\x01\x92\xff\xff\x00\x0d\x00\x5b\x00\x1c\x00\x3a\x03\xa1\xff\xff"
    b"\x00\x10\x01\x7e\x00\x2e\xff\xff\x00\x05\x01\x80\x01\x93\xff\xff\x00\x0d\x00\x5b\x00\x1b\x00\x3a"
    b"\x03\xa3\xff\xff\x00\x12\x01\x7e\x00\x2a\xff\xff\x00\x07\x01\x80\x01\x91\xff\xff\x00\x0c\x00\x5b"
    b"\x00\x02\x00\xaf\x00\x1b\x00\x3a\x03\x4d\xff\xff\x00\x01\x01\x31\x00\x01\xff\xff\x00\x02\x01\x31"
    b"\x00\x54\xff\xff\x00\x14\x01\x7e\x00\x26\xff\xff\x00\x05\x01\x80\x01\x93\xff\xff\x00\x04\x00\xaf"
    b"\x00\x02\x00\x5b\x00\x09\x00\xaf\x00\x1a\x00\x3a\x03\x4b\xff\xff\x00\x08\x01\x31\x00\x55\xff\xff"
    b"\x00\x11\x01\x7e\x00\x26\xff\xff\x00\x02\x01\x80\x01\x97\xff\xff\x00\x0c\x00\xaf\x00\x1d\x00\x3a"
    b"\x03\x49\xff\xff\x00\x0b\x01\x31\x00\x55\xff\xff\x00\x0e\x01\x7e\x01\xc1\xff\xff\x00\x0b\x00\xaf"
    b"\x00\x20\x00\x3a\x03\x45\xff\xff\x00\x0c\x01\x31\x00\x57\xff\xff\x00\x0e\x01\x7e\x01\xbf\xff\xff"
    b"\x00\x0b\x00\xaf\x00\x22\x00\x3a\x03\x43\xff\xff\x00\x0d\x01\x31\x00\x57\xff\xff\x00\x0d\x01\x7e"
    b"\x01\xc0\xff\xff\x00\x0a\x00\xaf\x00\x23\x00\x3a\x03\x41\xff\xff\x00\x0e\x01\x31\x00\x59\xff\xff"
    b"\x00\x0c\x01\x7e\x01\xbf\xff\xff\x00\x09\x00\xaf\x00\x24\x00\x3a\x03\x41\xff\xff\x00\x0e\x01\x31"
    b"\x00\x5a\xff\xff\x00\x0c\x01\x7e\x01\xbe\xff\xff\x00\x0b\x00\xaf\x00\x21\x00\x3a\x03\x42\xff\xff"
    b"\x00\x0f\x01\x31\x00\x59\xff\xff\x00\x0d\x01\x7e\x01\xbe\xff\xff\x00\x0a\x00\xaf\x00\x22\x00\x40"
    b"\x03\x40\xff\xff\x00\x0f\x01\x31\x00\x5b\xff\xff\x00\x0d\x01\x7e\x01\xbd\xff\xff\x00\x0a\x00\xaf"
    b"\x00\x23\x00\x40\x03\x3e\xff\xff\x00\x10\x01\x31\x00\x5b\xff\xff\x00\x0d\x01\x7e\x00\x01\xff\xff"
    b"\x00\x04\x01\x7e\x01\xb9\xff\xff\x00\x08\x00\xaf\x00\x24\x00\x40\x03\x3e\xff\xff\x00\x10\x01\x31"
    b"\x00\x5d\xff\xff\x00\x12\x01\x7e\x01\xb6\xff\xff\x00\x0a\x00\xaf\x00\x24\x00\x40\x00\x01\x00\x39"
    b"\x03\x3c\xff\xff\x00\x10\x01\x31\x00\x5d\xff\xff\x00\x12\x01\x7e\x01\xb6\xff\xff\x00\x09\x00\xaf"
    b"\x00\x24\x00\x40\x00\x04\x00\x39\x03\x39\xff\xff\x00\x07\x01\x31\x00\x02\xff\xff\x00\x08\x01\x31"
    b"\x00\x5d\xff\xff\x00\x13\x01\x7e\x01\xb6\xff\xff\x00\x09\x00\xaf\x00\x21\x00\x40\x00\x07\x00\x39"
    b"\x03\x38\xff\xff\x00\x05\x01\x31\x00\x08\xff\xff\x00\x04\x01\x31\x00\x5e\xff\xff\x00\x05\x01\x7e"
    b"\x00\x02\xff\xff\x00\x02\x01\x7e\x00\x02\xff\xff\x00\x08\x01\x7e\x01\xb5\xff\xff\x00\x09\x00\xaf"
    b"\x00\x21\x00\x40\x00\x07\x00\x39\x00\xce\xff\xff\x00\x03\x01\x2a\x02\x66\xff\xff\x00\x05\x01\x31"
    b"\x00\x09\xff\xff\x00\x05\x01\x31\x00\x5f\xff\xff\x00\x03\x01\x7e\x00\x07\xff\xff\x00\x08\x01\x7e"
    b"\x01\xb4\xff\xff\x00\x09\x00\xaf\x00\x21\x00\x40\x00\x07\x00\x39\x00\xce\xff\xff\x00\x02\x01\x2a"
    b"\x02\x65\xff\xff\x00\x04\x01\x31\x00\x0c\xff\xff\x00\x05\x01\x31\x00\x68\xff\xff\x00\x0a\x01\x7e"
    b"\x01\xb3\xff\xff\x00\x09\x00\xaf\x00\x21\x00\x40\x00\x07\x00\x39\x03\x35\xff\xff\x00\x04\x01\x31"
    b"\x00\x0a\xff\xff\x00\x06\x01\x31\x00\x67\xff\xff\x00\x0c\x01\x7e\x01\xb4\xff\xff\x00\x08\x00\xaf"
    b"\x00\x21\x00\x40\x00\x07\x00\x39\x03\x35\xff\xff\x00\x03\x01\x31\x00\x09\xff\xff\x00\x07\x01\x31"
    b"\x00\x66\xff\xff\x00\x0e\x01\x7e\x01\xb5\xff\xff\x00\x08\x00\xaf\x00\x20\x00\x40\x00\x08\x00\x39"
    b"\x03\x35\xff\xff\x00\x01\x01\x31\x00\x09\xff\xff\x00\x06\x01\x31\x00\x67\xff\xff\x00\x0f\x01\x7e"
    b"\x00\x01\xff\xff\x00\x03\x01\x7e\x01\xb1\xff\xff\x00\x08\x00\xaf\x00\x20\x00\x40\x00\x0c\x00\x39"
    b"\x03\x3a\xff\xff\x00\x05\x01\x34\x00\x69\xff\xff\x00\x13\x01\x7e\x01\xb0\xff\xff\x00\x0a\x00\xaf"
    b"\x00\x1f\x00\x40\x00\x12\x00\x39\x02\x21\xff\xff\x00\x02\x01\x77\x01\x05\xff\xff\x00\x04\x01\x34"
    b"\x00\x06\xff\xff\x00\x06\x01\x34\x00\x6c\xff\xff\x00\x11\x01\x7e\x01\xaf\xff\xff\x00\x0d\x00\xaf"
    b"\x00\x1d\x00\x40\x00\x16\x00\x39\x02\x1d\xff\xff\x00\x02\x01\x77\x01\x03\xff\xff\x00\x07\x01\x34"
    b"\x00\x02\xff\xff\x00\x0a\x01\x34\x00\x6c\xff\xff\x00\x11\x01\x7e\x01\xad\xff\xff\x00\x0d\x00\xaf"
    b"\x00\x1e\x00\x40\x00\x18\x00\x39\x03\x1a\xff\xff\x00\x1a\x01\x34\x00\x6c\xff\xff\x00\x10\x01\x7e"
    b"\x01\xae\xff\xff\x00\x0c\x00\xaf\x00\x1e\x00\x40\x00\x19\x00\x39\x03\x16\xff\xff\x00\x03\x01\x2c"
    b"\x00\x1c\x01\x34\x00\x6a\xff\xff\x00\x11\x01\x7e\x01\xae\xff\xff\x00\x0a\x00\xaf\x00\x1f\x00\x40"
    b"\x00\x19\x00\x39\x02\x1a\xff\xff\x00\x02\x01\x77\x00\xf9\xff\xff\x00\x04\x01\x2c\x00\x23\x01\x34"
    b"\x00\x62\xff\xff\x00\x12\x01\x7e\x01\xad\xff\xff\x00\x0b\x00\xaf\x00\x1f\x00\x40\x00\x1a\x00\x39"
    b"\x02\x1a\xff\xff\x00\x01\x01\x77\x00\xf8\xff\xff\x00\x05\x01\x2c\x00\x25\x01\x34\x00\x61\xff\xff"
    b"\x00\x11\x01\x7e\x01\xad\xff\xff\x00\x0b\x00\xaf\x00\x09\x00\x40\x00\x03\x00\x3e\x00\x13\x00\x40"
    b"\x00\x1b\x00\x39\x00\xaf\xff\xff\x00\x03\x01\x2a\x02\x5f\xff\xff\x00\x06\x01\x2c\x00\x23\x01\x34"
    b"\x00\x02\x01\x36\x00\x61\xff\xff\x00\x08\x01\x7e\x00\x02\xff\xff\x00\x02\x01\x7e\x00\x01\xff\xff"
    b"\x00\x03\x01\x7e\x01\xae\xff\xff\x00\x0c\x00\xaf\x00\x05\x00\x40\x00\x06\x00\x3e\x00\x13\x00\x40"
    b"\x00\x1c\x00\x39\x00\xaf\xff\xff\x00\x03\x01\x2a\x02\x5e\xff\xff\x00\x06\x01\x2c\x00\x20\x01\x34"
    b"\x00\x05\x01\x36\x00\x60\xff\xff\x00\x09\x01\x7e\x01\xb7\xff\xff\x00\x0a\x00\xaf\x00\x06\x00\x40"
    b"\x00\x06\x00\x3e\x00\x13\x00\x40\x00\x1c\x00\x39\x00\xb0\xff\xff\x00\x01\x01\x2a\x02\x5e\xff\xff"
    b"\x00\x07\x01\x2c\x00\x1e\x01\x34\x00\x07\x01\x36\x00\x60\xff\xff\x00\x08\x01\x7e\x01\xb9\xff\xff"
    b"\x00\x0a\x00\xaf\x00\x04\x00\x40\x00\x07\x00\x3e\x00\x13\x00\x40\x00\x1c\x00\x39\x03\x10\xff\xff"
    b"\x00\x06\x01\x2c\x00\x1d\x01\x34\x00\x08\x01\x36\x00\x5f\xff\xff\x00\x09\x01\x7e\x01\xba\xff\xff"
    b"\x00\x0a\x00\xaf\x00\x02\x00\x40\x00\x08\x00\x3e\x00\x13\x00\x40\x00\x1c\x00\x39\x03\x06\xff\xff"
    b"\x00\x02\x01\x2c\x00\x08\xff\xff\x00\x06\x01\x2c\x00\x1c\x01\x34\x00\x0a\x01\x36\x00\x5d\xff\xff"
    b"\x00\x09\x01\x7e\x01\xbc\xff\xff\x00\x0a\x00\xaf\x00\x09\x00\x3e\x00\x13\x00\x40\x00\x1d\x00\x39"
    b"\x03\x03\xff\xff\x00\x05\x01\x2c\x00\x06\xff\xff\x00\x07\x01\x2c\x00\x1c\x01\x34\x00\x0a\x01\x36"
    b"\x00\x5c\xff\xff\x00\x09\x01\x7e\x01\xbd\xff\xff\x00\x0a\x00\xaf\x00\x10\x00\x3e\x00\x06\x00\x42"
    b"\x00\x06\x00\x40\x00\x1f\x00\x39\x03\x00\xff\xff\x00\x09\x01\x2c\x00\x02\xff\xff\x00\x08\x01\x2c"
    b"\x00\x0e\x01\x34\x00\x02\x01\x36\x00\x03\x01\x34\x00\x13\x01\x36\x00\x5b\xff\xff\x00\x09\x01\x7e"
    b"\x01\xbe\xff\xff\x00\x0a\x00\xaf\x00\x10\x00\x3e\x00\x06\x00\x42\x00\x06\x00\x40\x00\x1e\x00\x39"
    b"\x00\x02\x00\x96\x02\xfe\xff\xff\x00\x14\x01\x2c\x00\x0c\x01\x34\x00\x1b\x01\x36\x00\x5a\xff\xff"
    b"\x00\x07\x01\x7e\x01\xc1\xff\xff\x00\x09\x00\xaf\x00\x10\x00\x3e\x00\x06\x00\x42\x00\x06\x00\x40"
    b"\x00\x1d\x00\x39\x00\x04\x00\x96\x02\xb4\xff\xff\x00\x01\x01\x35\x00\x47\xff\xff\x00\x15\x01\x2c"
    b"\x00\x0a\x01\x34\x00\x1d\x01\x36\x00\x59\xff\xff\x00\x08\x01\x7e\x01\xc2\xff\xff\x00\x09\x00\xaf"
    b"\x00\x0f\x00\x3e\x00\x06\x00\x42\x00\x06\x00\x40\x00\x1a\x00\x39\x00\x09\x00\x96\x02\xab\xff\xff"
    b"\x00\x0a\x01\x35\x00\x44\xff\xff\x00\x16\x01\x2c\x00\x09\x01\x34\x00\x1f\x01\x36\x00\x57\xff\xff"
    b"\x00\x07\x01\x7e\x01\xc4\xff\xff\x00\x09\x00\xaf\x00\x0f\x00\x3e\x00\x06\x00\x42\x00\x06\x00\x3b"
    b"\x00\x19\x00\x39\x00\x0c\x00\x96\x01\x26\xff\xff\x00\x05\x00\x18\x01\x7d\xff\xff\x00\x0c\x01\x35"
    b"\x00\x3f\xff\xff\x00\x1a\x01\x2c\x00\x09\x01\x34\x00\x1f\x01\x36\x00\x57\xff\xff\x00\x06\x01\x7e"
    b"\x01\xc6\xff\xff\x00\x08\x00\xaf\x00\x0e\x00\x3e\x00\x07\x00\x42\x00\x06\x00\x3b\x00\x16\x00\x39"
    b"\x00\x11\x00\x96\x01\x22\xff\xff\x00\x0b\x00\x18\x01\x78\xff\xff\x00\x10\x01\x35\x00\x09\xff\xff"
    b"\x00\x02\x01\x35\x00\x31\xff\xff\x00\x1a\x01\x2c\x00\x06\x01\x34\x00\x23\x01\x36\x00\x55\xff\xff"
    b"\x00\x04\x01\x7e\x01\xc9\xff\xff\x00\x09\x00\xaf\x00\x0d\x00\x3e\x00\x07\x00\x42\x00\x0d\x00\x3b"
    b"\x00\x0f\x00\x39\x00\x12\x00\x96\x01\x1f\xff\xff\x00\x10\x00\x18\x00\x08\xff\xff\x00\x03\x00\x18"
    b"\x01\x67\xff\xff\x00\x14\x01\x35\x00\x07\xff\xff\x00\x05\x01\x35\x00\x02\xff\xff\x00\x02\x01\x35"
    b"\x00\x2d\xff\xff\x00\x18\x01\x2c\x00\x05\x01\x34\x00\x24\x01\x36\x00\x53\xff\xff\x00\x01\x01\x7e"
    b"\x00\x01\xff\xff\x00\x03\x01\x7e\x01\xca\xff\xff\x00\x0a\x00\xaf\x00\x0c\x00\x3e\x00\x07\x00\x42"
    b"\x00\x0e\x00\x3b\x00\x0d\x00\x39\x00\x14\x00\x96\x01\x1d\xff\xff\x00\x20\x00\x18\x01\x63\xff\xff"
    b"\x00\x19\x01\x35\x00\x01\xff\xff\x00\x0c\x01\x35\x00\x27\xff\xff\x00\x02\x01\x2c\x00\x02\xff\xff"
    b"\x00\x18\x01\x2c\x00\x02\x01\x34\x00\x28\x01\x36\x00\x51\xff\xff\x00\x03\x01\x7e\x01\xaa\xff\xff"
    b"\x00\x02\x00\xaf\x00\x06\xff\xff\x00\x01\x00\xaf\x00\x1b\xff\xff\x00\x09\x00\xaf\x00\x0c\x00\x3e"
    b"\x00\x07\x00\x42\x00\x0f\x00\x3b\x00\x09\x00\x39\x00\x02\x00\x3b\x00\x15\x00\x96\x01\x1d\xff\xff"
    b"\x00\x23\x00\x18\x01\x60\xff\xff\x00\x27\x01\x35\x00\x26\xff\xff\x00\x1c\x01\x2c\x00\x2a\x01\x36"
    b"\x01\xfe\xff\xff\x00\x02\x00\xaf\x00\x05\xff\xff\x00\x03\x00\xaf\x00\x1a\xff\xff\x00\x08\x00\xaf"
    b"\x00\x0c\x00\x3e\x00\x07\x00\x42\x00\x11\x00\x3b\x00\x01\x00\x39\x00\x01\x00\x3b\x00\x03\x00\x39"
    b"\x00\x05\x00\x3b\x00\x14\x00\x96\x00\x03\x00\xb1\x01\x1b\xff\xff\x00\x25\x00\x18\x01\x5e\xff\xff"
    b"\x00\x27\x01\x35\x00\x26\xff\xff\x00\x1c\x01\x2c\x00\x2a\x01\x36\x02\x22\xff\xff\x00\x09\x00\xaf"
    b"\x00\x0a\x00\x3e\x00\x08\x00\x42\x00\x14\x00\x3b\x00\x01\x00\x39\x00\x06\x00\x3b\x00\x14\x00\x96"
    b"\x00\x04\x00\xb1\x01\x19\xff\xff\x00\x28\x00\x18\x01\x5c\xff\xff\x00\x26\x01\x35\x00\x28\xff\xff"
    b"\x00\x1b\x01\x2c\x00\x2b\x01\x36\x02\x21\xff\xff\x00\x08\x00\xaf\x00\x0b\x00\x3e\x00\x09\x00\x42"
    b"\x00\x1b\x00\x3b\x00\x13\x00\x96\x00\x05\x00\xb1\x01\x18\xff\xff\x00\x2a\x00\x18\x01\x5d\xff\xff"
    b"\x00\x24\x01\x35\x00\x26\xff\xff\x00\x1c\x01\x2c\x00\x2c\x01\x36\x02\x21\xff\xff\x00\x07\x00\xaf"
    b"\x00\x0b\x00\x3e\x00\x09\x00\x42\x00\x1c\x00\x3b\x00\x13\x00\x96\x00\x04\x00\xb1\x01\x17\xff\xff"
    b"\x00\x2c\x00\x18\x01\x5c\xff\xff\x00\x27\x01\x35\x00\x22\xff\xff\x00\x1d\x01\x2c\x00\x2e\x01\x36"
    b"\x02\x1f\xff\xff\x00\x06\x00\xaf\x00\x0c\x00\x3e\x00\x09\x00\x42\x00\x1b\x00\x3b\x00\x14\x00\x96"
    b"\x00\x04\x00\xb1\x01\x18\xff\xff\x00\x2c\x00\x18\x01\x5b\xff\xff\x00\x28\x01\x35\x00\x01\x01\x30"
    b"\x00\x1d\xff\xff\x00\x20\x01\x2c\x00\x2f\x01\x36\x02\x1e\xff\xff\x00\x06\x00\xaf\x00\x02\x00\x41"
    b"\x00\x0a\x00\x3e\x00\x09\x00\x42\x00\x1b\x00\x3b\x00\x12\x00\x96\x00\x07\x00\xb1\x01\x18\xff\xff"
    b"\x00\x2c\x00\x18\x01\x5a\xff\xff\x00\x28\x01\x35\x00\x09\x01\x30\x00\x15\xff\xff\x00\x20\x01\x2c"
    b"\x00\x2f\x01\x36\x02\x1e\xff\xff\x00\x06\x00\xaf\x00\x03\x00\x41\x00\x02\x00\x3e\x00\x03\x00\x41"
    b"\x00\x01\x00\x3e\x00\x02\x00\x41\x00\x09\x00\x42\x00\x1c\x00\x3b\x00\x12\x00\x96\x00\x08\x00\xb1"
    b"\x01\x17\xff\xff\x00\x2d\x00\x18\x01\x58\xff\xff\x00\x29\x01\x35\x00\x0c\x01\x30\x00\x0d\xff\xff"
    b"\x00\x25\x01\x2c\x00\x04\x01\x2e\x00\x2b\x01\x36\x02\x1e\xff\xff\x00\x05\x00\xaf\x00\x0c\x00\x41"
    b"\x00\x02\x00\x42\x00\x01\x00\x41\x00\x04\x00\x3d\x00\x1e\x00\x3b\x00\x10\x00\x96\x00\x0c\x00\xb1"
    b"\x01\x15\xff\xff\x00\x2e\x00\x18\x01\x57\xff\xff\x00\x29\x01\x35\x00\x0e\x01\x30\x00\x0a\xff\xff"
    b"\x00\x26\x01\x2c\x00\x04\x01\x2e\x00\x2c\x01\x36\x00\x18\xff\xff\x00\x02\x01\x33\x02\x03\xff\xff"
    b"\x00\x05\x00\xaf\x00\x0e\x00\x41\x00\x05\x00\x3d\x00\x1f\x00\x3b\x00\x0e\x00\x96\x00\x0e\x00\xb1"
    b"\x01\x13\xff\xff\x00\x31\x00\x18\x01\x56\xff\xff\x00\x28\x01\x35\x00\x0e\x01\x30\x00\x30\x01\x2c"
    b"\x00\x04\x01\x2e\x00\x2c\x01\x36\x00\x17\xff\xff\x00\x03\x01\x33\x00\x56\xff\xff\x00\x02\x01\x7e"
    b"\x01\xab\xff\xff\x00\x05\x00\xaf\x00\x0e\x00\x41\x00\x05\x00\x3d\x00\x1f\x00\x3b\x00\x0c\x00\x96"
    b"\x00\x11\x00\xb1\x01\x12\xff\xff\x00\x32\x00\x18\x01\x54\xff\xff\x00\x29\x01\x35\x00\x0e\x01\x30"
    b"\x00\x30\x01\x2c\x00\x31\x01\x36\x00\x16\xff\xff\x00\x02\x01\x33\x02\x03\xff\xff\x00\x07\x00\xaf"
    b"\x00\x0d\x00\x41\x00\x05\x00\x3d\x00\x1f\x00\x3b\x00\x0b\x00\x96\x00\x13\x00\xb1\x01\x10\xff\xff"
    b"\x00\x34\x00\x18\x01\x52\xff\xff\x00\x38\x01\x35\x00\x30\x01\x2c\x00\x31\x01\x36\x02\x1b\xff\xff"
    b"\x00\x07\x00\xaf\x00\x0d\x00\x41\x00\x05\x00\x3d\x00\x20\x00\x3b\x00\x07\x00\x96\x00\x01\x00\xb1"
    b"\x00\x01\x00\x96\x00\x15\x00\xb1\x01\x0e\xff\xff\x00\x36\x00\x18\x01\x51\xff\xff\x00\x38\x01\x35"
    b"\x00\x30\x01\x2c\x00\x31\x01\x36\x00\x70\xff\xff\x00\x02\x01\x7e\x01\xa9\xff\xff\x00\x07\x00\xaf"
    b"\x00\x0c\x00\x41\x00\x07\x00\x3d\x00\x1f\x00\x3b\x00\x06\x00\x96\x00\x18\x00\xb1\x01\x0e\xff\xff"
    b"\x00\x36\x00\x18\x01\x50\xff\xff\x00\x39\x01\x35\x00\x30\x01\x2c\x00\x31\x01\x36\x00\x70\xff\xff"
    b"\x00\x02\x01\x7e\x01\xa9\xff\xff\x00\x07\x00\xaf\x00\x0b\x00\x41\x00\x08\x00\x3d\x00\x1f\x00\x3b"
    b"\x00\x05\x00\x96\x00\x1a\x00\xb1\x01\x0c\xff\xff\x00\x2a\x00\x18\x00\x03\x00\x26\x00\x0b\x00\x18"
    b"\x01\x4f\xff\xff\x00\x39\x01\x35\x00\x30\x01\x2c\x00\x32\x01\x36\x00\x6f\xff\xff\x00\x02\x01\x7e"
    b"\x01\xaa\xff\xff\x00\x08\x00\xaf\x00\x08\x00\x41\x00\x09\x00\x3d\x00\x20\x00\x3b\x00\x02\x00\xb1"
    b"\x00\x01\x00\x96\x00\x1b\x00\xb1\x01\x0c\xff\xff\x00\x29\x00\x18\x00\x06\x00\x26\x00\x0a\x00\x18"
    b"\x01\x4e\xff\xff\x00\x39\x01\x35\x00\x30\x01\x2c\x00\x32\x01\x36\x02\x1c\xff\xff\x00\x06\x00\xaf"
    b"\x00\x07\x00\x41\x00\x0b\x00\x3d\x00\x02\x00\x3a\x00\x1f\x00\x3b\x00\x1e\x00\xb1\x01\x0a\xff\xff"
    b"\x00\x2a\x00\x18\x00\x08\x00\x26\x00\x08\x00\x18\x01\x4e\xff\xff\x00\x39\x01\x35\x00\x30\x01\x2c"
    b"\x00\x32\x01\x36\x02\x1b\xff\xff\x00\x07\x00\xaf\x00\x04\x00\x41\x00\x0d\x00\x3d\x00\x03\x00\x3a"
    b"\x00\x20\x00\x3b\x00\x1d\x00\xb1\x01\x0a\xff\xff\x00\x29\x00\x18\x00\x09\x00\x26\x00\x09\x00\x18"
    b"\x01\x4d\xff\xff\x00\x39\x01\x35\x00\x30\x01\x2c\x00\x32\x01\x36\x00\x71\xff\xff\x00\x02\x01\x7e"
    b"\x01\xa8\xff\xff\x00\x07\x00\xaf\x00\x04\x00\x41\x00\x0d\x00\x3d\x00\x04\x00\x3a\x00\x20\x00\x3b"
    b"\x00\x1d\x00\xb1\x01\x09\xff\xff\x00\x2b\x00\x18\x00\x08\x00\x26\x00\x09\x00\x18\x01\x4b\xff\xff"
    b"\x00\x3a\x01\x35\x00\x30\x01\x2c\x00\x32\x01\x36\x00\x71\xff\xff\x00\x02\x01\x7e\x01\xa8\xff\xff"
    b"\x00\x08\x00\xaf\x00\x03\x00\x41\x00\x0c\x00\x3d\x00\x05\x00\x3a\x00\x21\x00\x3b\x00\x1d\x00\xb1"
    b"\x01\x07\xff\xff\x00\x2d\x00\x18\x00\x06\x00\x26\x00\x0b\x00\x18\x01\x47\xff\xff\x00\x02\x01\x35"
    b"\x00\x01\xff\xff\x00\x3a\x01\x35\x00\x30\x01\x2c\x00\x29\x01\x36\x00\x01\x01\x2d\x00\x09\x01\x36"
    b"\x00\x38\xff\xff\x00\x02\x01\x95\x01\xe0\xff\xff\x00\x08\x00\xaf\x00\x03\x00\x41\x00\x0b\x00\x3d"
    b"\x00\x05\x00\x3a\x00\x23\x00\x3b\x00\x1d\x00\xb1\x01\x05\xff\xff\x00\x07\x00\x18\x00\x02\x00\x33"
    b"\x00\x02\x00\x18\x00\x01\x00\x33\x00\x23\x00\x18\x00\x04\x00\x26\x00\x0d\x00\x18\x01\x45\xff\xff"
    b"\x00\x3e\x01\x35\x00\x30\x01\x2c\x00\x20\x01\x2d\x00\x09\x01\x36\x00\x03\x01\x2d\x00\x07\x01\x36"
    b"\x00\x38\xff\xff\x00\x02\x01\x95\x01\xe1\xff\xff\x00\x07\x00\xaf\x00\x02\x00\x41\x00\x0b\x00\x3d"
    b"\x00\x05\x00\x3a\x00\x25\x00\x3b\x00\x1e\x00\xb1\x01\x02\xff\xff\x00\x02\x00\x33\x00\x04\x00\x18"
    b"\x00\x08\x00\x33\x00\x24\x00\x18\x00\x01\x00\x26\x00\x0f\x00\x18\x01\x44\xff\xff\x00\x3e\x01\x35"
    b"\x00\x30\x01\x2c\x00\x22\x01\x2d\x00\x04\x01\x36\x00\x06\x01\x2d\x00\x07\x01\x36\x02\x1b\xff\xff"
    b"\x00\x08\x00\xaf\x00\x08\x00\x3d\x00\x01\x00\x3a\x00\x03\x00\x3d\x00\x06\x00\x3a\x00\x24\x00\x3b"
    b"\x00\x1f\x00\xb1\x01\x00\xff\xff\x00\x04\x00\x33\x00\x03\x00\x18\x00\x0a\x00\x33\x00\x33\x00\x18"
    b"\x01\x42\xff\xff\x00\x03\x01\x35\x00\x01\xff\xff\x00\x3b\x01\x35\x00\x30\x01\x2c\x00\x2d\x01\x2d"
    b"\x00\x06\x01\x36\x02\x1b\xff\xff\x00\x09\x00\xaf\x00\x04\x00\x3d\x00\x0c\x00\x3a\x00\x27\x00\x3b"
    b"\x00\x1d\x00\xb1\x00\xff\xff\xff\x00\x06\x00\x33\x00\x01\x00\x18\x00\x0b\x00\x33\x00\x33\x00\x18"
    b"\x01\x43\xff\xff\x00\x01\x01\x35\x00\x01\xff\xff\x00\x3c\x01\x35\x00\x30\x01\x2c\x00\x33\x01\x2d"
    b"\x00\xfa\xff\xff\x00\x02\x01\x9e\x01\x20\xff\xff\x00\x08\x00\xaf\x00\x03\x00\x3d\x00\x0b\x00\x3a"
    b"\x00\x01\x00\x43\x00\x01\x00\x3a\x00\x01\x00\x43\x00\x28\x00\x3b\x00\x1b\x00\xb1\x00\xfe\xff\xff"
    b"\x00\x13\x00\x33\x00\x33\x00\x18\x01\x45\xff\xff\x00\x3c\x01\x35\x00\x30\x01\x2c\x00\x33\x01\x2d"
    b"\x00\xf7\xff\xff\x00\x02\x01\x9e\x01\x23\xff\xff\x00\x09\x00\xaf\x00\x0c\x00\x3a\x00\x04\x00\x43"
    b"\x00\x29\x00\x3b\x00\x1a\x00\xb1\x00\xfe\xff\xff\x00\x13\x00\x33\x00\x34\x00\x18\x01\x44\xff\xff"
    b"\x00\x3c\x01\x35\x00\x30\x01\x2c\x00\x33\x01\x2d\x00\xf7\xff\xff\x00\x01\x01\x9e\x00\x8b\xff\xff"
    b"\x00\x01\x01\x82\x00\x98\xff\xff\x00\x09\x00\xaf\x00\x0c\x00\x3a\x00\x04\x00\x43\x00\x1d\x00\x3b"
    b"\x00\x06\x00\x46\x00\x08\x00\x3b\x00\x19\x00\xb1\x00\xfc\xff\xff\x00\x14\x00\x33\x00\x34\x00\x18"
    b"\x01\x43\xff\xff\x00\x3d\x01\x35\x00\x30\x01\x2c\x00\x33\x01\x2d\x01\x82\xff\xff\x00\x03\x01\x82"
    b"\x00\x97\xff\xff\x00\x0b\x00\xaf\x00\x0a\x00\x3a\x00\x05\x00\x43\x00\x18\x00\x3b\x00\x0d\x00\x46"
    b"\x00\x07\x00\x3b\x00\x16\x00\xb1\x00\xfd\xff\xff\x00\x14\x00\x33\x00\x2c\x00\x18\x00\x04\x00\x27"
    b"\x00\x04\x00\x18\x01\x43\xff\xff\x00\x3d\x01\x35\x00\x30\x01\x2c\x00\x33\x01\x2d\x01\x83\xff\xff"
    b"\x00\x01\x01\x82\x00\x99\xff\xff\x00\x0b\x00\xaf\x00\x09\x00\x3a\x00\x05\x00\x43\x00\x19\x00\x3b"
    b"\x00\x0d\x00\x46\x00\x06\x00\x3b\x00\x16\x00\xb1\x00\xfd\xff\xff\x00\x14\x00\x33\x00\x2c\x00\x18"
    b"\x00\x04\x00\x27\x00\x04\x00\x18\x01\x42\xff\xff\x00\x3e\x01\x35\x00\x30\x01\x2c\x00\x33\x01\x2d"
    b"\x01\x93\xff\xff\x00\x01\x01\x82\x00\x89\xff\xff\x00\x0a\x00\xaf\x00\x0a\x00\x3a\x00\x06\x00\x43"
    b"\x00\x19\x00\x3b\x00\x0e\x00\x46\x00\x04\x00\x3b\x00\x16\x00\xb1\x00\xfc\xff\xff\x00\x15\x00\x33"
    b"\x00\x03\x00\x18\x00\x05\x00\x16\x00\x23\x00\x18\x00\x06\x00\x27\x00\x04\x00\x25\x01\x40\xff\xff"
    b"\x00\x3f\x01\x35\x00\x30\x01\x2c\x00\x31\x01\x2d\x01\x95\xff\xff\x00\x01\x01\x82\x00\x64\xff\xff"
    b"\x00\x02\x00\xaf\x00\x23\xff\xff\x00\x0a\x00\xaf\x00\x08\x00\x3a\x00\x01\x00\x40\x00\x01\x00\x3a"
    b"\x00\x06\x00\x43\x00\x19\x00\x3b\x00\x0e\x00\x46\x00\x04\x00\x3b\x00\x16\x00\xb1\x00\xfc\xff\xff"
    b"\x00\x15\x00\x33\x00\x03\x00\x18\x00\x06\x00\x16\x00\x22\x00\x18\x00\x05\x00\x27\x00\x05\x00\x25"
    b"\x01\x3f\xff\xff\x00\x40\x01\x35\x00\x30\x01\x2c\x00\x31\x01\x2d\x01\xfa\xff\xff\x00\x01\x00\xaf"
    b"\x00\x24\xff\xff\x00\x0a\x00\xaf\x00\x07\x00\x3a\x00\x04\x00\x40\x00\x02\x00\x43\x00\x03\x00\x40"
    b"\x00\x1a\x00\x3b\x00\x0d\x00\x46\x00\x04\x00\x3b\x00\x16\x00\xb1\x00\xfc\xff\xff\x00\x15\x00\x33"
    b"\x00\x03\x00\x18\x00\x07\x00\x16\x00\x22\x00\x18\x00\x04\x00\x27\x00\x05\x00\x25\x01\x3f\xff\xff"
    b"\x00\x40\x01\x35\x00\x30\x01\x2c\x00\x31\x01\x2d\x02\x1f\xff\xff\x00\x0a\x00\xaf\x00\x07\x00\x3a"
    b"\x00\x0a\x00\x40\x00\x1a\x00\x3b\x00\x0d\x00\x46\x00\x03\x00\x3b\x00\x17\x00\xb1\x00\xfb\xff\xff"
    b"\x00\x15\x00\x33\x00\x03\x00\x18\x00\x08\x00\x16\x00\x22\x00\x18\x00\x02\x00\x27\x00\x01\x00\x18"
    b"\x00\x05\x00\x25\x01\x3e\xff\xff\x00\x41\x01\x35\x00\x24\x01\x2f\x00\x3e\x01\x2d\x02\x1e\xff\xff"
    b"\x00\x0a\x00\xaf\x00\x08\x00\x3a\x00\x0c\x00\x40\x00\x17\x00\x3b\x00\x0d\x00\x46\x00\x02\x00\x3b"
    b"\x00\x18\x00\xb1\x00\xfa\xff\xff\x00\x16\x00\x33\x00\x03\x00\x18\x00\x08\x00\x16\x00\x05\x00\x18"
    b"\x00\x06\x00\x16\x00\x1a\x00\x18\x00\x06\x00\x25\x00\x2d\xff\xff\x00\x05\x01\x72\x01\x0b\xff\xff"
    b"\x00\x41\x01\x35\x00\x24\x01\x2f\x00\x3d\x01\x2d\x02\x20\xff\xff\x00\x09\x00\xaf\x00\x08\x00\x3a"
    b"\x00\x0d\x00\x40\x00\x16\x00\x3b\x00\x0d\x00\x46\x00\x1b\x00\xb1\x00\xf9\xff\xff\x00\x16\x00\x33"
    b"\x00\x02\x00\x18\x00\x0a\x00\x16\x00\x02\x00\x18\x00\x09\x00\x16\x00\x19\x00\x18\x00\x07\x00\x25"
    b"\x00\x29\xff\xff\x00\x0b\x01\x72\x01\x08\xff\xff\x00\x41\x01\x35\x00\x24\x01\x2f\x00\x3e\x01\x2d"
    b"\x01\x31\xff\xff\x00\x02\x01\x99\x00\xec\xff\xff\x00\x0a\x00\xaf\x00\x15\x00\x40\x00\x15\x00\x3b"
    b"\x00\x0d\x00\x46\x00\x1d\x00\xb1\x00\xf7\xff\xff\x00\x16\x00\x33\x00\x02\x00\x18\x00\x15\x00\x16"
    b"\x00\x19\x00\x18\x00\x09\x00\x25\x00\x26\xff\xff\x00\x0e\x01\x72\x01\x06\xff\xff\x00\x41\x01\x35"
    b"\x00\x24\x01\x2f\x00\x3e\x01\x2d\x01\x31\xff\xff\x00\x01\x01\x99\x00\xed\xff\xff\x00\x09\x00\xaf"
    b"\x00\x17\x00\x40\x00\x11\x00\x3b\x00\x10\x00\x46\x00\x1e\x00\xb1\x00\xf6\xff\xff\x00\x16\x00\x33"
    b"\x00\x18\x00\x16\x00\x18\x00\x18\x00\x0c\x00\x25\x00\x23\xff\xff\x00\x0f\x01\x72\x01\x06\xff\xff"
    b"\x00\x40\x01\x35\x00\x24\x01\x2f\x00\x3e\x01\x2d\x01\x46\xff\xff\x00\x02\x01\x99\x00\xd7\xff\xff"
    b"\x00\x09\x00\xaf\x00\x18\x00\x40\x00\x0e\x00\x3b\x00\x13\x00\x46\x00\x1f\x00\xb1\x00\xf3\xff\xff"
    b"\x00\x17\x00\x33\x00\x1a\x00\x16\x00\x16\x00\x18\x00\x0e\x00\x25\x00\x20\xff\xff\x00\x10\x01\x72"
    b"\x01\x06\xff\xff\x00\x40\x01\x35\x00\x24\x01\x2f\x00\x3e\x01\x2d\x01\x38\xff\xff\x00\x02\x01\x99"
    b"\x00\xe5\xff\xff\x00\x0a\x00\xaf\x00\x0a\x00\x40\x00\x06\x00\x3c\x00\x08\x00\x40\x00\x0b\x00\x3b"
    b"\x00\x15\x00\x46\x00\x22\x00\xb1\x00\xf0\xff\xff\x00\x17\x00\x33\x00\x1b\x00\x16\x00\x15\x00\x18"
    b"\x00\x0e\x00\x25\x00\x20\xff\xff\x00\x10\x01\x72\x01\x07\xff\xff\x00\x3f\x01\x35\x00\x24\x01\x2f"
    b"\x00\x39\x01\x2d\x00\x72\xff\xff\x00\x01\x01\xa0\x01\xb1\xff\xff\x00\x0d\x00\xaf\x00\x03\x00\x40"
    b"\x00\x01\x00\x3c\x00\x03\x00\x40\x00\x06\x00\x3c\x00\x08\x00\x40\x00\x0a\x00\x3b\x00\x16\x00\x46"
    b"\x00\x25\x00\xb1\x00\xed\xff\xff\x00\x17\x00\x33\x00\x1b\x00\x16\x00\x15\x00\x18\x00\x0f\x00\x25"
    b"\x00\x1f\xff\xff\x00\x11\x01\x72\x01\x06\xff\xff\x00\x3f\x01\x35\x00\x24\x01\x2f\x00\x38\x01\x2d"
    b"\x00\x02\xff\xff\x00\x02\x01\x2d\x00\x6e\xff\xff\x00\x02\x01\xa0\x00\x7c\xff\xff\x00\x03\x01\x9e"
    b"\x00\x41\xff\xff\x00\x02\x01\x99\x00\xef\xff\xff\x00\x0e\x00\xaf\x00\x01\x00\x40\x00\x03\x00\x3c"
    b"\x00\x01\x00\x40\x00\x07\x00\x3c\x00\x08\x00\x40\x00\x06\x00\x3b\x00\x15\x00\x46\x00\x03\x00\x52"
    b"\x00\x01\x00\x46\x00\x02\x00\x52\x00\x25\x00\xb1\x00\xec\xff\xff\x00\x17\x00\x33\x00\x1c\x00\x16"
    b"\x00\x13\x00\x18\x00\x10\x00\x25\x00\x1f\xff\xff\x00\x11\x01\x72\x01\x06\xff\xff\x00\x3f\x01\x35"
    b"\x00\x24\x01\x2f\x00\x3b\x01\x2d\x00\x70\xff\xff\x00\x02\x01\xa0\x01\xb0\xff\xff\x00\x0e\x00\xaf"
    b"\x00\x04\x00\x3c\x00\x01\x00\x40\x00\x07\x00\x3c\x00\x08\x00\x40\x00\x05\x00\x3b\x00\x16\x00\x46"
    b"\x00\x06\x00\x52\x00\x26\x00\xb1\x00\xeb\xff\xff\x00\x17\x00\x33\x00\x1c\x00\x16\x00\x13\x00\x18"
    b"\x00\x10\x00\x25\x00\x1f\xff\xff\x00\x11\x01\x72\x01\x06\xff\xff\x00\x3f\x01\x35\x00\x24\x01\x2f"
    b"\x00\x3a\x01\x2d\x00\xe7\xff\xff\x00\x02\x01\x9e\x00\x30\xff\xff\x00\x01\x01\x88\x00\x07\xff\xff"
    b"\x00\x04\x01\x88\x00\xfe\xff\xff\x00\x0f\x00\xaf\x00\x08\x00\x3c\x00\x0b\x00\x40\x00\x03\x00\x3b"
    b"\x00\x18\x00\x46\x00\x07\x00\x52\x00\x28\x00\xb1\x00\xe8\xff\xff\x00\x17\x00\x33\x00\x1e\x00\x16"
    b"\x00\x10\x00\x18\x00\x11\x00\x25\x00\x1f\xff\xff\x00\x12\x01\x72\x01\x06\xff\xff\x00\x3e\x01\x35"
    b"\x00\x24\x01\x2f\x00\x39\x01\x2d\x00\x0c\xff\xff\x00\x02\x01\x2d\x01\x0c\xff\xff\x00\x01\x01\x88"
    b"\x00\x07\xff\xff\x00\x02\x01\x88\x01\x00\xff\xff\x00\x0f\x00\xaf\x00\x08\x00\x3c\x00\x0b\x00\x40"
    b"\x00\x02\x00\x3b\x00\x19\x00\x46\x00\x07\x00\x52\x00\x30\x00\xb1\x00\xe0\xff\xff\x00\x17\x00\x33"
    b"\x00\x1f\x00\x16\x00\x0f\x00\x18\x00\x11\x00\x25\x00\x1e\xff\xff\x00\x13\x01\x72\x01\x06\xff\xff"
    b"\x00\x3e\x01\x35\x00\x24\x01\x2f\x00\x35\x01\x2d\x00\x01\xff\xff\x00\x03\x01\x2d\x00\x0c\xff\xff"
    b"\x00\x02\x01\x2d\x00\x2c\xff\xff\x00\x02\x01\x96\x00\xe7\xff\xff\x00\x01\x01\x88\x01\x00\xff\xff"
    b"\x00\x0c\x00\xaf\x00\x01\x00\x84\x00\x02\x00\xaf\x00\x07\x00\x3c\x00\x0c\x00\x40\x00\x01\x00\x3b"
    b"\x00\x19\x00\x46\x00\x09\x00\x52\x00\x30\x00\xb1\x00\xdf\xff\xff\x00\x17\x00\x33\x00\x20\x00\x16"
    b"\x00\x0e\x00\x18\x00\x11\x00\x25\x00\x1e\xff\xff\x00\x13\x01\x72\x01\x06\xff\xff\x00\x3e\x01\x35"
    b"\x00\x24\x01\x2f\x00\x35\x01\x2d\x00\x3d\xff\xff\x00\x05\x01\x96\x00\x9d\xff\xff\x00\x02\x01\x9e"
    b"\x00\x04\xff\xff\x00\x01\x01\x9e\x01\x43\xff\xff\x00\x0b\x00\xaf\x00\x03\x00\x84\x00\x07\x00\x3c"
    b"\x00\x03\x00\x40\x00\x01\x00\x84\x00\x08\x00\x40\x00\x1a\x00\x46\x00\x0b\x00\x52\x00\x2e\x00\xb1"
    b"\x00\xdf\xff\xff\x00\x17\x00\x33\x00\x21\x00\x16\x00\x0c\x00\x18\x00\x12\x00\x25\x00\x1d\xff\xff"
    b"\x00\x14\x01\x72\x01\x06\xff\xff\x00\x3e\x01\x35\x00\x24\x01\x2f\x00\x35\x01\x2d\x00\x3c\xff\xff"
    b"\x00\x06\x01\x96\x00\x04\xff\xff\x00\x02\x01\x96\x00\x39\xff\xff\x00\x02\x01\xa0\x00\x62\xff\xff"
    b"\x00\x01\x01\x9e\x00\x31\xff\xff\x00\x02\x01\x9e\x01\x10\xff\xff\x00\x0a\x00\xaf\x00\x05\x00\x84"
    b"\x00\x06\x00\x3c\x00\x03\x00\x40\x00\x02\x00\x84\x00\x06\x00\x40\x00\x1b\x00\x46\x00\x0c\x00\x52"
    b"\x00\x2e\x00\xb1\x00\xde\xff\xff\x00\x17\x00\x33\x00\x24\x00\x16\x00\x09\x00\x18\x00\x01\x00\x17"
    b"\x00\x11\x00\x25\x00\x1d\xff\xff\x00\x15\x01\x72\x01\x05\xff\xff\x00\x3e\x01\x35\x00\x24\x01\x2f"
    b"\x00\x34\x01\x2d\x00\x05\xff\xff\x00\x03\x01\x2d\x00\x08\xff\xff\x00\x02\x01\x2d\x00\x2a\xff\xff"
    b"\x00\x07\x01\x96\x00\x0e\xff\xff\x00\x01\x01\x96\x00\x01\xff\xff\x00\x02\x01\x96\x00\x77\xff\xff"
    b"\x00\x01\x01\x9c\x00\x4b\xff\xff\x00\x02\x01\x9e\x00\x08\xff\xff\x00\x02\x01\x88\x01\x06\xff\xff"
    b"\x00\x0a\x00\xaf\x00\x07\x00\x84\x00\x04\x00\x3c\x00\x02\x00\x40\x00\x03\x00\x84\x00\x05\x00\x40"
    b"\x00\x01\x00\x84\x00\x12\x00\x46\x00\x01\x00\x52\x00\x01\x00\x46\x00\x04\x00\x52\x00\x01\x00\x46"
    b"\x00\x0f\x00\x52\x00\x2f\x00\xb1\x00\xdb\xff\xff\x00\x18\x00\x33\x00\x25\x00\x16\x00\x0a\x00\x17"
    b"\x00\x10\x00\x25\x00\x1d\xff\xff\x00\x15\x01\x72\x01\x06\xff\xff\x00\x3d\x01\x35\x00\x24\x01\x2f"
    b"\x00\x34\x01\x2d\x00\x04\xff\xff\x00\x04\x01\x2d\x00\x08\xff\xff\x00\x03\x01\x2d\x00\x28\xff\xff"
    b"\x00\x06\x01\x96\x00\x8a\xff\xff\x00\x02\x01\x9c\x00\x0b\xff\xff\x00\x02\x01\x9e\x00\x37\xff\xff"
    b"\x00\x01\x01\x9e\x00\x05\xff\xff\x00\x03\x01\x9e\x00\x09\xff\xff\x00\x01\x01\x88\x01\x06\xff\xff"
    b"\x00\x0a\x00\xaf\x00\x07\x00\x84\x00\x01\x00\x3c\x00\x0e\x00\x84\x00\x12\x00\x46\x00\x17\x00\x52"
    b"\x00\x2e\x00\xb1\x00\xda\xff\xff\x00\x1d\x00\x33\x00\x20\x00\x16\x00\x0b\x00\x17\x00\x10\x00\x25"
    b"\x00\x1d\xff\xff\x00\x15\x01\x72\x01\x06\xff\xff\x00\x3d\x01\x35\x00\x24\x01\x2f\x00\x36\x01\x2d"
    b"\x00\x02\xff\xff\x00\x04\x01\x2d\x00\x01\xff\xff\x00\x03\x01\x2d\x00\x15\xff\xff\x00\x02\x01\x96"
    b"\x00\x16\xff\xff\x00\x07\x01\x96\x00\x1e\xff\xff\x00\x01\x01\x85\x00\x29\xff\xff\x00\x01\x01\xa0"
    b"\x00\x50\xff\xff\x00\x01\x01\x9e\x00\x36\xff\xff\x00\x02\x01\x9e\x00\x06\xff\xff\x00\x01\x01\x9e"
    b"\x00\x09\xff\xff\x00\x01\x01\x88\x00\x02\xff\xff\x00\x02\x01\x88\x01\x04\xff\xff\x00\x08\x00\xaf"
    b"\x00\x17\x00\x84\x00\x12\x00\x46\x00\x18\x00\x52\x00\x2d\x00\xb1\x00\xda\xff\xff\x00\x1d\x00\x33"
    b"\x00\x1e\x00\x16\x00\x0e\x00\x17\x00\x0f\x00\x25\x00\x1d\xff\xff\x00\x16\x01\x72\x01\x06\xff\xff"
    b"\x00\x3c\x01\x35\x00\x24\x01\x2f\x00\x32\x01\x2d\x00\x06\xff\xff\x00\x03\x01\x2d\x00\x03\xff\xff"
    b"\x00\x02\x01\x2d\x00\x13\xff\xff\x00\x02\x01\x96\x00\x01\xff\xff\x00\x01\x01\x96\x00\x14\xff\xff"
    b"\x00\x08\x01\x96\x00\x03\xff\xff\x00\x03\x01\x96\x00\x19\xff\xff\x00\x01\x01\x85\x00\x28\xff\xff"
    b"\x00\x02\x01\xa0\x00\x3b\xff\xff\x00\x02\x01\x9c\x00\x5a\xff\xff\x00\x03\x01\x88\x00\x02\xff\xff"
    b"\x00\x02\x01\x88\x01\x04\xff\xff\x00\x08\x00\xaf\x00\x18\x00\x84\x00\x11\x00\x46\x00\x18\x00\x52"
    b"\x00\x2e\x00\xb1\x00\xd8\xff\xff\x00\x1e\x00\x33\x00\x1c\x00\x16\x00\x11\x00\x17\x00\x0e\x00\x25"
    b"\x00\x1e\xff\xff\x00\x15\x01\x72\x00\x1b\xff\xff\x00\x03\x01\x7c\x00\xea\xff\xff\x00\x3a\x01\x35"
    b"\x00\x24\x01\x2f\x00\x32\x01\x2d\x00\x04\xff\xff\x00\x05\x01\x2d\x00\x0b\xff\xff\x00\x02\x01\x2d"
    b"\x00\x0b\xff\xff\x00\x04\x01\x96\x00\x13\xff\xff\x00\x08\x01\x96\x00\x03\xff\xff\x00\x04\x01\x96"
    b"\x00\x33\xff\xff\x00\x02\x01\x85\x00\x0c\xff\xff\x00\x03\x01\xa0\x00\x3b\xff\xff\x00\x02\x01\x9c"
    b"\x00\x5b\xff\xff\x00\x01\x01\x88\x01\x09\xff\xff\x00\x08\x00\xaf\x00\x18\x00\x84\x00\x12\x00\x46"
    b"\x00\x18\x00\x52\x00\x2d\x00\xb1\x00\xd7\xff\xff\x00\x1f\x00\x33\x00\x1b\x00\x16\x00\x13\x00\x17"
    b"\x00\x0b\x00\x25\x00\x20\xff\xff\x00\x15\x01\x72\x00\x1a\xff\xff\x00\x04\x01\x7c\x00\xeb\xff\xff"
    b"\x00\x39\x01\x35\x00\x24\x01\x2f\x00\x32\x01\x2d\x00\x04\xff\xff\x00\x05\x01\x2d\x00\x06\xff\xff"
    b"\x00\x01\x01\x2d\x00\x04\xff\xff\x00\x02\x01\x2d\x00\x0a\xff\xff\x00\x01\x01\x96\x00\x16\xff\xff"
    b"\x00\x07\x01\x96\x00\x04\xff\xff\x00\x04\x01\x96\x00\x34\xff\xff\x00\x02\x01\x85\x00\x0c\xff\xff"
    b"\x00\x03\x01\xa0\x00\x7e\xff\xff\x00\x01\x01\x9e\x00\x0f\xff\xff\x00\x01\x01\x9e\x00\x01\xff\xff"
    b"\x00\x02\x01\x9e\x01\x0f\xff\xff\x00\x08\x00\xaf\x00\x19\x00\x84\x00\x11\x00\x46\x00\x1a\x00\x52"
    b"\x00\x2d\x00\xb1\x00\xd6\xff\xff\x00\x1f\x00\x33\x00\x1b\x00\x16\x00\x13\x00\x17\x00\x0b\x00\x25"
    b"\x00\x21\xff\xff\x00\x15\x01\x72\x00\x19\xff\xff\x00\x04\x01\x7c\x00\xec\xff\xff\x00\x38\x01\x35"
    b"\x00\x24\x01\x2f\x00\x31\x01\x2d\x00\x05\xff\xff\x00\x05\x01\x2d\x00\x06\xff\xff\x00\x01\x01\x2d"
    b"\x00\x0f\xff\xff\x00\x02\x01\x96\x00\x15\xff\xff\x00\x07\x01\x96\x00\x02\xff\xff\x00\x06\x01\x96"
    b"\x00\x34\xff\xff\x00\x03\x01\x85\x00\x0c\xff\xff\x00\x01\x01\xa0\x00\x01\xff\xff\x00\x02\x01\xa0"
    b"\x00\x7b\xff\xff\x00\x04\x01\x9e\x00\x0e\xff\xff\x00\x01\x01\x9e\x00\x01\xff\xff\x00\x01\x01\x9e"
    b"\x01\x10\xff\xff\x00\x08\x00\xaf\x00\x19\x00\x84\x00\x11\x00\x46\x00\x1a\x00\x52\x00\x2e\x00\xb1"
    b"\x00\x2a\xff\xff\x00\x03\x00\xb1\x00\xa7\xff\xff\x00\x20\x00\x33\x00\x1b\x00\x16\x00\x13\x00\x17"
    b"\x00\x0b\x00\x25\x00\x22\xff\xff\x00\x14\x01\x72\x00\x22\xff\xff\x00\x02\x01\x7a\x00\xe6\xff\xff"
    b"\x00\x37\x01\x35\x00\x24\x01\x2f\x00\x2f\x01\x2d\x00\x38\xff\xff\x00\x07\x01\x96\x00\x02\xff\xff"
    b"\x00\x06\x01\x96\x00\x34\xff\xff\x00\x05\x01\x85\x00\x0b\xff\xff\x00\x01\x01\xa0\x00\x01\xff\xff"
    b"\x00\x03\x01\xa0\x00\x43\xff\xff\x00\x01\x01\x9c\x00\x36\xff\xff\x00\x02\x01\x9e\x01\x23\xff\xff"
    b"\x00\x07\x00\xaf\x00\x1a\x00\x84\x00\x11\x00\x46\x00\x1b\x00\x52\x00\x2d\x00\xb1\x00\x2a\xff\xff"
    b"\x00\x01\x00\xb1\x00\x01\xff\xff\x00\x01\x00\xb1\x00\xa7\xff\xff\x00\x20\x00\x33\x00\x19\x00\x16"
    b"\x00\x16\x00\x17\x00\x09\x00\x25\x00\x24\xff\xff\x00\x13\x01\x72\x00\x21\xff\xff\x00\x04\x01\x7a"
    b"\x00\xe5\xff\xff\x00\x08\x01\x35\x00\x02\xff\xff\x00\x2d\x01\x35\x00\x24\x01\x2f\x00\x2c\x01\x2d"
    b"\x00\x02\x01\x32\x00\x39\xff\xff\x00\x06\x01\x96\x00\x03\xff\xff\x00\x04\x01\x96\x00\x0a\xff\xff"
    b"\x00\x02\x01\x83\x00\x29\xff\xff\x00\x06\x01\x85\x00\x0d\xff\xff\x00\x03\x01\xa0\x00\x40\xff\xff"
    b"\x00\x01\x01\x9c\x00\x02\xff\xff\x00\x02\x01\x9c\x01\x5b\xff\xff\x00\x06\x00\xaf\x00\x1b\x00\x84"
    b"\x00\x0f\x00\x46\x00\x01\x00\x84\x00\x1c\x00\x52\x00\x2c\x00\xb1\x00\xd3\xff\xff\x00\x21\x00\x33"
    b"\x00\x19\x00\x16\x00\x16\x00\x17\x00\x09\x00\x25\x00\x24\xff\xff\x00\x14\x01\x72\x00\x21\xff\xff"
    b"\x00\x03\x01\x7a\x00\xe5\xff\xff\x00\x01\x01\x35\x00\x0b\xff\xff\x00\x2b\x01\x35\x00\x24\x01\x2f"
    b"\x00\x2b\x01\x2d\x00\x02\x01\x32\x00\x24\xff\xff\x00\x02\x01\x96\x00\x13\xff\xff\x00\x05\x01\x96"
    b"\x00\x05\xff\xff\x00\x01\x01\x96\x00\x0d\xff\xff\x00\x03\x01\x83\x00\x27\xff\xff\x00\x08\x01\x85"
    b"\x00\x0b\xff\xff\x00\x05\x01\xa0\x00\x3e\xff\xff\x00\x04\x01\x9c\x00\x31\xff\xff\x00\x02\x01\x9e"
    b"\x01\x1b\xff\xff\x00\x02\x00\x85\x00\x0d\xff\xff\x00\x07\x00\xaf\x00\x1b\x00\x84\x00\x0e\x00\x46"
    b"\x00\x01\x00\x84\x00\x1c\x00\x52\x00\x2d\x00\xb1\x00\xd2\xff\xff\x00\x21\x00\x33\x00\x16\x00\x16"
    b"\x00\x1a\x00\x17\x00\x09\x00\x25\x00\x23\xff\xff\x00\x14\x01\x72\x00\x22\xff\xff\x00\x02\x01\x7a"
    b"\x00\x14\xff\xff\x00\x03\x01\x7a\x00\xdc\xff\xff\x00\x29\x01\x35\x00\x24\x01\x2f\x00\x2b\x01\x2d"
    b"\x00\x01\x01\x32\x00\x01\xff\xff\x00\x03\x01\x2d\x00\x20\xff\xff\x00\x03\x01\x96\x00\x12\xff\xff"
    b"\x00\x05\x01\x96\x00\x03\xff\xff\x00\x03\x01\x96\x00\x0d\xff\xff\x00\x04\x01\x83\x00\x27\xff\xff"
    b"\x00\x08\x01\x85\x00\x0b\xff\xff\x00\x05\x01\xa0\x00\x3e\xff\xff\x00\x01\x01\x9c\x00\x46\xff\xff"
    b"\x00\x02\x01\x9e\x01\x08\xff\xff\x00\x04\x00\x85\x00\x0b\xff\xff\x00\x08\x00\xaf\x00\x1b\x00\x84"
    b"\x00\x0d\x00\x46\x00\x02\x00\x84\x00\x1c\x00\x52\x00\x2e\x00\xb1\x00\xd0\xff\xff\x00\x22\x00\x33"
    b"\x00\x15\x00\x16\x00\x1a\x00\x17\x00\x0b\x00\x25\x00\x22\xff\xff\x00\x14\x01\x72\x00\x38\xff\xff"
    b"\x00\x03\x01\x7a\x00\xdd\xff\xff\x00\x01\x01\x35\x00\x04\xff\xff\x00\x23\x01\x35\x00\x24\x01\x2f"
    b"\x00\x28\x01\x2d\x00\x01\xff\xff\x00\x01\x01\x2d\x00\x02\xff\xff\x00\x04\x01\x2d\x00\x20\xff\xff"
    b"\x00\x04\x01\x96\x00\x10\xff\xff\x00\x05\x01\x96\x00\x05\xff\xff\x00\x02\x01\x96\x00\x0c\xff\xff"
    b"\x00\x06\x01\x83\x00\x25\xff\xff\x00\x09\x01\x85\x00\x0c\xff\xff\x00\x01\x01\xa0\x00\x3e\xff\xff"
    b"\x00\x02\x01\x9c\x00\x45\xff\xff\x00\x02\x01\x9e\x00\x06\xff\xff\x00\x04\x01\x9e\x00\xfe\xff\xff"
    b"\x00\x08\x00\x85\x00\x0a\xff\xff\x00\x08\x00\xaf\x00\x21\x00\x84\x00\x05\x00\x46\x00\x04\x00\x84"
    b"\x00\x1c\x00\x52\x00\x2e\x00\xb1\x00\xd0\xff\xff\x00\x22\x00\x33\x00\x14\x00\x16\x00\x1b\x00\x17"
    b"\x00\x0c\x00\x25\x00\x21\xff\xff\x00\x15\x01\x72\x01\x1f\xff\xff\x00\x20\x01\x35\x00\x24\x01\x2f"
    b"\x00\x27\x01\x2d\x00\x06\xff\xff\x00\x02\x01\x2d\x00\x09\xff\xff\x00\x02\x01\x2d\x00\x16\xff\xff"
    b"\x00\x05\x01\x96\x00\x0f\xff\xff\x00\x04\x01\x96\x00\x14\xff\xff\x00\x06\x01\x83\x00\x1e\xff\xff"
    b"\x00\x10\x01\x85\x00\x0c\xff\xff\x00\x01\x01\xa0\x00\x12\xff\xff\x00\x03\x01\x94\x00\x27\xff\xff"
    b"\x00\x01\x01\x9c\x00\x02\xff\xff\x00\x01\x01\x9c\x00\x45\xff\xff\x00\x04\x01\x9e\x00\x06\xff\xff"
    b"\x00\x02\x01\x9e\x00\xfc\xff\xff\x00\x0c\x00\x85\x00\x08\xff\xff\x00\x07\x00\xaf\x00\x2c\x00\x84"
    b"\x00\x18\x00\x52\x00\x31\x00\xb1\x00\xcf\xff\xff\x00\x23\x00\x33\x00\x14\x00\x16\x00\x1b\x00\x17"
    b"\x00\x0d\x00\x25\x00\x20\xff\xff\x00\x15\x01\x72\x01\x20\xff\xff\x00\x1f\x01\x35\x00\x24\x01\x2f"
    b"\x00\x26\x01\x2d\x00\x12\xff\xff\x00\x02\x01\x2d\x00\x17\xff\xff\x00\x04\x01\x96\x00\x0e\xff\xff"
    b"\x00\x05\x01\x96\x00\x13\xff\xff\x00\x05\x01\x83\x00\x1f\xff\xff\x00\x10\x01\x85\x00\x0e\xff\xff"
    b"\x00\x01\x01\xa0\x00\x01\xff\xff\x00\x02\x01\xa0\x00\x0f\xff\xff\x00\x02\x01\x94\x00\x26\xff\xff"
    b"\x00\x02\x01\x9c\x00\x46\xff\xff\x00\x02\x01\x9e\x00\x0a\xff\xff\x00\x02\x01\x9e\x00\xfa\xff\xff"
    b"\x00\x0f\x00\x85\x00\x07\xff\xff\x00\x06\x00\xaf\x00\x2d\x00\x84\x00\x16\x00\x52\x00\x33\x00\xb1"
    b"\x00\xcf\xff\xff\x00\x23\x00\x33\x00\x14\x00\x16\x00\x1b\x00\x17\x00\x0f\x00\x25\x00\x1e\xff\xff"
    b"\x00\x15\x01\x72\x01\x20\xff\xff\x00\x1f\x01\x35\x00\x24\x01\x2f\x00\x24\x01\x2d\x00\x14\xff\xff"
    b"\x00\x02\x01\x2d\x00\x17\xff\xff\x00\x03\x01\x96\x00\x0f\xff\xff\x00\x04\x01\x96\x00\x14\xff\xff"
    b"\x00\x04\x01\x83\x00\x1f\xff\xff\x00\x12\x01\x85\x00\x0d\xff\xff\x00\x01\x01\xa0\x00\x01\xff\xff"
    b"\x00\x02\x01\xa0\x00\x7f\xff\xff\x00\x02\x01\x9e\x00\x03\xff\xff\x00\x01\x01\x9e\x00\x04\xff\xff"
    b"\x00\x03\x01\x9e\x00\x09\xff\xff\x00\x02\x01\x9e\x00\xef\xff\xff\x00\x11\x00\x85\x00\x06\xff\xff"
    b"\x00\x06\x00\xaf\x00\x2d\x00\x84\x00\x13\x00\x52\x00\x36\x00\xb1\x00\xcd\xff\xff\x00\x25\x00\x33"
    b"\x00\x13\x00\x16\x00\x1d\x00\x17\x00\x0f\x00\x25\x00\x1c\xff\xff\x00\x17\x01\x72\x01\x20\xff\xff"
    b"\x00\x1e\x01\x35\x00\x24\x01\x2f\x00\x26\x01\x2d\x00\x3d\xff\xff\x00\x03\x01\x96\x00\x03\xff\xff"
    b"\x00\x02\x01\x96\x00\x0f\xff\xff\x00\x04\x01\x83\x00\x20\xff\xff\x00\x12\x01\x85\x00\x8e\xff\xff"
    b"\x00\x02\x01\x9e\x00\x04\xff\xff\x00\x02\x01\x9e\x00\x05\xff\xff\x00\x01\x01\x9e\x00\x07\xff\xff"
    b"\x00\x04\x01\x9e\x00\xee\xff\xff\x00\x14\x00\x85\x00\x05\xff\xff\x00\x06\x00\xaf\x00\x2e\x00\x84"
    b"\x00\x13\x00\x52\x00\x35\x00\xb1\x00\xcd\xff\xff\x00\x25\x00\x33\x00\x0a\x00\x16\x00\x01\x00\x33"
    b"\x00\x07\x00\x16\x00\x1e\x00\x17\x00\x10\x00\x25\x00\x1a\xff\xff\x00\x18\x01\x72\x01\x20\xff\xff"
    b"\x00\x1e\x01\x35\x00\x24\x01\x2f\x00\x25\x01\x2d\x00\x3d\xff\xff\x00\x04\x01\x96\x00\x03\xff\xff"
    b"\x00\x01\x01\x96\x00\x10\xff\xff\x00\x03\x01\x83\x00\x20\xff\xff\x00\x13\x01\x85\x00\x0e\xff\xff"
    b"\x00\x02\x01\xa0\x00\x2a\xff\xff\x00\x02\x01\x9c\x00\x52\xff\xff\x00\x02\x01\x9e\x00\x03\xff\xff"
    b"\x00\x02\x01\x9e\x00\x0e\xff\xff\x00\x01\x01\x9e\x00\xef\xff\xff\x00\x1e\x00\x85\x00\x03\x00\xaf"
    b"\x00\x2e\x00\x84\x00\x11\x00\x52\x00\x35\x00\xb1\x00\x04\x00\x48\x00\x01\xff\xff\x00\x01\x00\x48"
    b"\x00\xc9\xff\xff\x00\x2b\x00\x33\x00\x03\x00\x16\x00\x03\x00\x33\x00\x06\x00\x16\x00\x1e\x00\x17"
    b"\x00\x11\x00\x25\x00\x19\xff\xff\x00\x19\x01\x72\x01\x21\xff\xff\x00\x1c\x01\x35\x00\x24\x01\x2f"
    b"\x00\x25\x01\x2d\x00\x3d\xff\xff\x00\x03\x01\x96\x00\x14\xff\xff\x00\x04\x01\x83\x00\x1f\xff\xff"
    b"\x00\x14\x01\x85\x00\x0e\xff\xff\x00\x01\x01\xa0\x00\x2c\xff\xff\x00\x01\x01\x9c\x00\x31\xff\xff"
    b"\x00\x01\x01\x9e\x00\x03\xff\xff\x00\x03\x01\x9e\x00\x03\xff\xff\x00\x02\x01\x9e\x00\x12\xff\xff"
    b"\x00\x02\x01\x9e\x00\x01\xff\xff\x00\x02\x01\x9e\x00\x04\xff\xff\x00\x02\x01\x9e\x00\xfc\xff\xff"
    b"\x00\x1f\x00\x85\x00\x02\x00\xaf\x00\x2e\x00\x84\x00\x0f\x00\x52\x00\x03\x00\x5d\x00\x34\x00\xb1"
    b"\x00\x07\x00\x48\x00\xc8\xff\xff\x00\x21\x00\x33\x00\x0a\x00\x21\x00\x0a\x00\x33\x00\x02\x00\x16"
    b"\x00\x02\x00\x17\x00\x05\x00\x23\x00\x18\x00\x17\x00\x12\x00\x25\x00\x18\xff\xff\x00\x19\x01\x72"
    b"\x01\x21\xff\xff\x00\x1c\x01\x35\x00\x24\x01\x2f\x00\x24\x01\x2d\x00\x05\xff\xff\x00\x02\x01\x2d"
    b"\x00\x38\xff\xff\x00\x02\x01\x96\x00\x13\xff\xff\x00\x04\x01\x83\x00\x20\xff\xff\x00\x13\x01\x85"
    b"\x00\x6e\xff\xff\x00\x01\x01\x9e\x00\x02\xff\xff\x00\x04\x01\x9e\x00\x0e\xff\xff\x00\x01\x01\x9e"
    b"\x00\x07\xff\xff\x00\x01\x01\x9e\x00\x01\xff\xff\x00\x03\x01\x9e\x00\x05\xff\xff\x00\x02\x01\x9e"
    b"\x00\xfb\xff\xff\x00\x21\x00\x85\x00\x2f\x00\x84\x00\x03\x00\x5d\x00\x07\x00\x52\x00\x01\x00\x5d"
    b"\x00\x02\x00\x52\x00\x01\x00\x5d\x00\x02\x00\x52\x00\x02\x00\x5d\x00\x34\x00\xb1\x00\x06\x00\x48"
    b"\x00\xc9\xff\xff\x00\x1c\x00\x33\x00\x14\x00\x21\x00\x06\x00\x33\x00\x09\x00\x23\x00\x17\x00\x17"
    b"\x00\x13\x00\x25\x00\x17\xff\xff\x00\x19\x01\x72\x01\x14\xff\xff\x00\x02\x01\x35\x00\x0b\xff\xff"
    b"\x00\x1c\x01\x35\x00\x24\x01\x2f\x00\x23\x01\x2d\x00\x06\xff\xff\x00\x02\x01\x2d\x00\x07\xff\xff"
    b"\x00\x06\x01\x2d\x00\x0f\xff\xff\x00\x01\x01\x2d\x00\x2f\xff\xff\x00\x04\x01\x83\x00\x20\xff\xff"
    b"\x00\x14\x01\x85\x00\x71\xff\xff\x00\x03\x01\x9e\x00\x0e\xff\xff\x00\x02\x01\x9e\x00\x03\xff\xff"
    b"\x00\x01\x01\x9e\x00\x02\xff\xff\x00\x03\x01\x9e\x00\x01\xff\xff\x00\x02\x01\x9e\x00\x02\xff\xff"
    b"\x00\x02\x01\x9e\x00\x0a\xff\xff\x00\x02\x01\x9e\x00\xf1\xff\xff\x00\x22\x00\x85\x00\x2d\x00\x84"
    b"\x00\x06\x00\x5d\x00\x05\x00\x52\x00\x06\x00\x5d\x00\x01\x00\x52\x00\x02\x00\x5d\x00\x33\x00\xb1"
    b"\x00\x07\x00\x48\x00\xc9\xff\xff\x00\x0a\x00\x33\x00\x24\x00\x21\x00\x12\x00\x23\x00\x16\x00\x17"
    b"\x00\x18\x00\x25\x00\x12\xff\xff\x00\x1a\x01\x72\x01\x13\xff\xff\x00\x03\x01\x35\x00\x0a\xff\xff"
    b"\x00\x1c\x01\x35\x00\x24\x01\x2f\x00\x08\x01\x2d\x00\x02\xff\xff\x00\x18\x01\x2d\x00\x08\xff\xff"
    b"\x00\x01\x01\x2d\x00\x07\xff\xff\x00\x07\x01\x2d\x00\x0e\xff\xff\x00\x01\x01\x2d\x00\x2f\xff\xff"
    b"\x00\x04\x01\x83\x00\x20\xff\xff\x00\x13\x01\x85\x00\x73\xff\xff\x00\x02\x01\x9e\x00\x12\xff\xff"
    b"\x00\x03\x01\x9e\x00\x02\xff\xff\x00\x04\x01\x9e\x01\x01\xff\xff\x00\x23\x00\x85\x00\x2c\x00\x84"
    b"\x00\x16\x00\x5d\x00\x32\x00\xb1\x00\x06\x00\x48\x00\xca\xff\xff\x00\x05\x00\x21\x00\x03\x00\x33"
    b"\x00\x25\x00\x21\x00\x14\x00\x23\x00\x15\x00\x17\x00\x08\x00\x25\x00\x01\x00\x09\x00\x11\x00\x25"
    b"\x00\x10\xff\xff\x00\x1a\x01\x72\x01\x15\xff\xff\x00\x01\x01\x35\x00\x0a\xff\xff\x00\x1c\x01\x35"
    b"\x00\x24\x01\x2f\x00\x07\x01\x2d\x00\x04\xff\xff\x00\x17\x01\x2d\x00\x0a\xff\xff\x00\x01\x01\x2d"
    b"\x00\x02\xff\xff\x00\x01\x01\x2d\x00\x06\xff\xff\x00\x03\x01\x2d\x00\x3d\xff\xff\x00\x05\x01\x83"
    b"\x00\x20\xff\xff\x00\x13\x01\x85\x00\x61\xff\xff\x00\x02\x01\x9e\x00\x08\xff\xff\x00\x04\x01\x9e"
    b"\x00\x04\xff\xff\x00\x02\x01\x9e\x00\x0f\xff\xff\x00\x06\x01\x9e\x00\x01\xff\xff\x00\x04\x01\x9e"
    b"\x00\x02\xff\xff\x00\x02\x01\x9e\x00\xfd\xff\xff\x00\x25\x00\x85\x00\x2b\x00\x84\x00\x16\x00\x5d"
    b"\x00\x33\x00\xb1\x00\x06\x00\x48\x00\xc9\xff\xff\x00\x2c\x00\x21\x00\x16\x00\x23\x00\x14\x00\x17"
    b"\x00\x1b\x00\x25\x00\x10\xff\xff\x00\x1a\x01\x72\x00\x24\xff\xff\x00\x02\x01\x7a\x00\xf8\xff\xff"
    b"\x00\x1d\x01\x35\x00\x24\x01\x2f\x00\x08\x01\x2d\x00\x03\xff\xff\x00\x17\x01\x2d\x00\x0a\xff\xff"
    b"\x00\x02\x01\x2d\x00\x01\xff\xff\x00\x02\x01\x2d\x00\x45\xff\xff\x00\x05\x01\x83\x00\x20\xff\xff"
    b"\x00\x12\x01\x85\x00\x5f\xff\xff\x00\x02\x01\x9e\x00\x02\xff\xff\x00\x01\x01\x9e\x00\x05\xff\xff"
    b"\x00\x07\x01\x9e\x00\x14\xff\xff\x00\x0a\x01\x9e\x00\x01\xff\xff\x00\x02\x01\x9e\x00\xff\xff\xff"
    b"\x00\x27\x00\x85\x00\x2a\x00\x84\x00\x17\x00\x5d\x00\x32\x00\xb1\x00\x05\x00\x48\x00\xca\xff\xff"
    b"\x00\x2b\x00\x21\x00\x19\x00\x23\x00\x11\x00\x17\x00\x08\x00\x25\x00\x02\x00\x09\x00\x13\x00\x25"
    b"\x00\x0f\xff\xff\x00\x1a\x01\x72\x00\x24\xff\xff\x00\x03\x01\x7a\x00\xfa\xff\xff\x00\x1a\x01\x35"
    b"\x00\x24\x01\x2f\x00\x08\x01\x2d\x00\x04\xff\xff\x00\x16\x01\x2d\x00\x04\xff\xff\x00\x03\x01\x2d"
    b"\x00\x07\xff\xff\x00\x02\x01\x2d\x00\x43\xff\xff\x00\x06\x01\x83\x00\x22\xff\xff\x00\x10\x01\x85"
    b"\x00\x5f\xff\xff\x00\x02\x01\x9e\x00\x08\xff\xff\x00\x05\x01\x9e\x00\x13\xff\xff\x00\x01\x01\x9e"
    b"\x00\x01\xff\xff\x00\x03\x01\x9e\x00\x01\xff\xff\x00\x05\x01\x9e\x00\x01\xff\xff\x00\x05\x01\x9e"
    b"\x00\xfd\xff\xff\x00\x29\x00\x85\x00\x2a\x00\x84\x00\x16\x00\x5d\x00\x33\x00\xb1\x00\x05\x00\x48"
    b"\x00\xc9\xff\xff\x00\x2b\x00\x21\x00\x1a\x00\x23\x00\x0d\x00\x17\x00\x0a\x00\x25\x00\x03\x00\x09"
    b"\x00\x14\x00\x25\x00\x0e\xff\xff\x00\x1a\x01\x72\x00\x24\xff\xff\x00\x03\x01\x7a\x00\xfb\xff\xff"
    b"\x00\x19\x01\x35\x00\x24\x01\x2f\x00\x01\x01\x2d\x00\x03\xff\xff\x00\x04\x01\x2d\x00\x04\xff\xff"
    b"\x00\x15\x01\x2d\x00\x06\xff\xff\x00\x02\x01\x2d\x00\x06\xff\xff\x00\x03\x01\x2d\x00\x42\xff\xff"
    b"\x00\x07\x01\x83\x00\x24\xff\xff\x00\x0d\x01\x85\x00\x14\xff\xff\x00\x01\x01\xa0\x00\x57\xff\xff"
    b"\x00\x02\x01\x9e\x00\x14\xff\xff\x00\x08\x01\x9e\x00\x05\xff\xff\x00\x01\x01\x9e\x00\x01\xff\xff"
    b"\x00\x02\x01\x9e\x00\x08\xff\xff\x00\x01\x01\x9e\x00\xf4\xff\xff\x00\x27\x00\x85\x00\x24\x00\x84"
    b"\x00\x1f\x00\x5d\x00\x33\x00\xb1\x00\x04\x00\x48\x00\x83\xff\xff\x00\x02\x01\x2a\x00\x44\xff\xff"
    b"\x00\x2a\x00\x21\x00\x1b\x00\x23\x00\x0b\x00\x17\x00\x0c\x00\x25\x00\x04\x00\x09\x00\x14\x00\x25"
    b"\x00\x0e\xff\xff\x00\x1a\x01\x72\x00\x24\xff\xff\x00\x01\x01\x7a\x00\xfd\xff\xff\x00\x18\x01\x35"
    b"\x00\x24\x01\x2f\x00\x04\xff\xff\x00\x02\x01\x2d\x00\x07\xff\xff\x00\x13\x01\x2d\x00\x0f\xff\xff"
    b"\x00\x02\x01\x2d\x00\x42\xff\xff\x00\x07\x01\x83\x00\x28\xff\xff\x00\x0a\x01\x85\x00\x14\xff\xff"
    b"\x00\x02\x01\xa0\x00\x4b\xff\xff\x00\x02\x01\x9e\x00\x17\xff\xff\x00\x02\x01\x9e\x00\x04\xff\xff"
    b"\x00\x0a\x01\x9e\x00\x08\xff\xff\x00\x02\x01\x9e\x00\x04\xff\xff\x00\x01\x01\x9e\x00\x02\xff\xff"
    b"\x00\x01\x01\x9e\x00\xf3\xff\xff\x00\x28\x00\x85\x00\x24\x00\x84\x00\x21\x00\x5d\x00\x2f\x00\xb1"
    b"\x00\x06\x00\x48\x00\x83\xff\xff\x00\x02\x01\x2a\x00\x44\xff\xff\x00\x2a\x00\x21\x00\x1c\x00\x23"
    b"\x00\x06\x00\x17\x00\x0f\x00\x25\x00\x06\x00\x09\x00\x13\x00\x25\x00\x11\xff\xff\x00\x17\x01\x72"
    b"\x01\x22\xff\xff\x00\x18\x01\x35\x00\x22\x01\x2f\x00\x0f\xff\xff\x00\x12\x01\x2d\x00\x0f\xff\xff"
    b"\x00\x01\x01\x2d\x00\x44\xff\xff\x00\x07\x01\x83\x00\x2b\xff\xff\x00\x04\x01\x85\x00\x0f\xff\xff"
    b"\x00\x02\x01\xa0\x00\x53\xff\xff\x00\x01\x01\x9e\x00\x1e\xff\xff\x00\x04\x01\x9e\x00\x01\xff\xff"
    b"\x00\x03\x01\x9e\x00\x01\xff\xff\x00\x01\x01\x9e\x00\x09\xff\xff\x00\x01\x01\x9e\x00\x04\xff\xff"
    b"\x00\x01\x01\x9e\x00\xf5\xff\xff\x00\x28\x00\x85\x00\x25\x00\x84\x00\x22\x00\x5d\x00\x2a\x00\xb1"
    b"\x00\x0a\x00\x48\x00\xca\xff\xff\x00\x29\x00\x21\x00\x1f\x00\x23\x00\x02\x00\x17\x00\x01\x00\x23"
    b"\x00\x10\x00\x25\x00\x05\x00\x09\x00\x14\x00\x25\x00\x13\xff\xff\x00\x14\x01\x72\x01\x22\xff\xff"
    b"\x00\x18\x01\x35\x00\x21\x01\x2f\x00\x10\xff\xff\x00\x12\x01\x2d\x00\x0f\xff\xff\x00\x01\x01\x2d"
    b"\x00\x43\xff\xff\x00\x08\x01\x83\x00\x2d\xff\xff\x00\x01\x01\x85\x00\x11\xff\xff\x00\x01\x01\xa0"
    b"\x00\x6e\xff\xff\x00\x08\x01\x9e\x00\x01\xff\xff\x00\x02\x01\x9e\x01\x07\xff\xff\x00\x29\x00\x85"
    b"\x00\x24\x00\x84\x00\x22\x00\x5d\x00\x29\x00\xb1\x00\x0b\x00\x48\x00\xca\xff\xff\x00\x29\x00\x21"
    b"\x00\x22\x00\x23\x00\x10\x00\x25\x00\x05\x00\x09\x00\x14\x00\x25\x00\x16\xff\xff\x00\x12\x01\x72"
    b"\x01\x21\xff\xff\x00\x18\x01\x35\x00\x21\x01\x2f\x00\x10\xff\xff\x00\x12\x01\x2d\x00\x53\xff\xff"
    b"\x00\x08\x01\x83\x00\xac\xff\xff\x00\x09\x01\x9e\x00\x06\xff\xff\x00\x01\x01\x9e\x01\x03\xff\xff"
    b"\x00\x2a\x00\x85\x00\x23\x00\x84\x00\x24\x00\x5d\x00\x16\x00\xb1\x00\x01\x00\x48\x00\x0e\x00\xb1"
    b"\x00\x01\x00\x48\x00\x01\x00\xb1\x00\x0c\x00\x48\x00\xcb\xff\xff\x00\x28\x00\x21\x00\x21\x00\x23"
    b"\x00\x11\x00\x25\x00\x05\x00\x09\x00\x15\x00\x25\x00\x16\xff\xff\x00\x11\x01\x72\x01\x23\xff\xff"
    b"\x00\x01\x01\x35\x00\x01\xff\xff\x00\x14\x01\x35\x00\x1d\x01\x2f\x00\x14\xff\xff\x00\x13\x01\x2d"
    b"\x00\x52\xff\xff\x00\x08\x01\x83\x00\xaa\xff\xff\x00\x06\x01\x9e\x00\x09\xff\xff\x00\x01\x01\x9e"
    b"\x00\x01\xff\xff\x00\x02\x01\x9e\x00\x15\xff\xff\x00\x02\x01\x9e\x00\xeb\xff\xff\x00\x2a\x00\x85"
    b"\x00\x24\x00\x84\x00\x25\x00\x5d\x00\x14\x00\xb1\x00\x03\x00\x48\x00\x0a\x00\xb1\x00\x10\x00\x48"
    b"\x00\xcb\xff\xff\x00\x28\x00\x21\x00\x22\x00\x23\x00\x10\x00\x25\x00\x05\x00\x09\x00\x15\x00\x25"
    b"\x00\x18\xff\xff\x00\x0e\x01\x72\x01\x27\xff\xff\x00\x13\x01\x35\x00\x1c\x01\x2f\x00\x16\xff\xff"
    b"\x00\x12\x01\x2d\x00\x51\xff\xff\x00\x08\x01\x83\x00\x5e\xff\xff\x00\x01\x01\x97\x00\x56\xff\xff"
    b"\x00\x03\x01\x9e\x00\x01\xff\xff\x00\x03\x01\x9e\x00\x17\xff\xff\x00\x01\x01\x9e\x00\xec\xff\xff"
    b"\x00\x2a\x00\x85\x00\x24\x00\x84\x00\x25\x00\x5d\x00\x14\x00\xb1\x00\x04\x00\x48\x00\x04\x00\xb1"
    b"\x00\x15\x00\x48\x00\xcb\xff\xff\x00\x28\x00\x21\x00\x26\x00\x23\x00\x0c\x00\x25\x00\x05\x00\x09"
    b"\x00\x15\x00\x25\x00\x19\xff\xff\x00\x0d\x01\x72\x01\x28\xff\xff\x00\x12\x01\x35\x00\x1c\x01\x2f"
    b"\x00\x03\xff\xff\x00\x01\x01\x2f\x00\x11\xff\xff\x00\x13\x01\x2d\x00\x51\xff\xff\x00\x08\x01\x83"
    b"\x00\x36\xff\xff\x00\x02\x01\xa2\x00\x1b\xff\xff\x00\x03\x01\x97\x00\x02\xff\xff\x00\x02\x01\x97"
    b"\x00\x04\xff\xff\x00\x01\x01\x97\x00\x56\xff\xff\x00\x03\x01\x9e\x00\x02\xff\xff\x00\x02\x01\x9e"
    b"\x00\x0e\xff\xff\x00\x01\x01\x9e\x00\xf4\xff\xff\x00\x2c\x00\x85\x00\x22\x00\x84\x00\x26\x00\x5d"
    b"\x00\x14\x00\xb1\x00\x05\x00\x48\x00\x04\x00\xb1\x00\x14\x00\x48\x00\xcc\xff\xff\x00\x27\x00\x21"
    b"\x00\x28\x00\x23\x00\x06\x00\x25\x00\x08\x00\x09\x00\x16\x00\x25\x00\x1a\xff\xff\x00\x0c\x01\x72"
    b"\x01\x1d\xff\xff\x00\x01\x01\x35\x00\x0b\xff\xff\x00\x0f\x01\x35\x00\x03\xff\xff\x00\x20\x01\x2f"
    b"\x00\x10\xff\xff\x00\x12\x01\x2d\x00\x52\xff\xff\x00\x08\x01\x83\x00\x36\xff\xff\x00\x01\x01\xa2"
    b"\x00\x18\xff\xff\x00\x03\x01\x7d\x00\x01\xff\xff\x00\x02\x01\x97\x00\x02\xff\xff\x00\x03\x01\x97"
    b"\x00\x6e\xff\xff\x00\x03\x01\x9e\x00\xf3\xff\xff\x00\x2e\x00\x85\x00\x21\x00\x84\x00\x27\x00\x5d"
    b"\x00\x12\x00\xb1\x00\x1e\x00\x48\x00\xcc\xff\xff\x00\x27\x00\x21\x00\x2b\x00\x23\x00\x02\x00\x25"
    b"\x00\x09\x00\x09\x00\x16\x00\x25\x00\x1a\xff\xff\x00\x0c\x01\x72\x01\x1c\xff\xff\x00\x03\x01\x35"
    b"\x00\x04\xff\xff\x00\x02\x01\x35\x00\x05\xff\xff\x00\x0c\x01\x35\x00\x05\xff\xff\x00\x20\x01\x2f"
    b"\x00\x10\xff\xff\x00\x10\x01\x2d\x00\x54\xff\xff\x00\x08\x01\x83\x00\x4c\xff\xff\x00\x06\x01\x7d"
    b"\x01\x6b\xff\xff\x00\x2e\x00\x85\x00\x22\x00\x84\x00\x27\x00\x5d\x00\x12\x00\xb1\x00\x1e\x00\x48"
    b"\x00\xcc\xff\xff\x00\x27\x00\x21\x00\x2c\x00\x23\x00\x09\x00\x09\x00\x16\x00\x25\x00\x1b\xff\xff"
    b"\x00\x0b\x01\x72\x01\x1e\xff\xff\x00\x02\x01\x35\x00\x0c\xff\xff\x00\x0a\x01\x35\x00\x06\xff\xff"
    b"\x00\x20\x01\x2f\x00\x10\xff\xff\x00\x0f\x01\x2d\x00\x55\xff\xff\x00\x07\x01\x83\x00\x4c\xff\xff"
    b"\x00\x05\x01\x7d\x01\x6c\xff\xff\x00\x2f\x00\x85\x00\x21\x00\x84\x00\x28\x00\x5d\x00\x12\x00\xb1"
    b"\x00\x1e\x00\x48\x00\xcc\xff\xff\x00\x27\x00\x21\x00\x2b\x00\x23\x00\x09\x00\x09\x00\x17\x00\x25"
    b"\x00\x1b\xff\xff\x00\x0b\x01\x72\x01\x1e\xff\xff\x00\x02\x01\x35\x00\x0d\xff\xff\x00\x07\x01\x35"
    b"\x00\x09\xff\xff\x00\x1f\x01\x2f\x00\x10\xff\xff\x00\x0d\x01\x2d\x00\x57\xff\xff\x00\x07\x01\x83"
    b"\x00\x3e\xff\xff\x00\x02\x01\xa2\x00\x0c\xff\xff\x00\x04\x01\x7d\x00\x22\xff\xff\x00\x03\x01\x9c"
    b"\x01\x48\xff\xff\x00\x2f\x00\x85\x00\x1c\x00\x84\x00\x06\x00\xa6\x00\x27\x00\x5d\x00\x0c\x00\xb1"
    b"\x00\x01\x00\x38\x00\x05\x00\xb1\x00\x1e\x00\x48\x00\xcc\xff\xff\x00\x27\x00\x21\x00\x1c\x00\x23"
    b"\x00\x01\x00\x22\x00\x01\x00\x23\x00\x01\x00\x22\x00\x0d\x00\x23\x00\x06\x00\x09\x00\x19\x00\x25"
    b"\x00\x1c\xff\xff\x00\x0a\x01\x72\x01\x2e\xff\xff\x00\x02\x01\x35\x00\x0e\xff\xff\x00\x1d\x01\x2f"
    b"\x00\x12\xff\xff\x00\x0b\x01\x2d\x00\x58\xff\xff\x00\x07\x01\x83\x00\x3e\xff\xff\x00\x02\x01\xa2"
    b"\x00\x33\xff\xff\x00\x01\x01\x9c\x01\x48\xff\xff\x00\x31\x00\x85\x00\x19\x00\x84\x00\x09\x00\xa6"
    b"\x00\x27\x00\x5d\x00\x03\x00\xb1\x00\x02\x00\x38\x00\x03\x00\xb1\x00\x03\x00\x38\x00\x01\x00\xb1"
    b"\x00\x02\x00\x38\x00\x03\x00\xb1\x00\x20\x00\x48\x00\xcb\xff\xff\x00\x26\x00\x21\x00\x1b\x00\x23"
    b"\x00\x04\x00\x22\x00\x0d\x00\x23\x00\x06\x00\x09\x00\x19\x00\x25\x00\x10\xff\xff\x00\x03\x01\x7b"
    b"\x00\x0a\xff\xff\x00\x09\x01\x72\x01\x3e\xff\xff\x00\x1d\x01\x2f\x00\x12\xff\xff\x00\x0b\x01\x2d"
    b"\x00\x41\xff\xff\x00\x01\x01\x89\x00\x16\xff\xff\x00\x06\x01\x83\x01\xbd\xff\xff\x00\x31\x00\x85"
    b"\x00\x17\x00\x84\x00\x0c\x00\xa6\x00\x26\x00\x5d\x00\x01\x00\xb1\x00\x04\x00\x38\x00\x02\x00\xb1"
    b"\x00\x09\x00\x38\x00\x01\x00\xb1\x00\x21\x00\x48\x00\xcb\xff\xff\x00\x2d\x00\x21\x00\x13\x00\x23"
    b"\x00\x04\x00\x22\x00\x0d\x00\x23\x00\x06\x00\x09\x00\x19\x00\x25\x00\x0e\xff\xff\x00\x01\x01\x76"
    b"\x00\x01\xff\xff\x00\x03\x01\x7b\x00\x0b\xff\xff\x00\x07\x01\x72\x01\x40\xff\xff\x00\x1c\x01\x2f"
    b"\x00\x12\xff\xff\x00\x0a\x01\x2d\x00\x41\xff\xff\x00\x02\x01\x89\x01\xd9\xff\xff\x00\x31\x00\x85"
    b"\x00\x15\x00\x84\x00\x0e\x00\xa6\x00\x25\x00\x5d\x00\x01\x00\x38\x00\x01\x00\xb1\x00\x10\x00\x38"
    b"\x00\x22\x00\x48\x00\xca\xff\xff\x00\x2d\x00\x21\x00\x12\x00\x23\x00\x05\x00\x22\x00\x0d\x00\x23"
    b"\x00\x06\x00\x09\x00\x19\x00\x25\x00\x0c\xff\xff\x00\x04\x01\x76\x00\x03\x01\x7b\x00\x0c\xff\xff"
    b"\x00\x06\x01\x72\x01\x40\xff\xff\x00\x1c\x01\x2f\x00\x12\xff\xff\x00\x0a\x01\x2d\x00\x40\xff\xff"
    b"\x00\x03\x01\x89\x00\x40\xff\xff\x00\x02\x01\x85\x01\x97\xff\xff\x00\x31\x00\x85\x00\x11\x00\x84"
    b"\x00\x13\x00\xa6\x00\x24\x00\x5d\x00\x12\x00\x38\x00\x23\x00\x48\x00\xcb\xff\xff\x00\x2b\x00\x21"
    b"\x00\x10\x00\x23\x00\x04\x00\x22\x00\x02\x00\x23\x00\x01\x00\x22\x00\x0f\x00\x23\x00\x04\x00\x09"
    b"\x00\x19\x00\x25\x00\x0a\xff\xff\x00\x06\x01\x76\x00\x0f\xff\xff\x00\x05\x01\x72\x00\xbc\xff\xff"
    b"\x00\x01\x01\x75\x00\x84\xff\xff\x00\x1d\x01\x2f\x00\x11\xff\xff\x00\x0a\x01\x2d\x00\x3f\xff\xff"
    b"\x00\x04\x01\x89\x00\x1f\xff\xff\x00\x02\x01\x89\x00\x1f\xff\xff\x00\x02\x01\x85\x01\x96\xff\xff"
    b"\x00\x32\x00\x85\x00\x10\x00\x84\x00\x13\x00\xa6\x00\x25\x00\x5d\x00\x11\x00\x38\x00\x24\x00\x48"
    b"\x00\xcc\xff\xff\x00\x2a\x00\x21\x00\x0e\x00\x23\x00\x05\x00\x22\x00\x12\x00\x23\x00\x05\x00\x09"
    b"\x00\x19\x00\x25\x00\x09\xff\xff\x00\x08\x01\x76\x00\x0e\xff\xff\x00\x05\x01\x72\x00\xbb\xff\xff"
    b"\x00\x03\x01\x75\x00\x83\xff\xff\x00\x1d\x01\x2f\x00\x11\xff\xff\x00\x0b\x01\x2d\x00\x3e\xff\xff"
    b"\x00\x04\x01\x89\x00\x20\xff\xff\x00\x01\x01\x89\x01\xb7\xff\xff\x00\x31\x00\x85\x00\x10\x00\x84"
    b"\x00\x14\x00\xa6\x00\x25\x00\x5d\x00\x11\x00\x38\x00\x25\x00\x48\x00\xcb\xff\xff\x00\x2a\x00\x21"
    b"\x00\x08\x00\x23\x00\x04\x00\x22\x00\x02\x00\x23\x00\x04\x00\x22\x00\x13\x00\x23\x00\x05\x00\x09"
    b"\x00\x19\x00\x25\x00\x08\xff\xff\x00\x07\x01\x76\x00\x12\xff\xff\x00\x02\x01\x72\x00\xbc\xff\xff"
    b"\x00\x02\x01\x75\x00\x83\xff\xff\x00\x1d\x01\x2f\x00\x13\xff\xff\x00\x0a\x01\x2d\x00\x3e\xff\xff"
    b"\x00\x04\x01\x89\x00\x18\xff\xff\x00\x02\x01\x89\x00\x0b\xff\xff\x00\x02\x01\x89\x00\x60\xff\xff"
    b"\x00\x01\x01\x9c\x00\x35\xff\xff\x00\x01\x01\x8d\x01\x1a\xff\xff\x00\x30\x00\x85\x00\x10\x00\x84"
    b"\x00\x15\x00\xa6\x00\x25\x00\x5d\x00\x12\x00\x38\x00\x24\x00\x48\x00\xcb\xff\xff\x00\x2a\x00\x21"
    b"\x00\x05\x00\x23\x00\x07\x00\x22\x00\x01\x00\x23\x00\x05\x00\x22\x00\x13\x00\x23\x00\x06\x00\x09"
    b"\x00\x06\x00\x25\x00\x02\x00\x11\x00\x01\x00\x25\x00\x02\x00\x11\x00\x0d\x00\x25\x00\x09\xff\xff"
    b"\x00\x05\x01\x76\x01\x56\xff\xff\x00\x11\x01\x2f\x00\x04\xff\xff\x00\x02\x01\x2f\x00\x01\xff\xff"
    b"\x00\x05\x01\x2f\x00\x13\xff\xff\x00\x0a\x01\x2d\x00\x23\xff\xff\x00\x06\x01\x9b\x00\x15\xff\xff"
    b"\x00\x04\x01\x89\x00\x17\xff\xff\x00\x03\x01\x89\x00\x0a\xff\xff\x00\x01\x01\x89\x00\x62\xff\xff"
    b"\x00\x01\x01\x9c\x00\x35\xff\xff\x00\x02\x01\x8d\x01\x19\xff\xff\x00\x30\x00\x85\x00\x10\x00\x84"
    b"\x00\x15\x00\xa6\x00\x25\x00\x5d\x00\x11\x00\x38\x00\x22\x00\x48\x00\x04\x00\x88\x00\xca\xff\xff"
    b"\x00\x2a\x00\x21\x00\x01\x00\x23\x00\x02\x00\x22\x00\x02\x00\x23\x00\x0d\x00\x22\x00\x13\x00\x23"
    b"\x00\x07\x00\x09\x00\x0b\x00\x11\x00\x02\x00\x25\x00\x01\x00\x11\x00\x0a\x00\x25\x00\x08\xff\xff"
    b"\x00\x03\x01\x76\x01\x59\xff\xff\x00\x0f\x01\x2f\x00\x09\xff\xff\x00\x04\x01\x2f\x00\x14\xff\xff"
    b"\x00\x09\x01\x2d\x00\x1e\xff\xff\x00\x0b\x01\x9b\x00\x14\xff\xff\x00\x03\x01\x89\x00\x17\xff\xff"
    b"\x00\x05\x01\x89\x00\x56\xff\xff\x00\x02\x01\x97\x01\x65\xff\xff\x00\x30\x00\x85\x00\x03\x00\x84"
    b"\x00\x01\x00\xad\x00\x0d\x00\x84\x00\x15\x00\xa6\x00\x25\x00\x5d\x00\x11\x00\x38\x00\x22\x00\x48"
    b"\x00\x04\x00\x88\x00\xcb\xff\xff\x00\x22\x00\x21\x00\x01\x00\x22\x00\x06\x00\x21\x00\x02\x00\x23"
    b"\x00\x10\x00\x22\x00\x14\x00\x23\x00\x05\x00\x09\x00\x12\x00\x11\x00\x07\x00\x25\x01\x46\xff\xff"
    b"\x00\x02\x00\xfd\x00\x1c\xff\xff\x00\x0d\x01\x2f\x00\x0d\xff\xff\x00\x02\x01\x2f\x00\x13\xff\xff"
    b"\x00\x07\x01\x2d\x00\x01\xff\xff\x00\x02\x01\x2d\x00\x1a\xff\xff\x00\x0e\x01\x9b\x00\x15\xff\xff"
    b"\x00\x02\x01\x89\x00\x17\xff\xff\x00\x05\x01\x89\x00\x57\xff\xff\x00\x01\x01\x97\x00\x13\xff\xff"
    b"\x00\x02\x01\x9c\x01\x51\xff\xff\x00\x2c\x00\x85\x00\x09\x00\xad\x00\x0c\x00\x84\x00\x0f\x00\xa6"
    b"\x00\x2c\x00\x5d\x00\x11\x00\x38\x00\x05\x00\x48\x00\x01\x00\x69\x00\x1a\x00\x48\x00\x06\x00\x88"
    b"\x00\xc9\xff\xff\x00\x23\x00\x21\x00\x19\x00\x22\x00\x13\x00\x23\x00\x06\x00\x09\x00\x14\x00\x11"
    b"\x00\x05\x00\x25\x01\x40\xff\xff\x00\x03\x00\xfd\x00\x01\xff\xff\x00\x06\x00\xfd\x00\x23\xff\xff"
    b"\x00\x04\x01\x2f\x00\x0d\xff\xff\x00\x02\x01\x2f\x00\x13\xff\xff\x00\x08\x01\x2d\x00\x19\xff\xff"
    b"\x00\x0f\x01\x9b\x00\x07\xff\xff\x00\x02\x01\x9b\x00\x16\xff\xff\x00\x05\x01\x89\x00\x0b\xff\xff"
    b"\x00\x06\x01\x89\x00\x31\xff\xff\x00\x02\x01\x86\x00\x4d\xff\xff\x00\x01\x01\x9c\x00\x58\xff\xff"
    b"\x00\x01\x01\x91\x00\xe3\xff\xff\x00\x2d\x00\x85\x00\x0b\x00\xad\x00\x09\x00\x84\x00\x10\x00\xa6"
    b"\x00\x2c\x00\x5d\x00\x11\x00\x38\x00\x03\x00\x48\x00\x04\x00\x69\x00\x01\x00\x48\x00\x01\x00\x69"
    b"\x00\x19\x00\x48\x00\x06\x00\x88\x00\xc7\xff\xff\x00\x23\x00\x21\x00\x1a\x00\x22\x00\x14\x00\x23"
    b"\x00\x03\x00\x09\x00\x17\x00\x11\x00\x02\x00\x25\x00\x3f\xff\xff\x00\x01\x01\x7a\x00\xc2\xff\xff"
    b"\x00\x02\x01\x74\x00\x3b\xff\xff\x00\x0e\x00\xfd\x00\x47\xff\xff\x00\x08\x01\x2d\x00\x18\xff\xff"
    b"\x00\x0d\x01\x9b\x00\x0b\xff\xff\x00\x01\x01\x9b\x00\x15\xff\xff\x00\x05\x01\x89\x00\x0c\xff\xff"
    b"\x00\x05\x01\x89\x00\x32\xff\xff\x00\x01\x01\x86\x00\x4d\xff\xff\x00\x02\x01\x9c\x00\x57\xff\xff"
    b"\x00\x03\x01\x91\x00\xe2\xff\xff\x00\x2d\x00\x85\x00\x0d\x00\xad\x00\x07\x00\x84\x00\x10\x00\xa6"
    b"\x00\x2c\x00\x5d\x00\x13\x00\x38\x00\x01\x00\x48\x00\x06\x00\x69\x00\x19\x00\x48\x00\x07\x00\x88"
    b"\x00\xc5\xff\xff\x00\x24\x00\x21\x00\x19\x00\x22\x00\x14\x00\x23\x00\x04\x00\x09\x00\x18\x00\x11"
    b"\x00\x01\x00\x25\x00\x29\xff\xff\x00\x01\x01\x78\x00\x15\xff\xff\x00\x02\x01\x7a\x00\xc1\xff\xff"
    b"\x00\x03\x01\x74\x00\x37\xff\xff\x00\x13\x00\xfd\x00\x45\xff\xff\x00\x08\x01\x2d\x00\x11\xff\xff"
    b"\x00\x14\x01\x9b\x00\x1f\xff\xff\x00\x07\x01\x89\x00\x0c\xff\xff\x00\x05\x01\x89\x00\x80\xff\xff"
    b"\x00\x01\x01\x9c\x00\x22\xff\xff\x00\x02\x01\x8d\x00\x06\xff\xff\x00\x02\x01\x8d\x00\x2b\xff\xff"
    b"\x00\x03\x01\x91\x00\xe2\xff\xff\x00\x2e\x00\x85\x00\x0e\x00\xad\x00\x07\x00\x84\x00\x0f\x00\xa6"
    b"\x00\x2c\x00\x5d\x00\x10\x00\x38\x00\x03\x00\x69\x00\x01\x00\x48\x00\x07\x00\x69\x00\x18\x00\x48"
    b"\x00\x08\x00\x88\x00\xc4\xff\xff\x00\x24\x00\x21\x00\x1a\x00\x22\x00\x13\x00\x23\x00\x04\x00\x09"
    b"\x00\x18\x00\x11\x00\x1c\xff\xff\x00\x02\x01\x78\x00\x0b\xff\xff\x00\x03\x01\x78\x01\x0f\xff\xff"
    b"\x00\x16\x00\xfd\x00\x44\xff\xff\x00\x0a\x01\x2d\x00\x0d\xff\xff\x00\x16\x01\x9b\x00\x1d\xff\xff"
    b"\x00\x09\x01\x89\x00\x0c\xff\xff\x00\x04\x01\x89\x00\x81\xff\xff\x00\x01\x01\x9c\x00\x22\xff\xff"
    b"\x00\x01\x01\x8d\x00\x07\xff\xff\x00\x02\x01\x8d\x00\x2b\xff\xff\x00\x02\x01\x91\x00\xe2\xff\xff"
    b"\x00\x28\x00\x85\x00\x04\x00\xad\x00\x03\x00\x85\x00\x0f\x00\xad\x00\x01\x00\xa6\x00\x05\x00\x84"
    b"\x00\x0f\x00\xa6\x00\x2d\x00\x5d\x00\x0f\x00\x38\x00\x0b\x00\x69\x00\x17\x00\x48\x00\x09\x00\x88"
    b"\x00\xc3\xff\xff\x00\x24\x00\x21\x00\x1b\x00\x22\x00\x12\x00\x23\x00\x05\x00\x09\x00\x17\x00\x11"
    b"\x00\x18\xff\xff\x00\x02\x01\x78\x00\x02\xff\xff\x00\x03\x01\x78\x00\x0b\xff\xff\x00\x03\x01\x78"
    b"\x01\x0e\xff\xff\x00\x18\x00\xfd\x00\x44\xff\xff\x00\x0a\x01\x2d\x00\x0b\xff\xff\x00\x16\x01\x9b"
    b"\x00\x1b\xff\xff\x00\x0b\x01\x89\x00\x0d\xff\xff\x00\x02\x01\x89\x00\x04\xff\xff\x00\x02\x01\x89"
    b"\x00\x55\xff\xff\x00\x01\x01\x84\x00\x7b\xff\xff\x00\x01\x01\x91\x00\x03\xff\xff\x00\x02\x01\x91"
    b"\x00\xe0\xff\xff\x00\x2a\x00\x85\x00\x06\x00\xad\x00\x01\x00\x85\x00\x0d\x00\xad\x00\x03\x00\x8a"
    b"\x00\x14\x00\xa6\x00\x20\x00\x5d\x00\x05\x00\xae\x00\x08\x00\x4b\x00\x0f\x00\x38\x00\x0b\x00\x69"
    b"\x00\x17\x00\x48\x00\x0a\x00\x88\x00\xc2\xff\xff\x00\x23\x00\x21\x00\x1b\x00\x22\x00\x13\x00\x23"
    b"\x00\x02\x00\x09\x00\x01\x00\x11\x00\x01\x00\x09\x00\x17\x00\x11\x00\x18\xff\xff\x00\x03\x01\x78"
    b"\x00\x02\xff\xff\x00\x02\x01\x78\x00\x0b\xff\xff\x00\x03\x01\x78\x01\x0e\xff\xff\x00\x1a\x00\xfd"
    b"\x00\x47\xff\xff\x00\x05\x01\x2d\x00\x0a\xff\xff\x00\x1a\x01\x9b\x00\x17\xff\xff\x00\x0d\x01\x89"
    b"\x00\x13\xff\xff\x00\x01\x01\x89\x00\x32\xff\xff\x00\x01\x01\x86\x00\x20\xff\xff\x00\x01\x01\x84"
    b"\x00\x01\xff\xff\x00\x02\x01\x84\x00\x7b\xff\xff\x00\x02\x01\x91\x00\x02\xff\xff\x00\x02\x01\x91"
    b"\x00\xdf\xff\xff\x00\x27\x00\x85\x00\x15\x00\xad\x00\x01\x00\x66\x00\x09\x00\x8a\x00\x01\x00\xa6"
    b"\x00\x01\x00\x8a\x00\x0e\x00\xa6\x00\x14\x00\x5d\x00\x12\x00\xae\x00\x08\x00\x4b\x00\x0d\x00\x38"
    b"\x00\x0c\x00\x69\x00\x02\x00\x48\x00\x04\x00\x69\x00\x06\x00\x48\x00\x02\x00\xaa\x00\x08\x00\x48"
    b"\x00\x0c\x00\x88\x00\xc1\xff\xff\x00\x23\x00\x21\x00\x1b\x00\x22\x00\x12\x00\x23\x00\x1c\x00\x11"
    b"\x00\x18\xff\xff\x00\x03\x01\x78\x00\x0f\xff\xff\x00\x03\x01\x78\x01\x0d\xff\xff\x00\x16\x00\xfd"
    b"\x00\x01\x00\xe4\x00\x03\x00\xfd\x00\x03\x00\xe4\x00\x3d\xff\xff\x00\x01\x01\x9b\x00\x01\xff\xff"
    b"\x00\x02\x01\x9b\x00\x02\xff\xff\x00\x01\x01\x2d\x00\x01\x01\x9b\x00\x04\xff\xff\x00\x01\x01\x2d"
    b"\x00\x0a\xff\xff\x00\x1d\x01\x9b\x00\x12\xff\xff\x00\x0e\x01\x89\x00\x46\xff\xff\x00\x02\x01\x86"
    b"\x00\x20\xff\xff\x00\x02\x01\x84\x00\x35\xff\xff\x00\x02\x01\x9c\x00\x46\xff\xff\x00\x01\x01\x91"
    b"\x00\x01\xff\xff\x00\x01\x01\x91\x00\xe1\xff\xff\x00\x29\x00\x85\x00\x12\x00\xad\x00\x03\x00\x66"
    b"\x00\x0b\x00\x8a\x00\x0e\x00\xa6\x00\x12\x00\x5d\x00\x14\x00\xae\x00\x08\x00\x4b\x00\x0c\x00\x38"
    b"\x00\x15\x00\x69\x00\x04\x00\x48\x00\x02\x00\xaa\x00\x08\x00\x48\x00\x01\x00\xaa\x00\x03\x00\x88"
    b"\x00\x04\x00\xaa\x00\x05\x00\x88\x00\xbf\xff\xff\x00\x24\x00\x21\x00\x1b\x00\x22\x00\x0f\x00\x23"
    b"\x00\x1e\x00\x11\x00\x2c\xff\xff\x00\x02\x01\x78\x01\x03\xff\xff\x00\x09\x00\xfd\x00\x01\xff\xff"
    b"\x00\x16\x00\xfd\x00\x02\x00\xe4\x00\x03\x00\xfd\x00\x05\x00\xe4\x00\x38\xff\xff\x00\x02\x00\xef"
    b"\x00\x0a\x01\x9b\x00\x01\xff\xff\x00\x01\x01\x2d\x00\x0a\xff\xff\x00\x1d\x01\x9b\x00\x11\xff\xff"
    b"\x00\x0f\x01\x89\x00\x46\xff\xff\x00\x03\x01\x86\x00\x57\xff\xff\x00\x02\x01\x9c\x00\x44\xff\xff"
    b"\x00\x06\x01\x91\x00\xdf\xff\xff\x00\x2a\x00\x85\x00\x11\x00\xad\x00\x04\x00\x66\x00\x0e\x00\x8a"
    b"\x00\x0b\x00\xa6\x00\x10\x00\x5d\x00\x15\x00\xae\x00\x0a\x00\x4b\x00\x0b\x00\x38\x00\x16\x00\x69"
    b"\x00\x02\x00\x48\x00\x04\x00\xaa\x00\x05\x00\x48\x00\x0b\x00\xaa\x00\x01\x00\x88\x00\x01\x00\xaa"
    b"\x00\x01\x00\x88\x00\x01\x00\xaa\x00\xbf\xff\xff\x00\x24\x00\x21\x00\x1c\x00\x22\x00\x0c\x00\x23"
    b"\x00\x20\x00\x11\x01\x29\xff\xff\x00\x03\x00\xee\x00\x26\x00\xfd\x00\x01\xff\xff\x00\x02\x00\xfd"
    b"\x00\x08\x00\xe4\x00\x34\xff\xff\x00\x04\x00\xef\x00\x0b\x01\x9b\x00\x0a\xff\xff\x00\x1b\x01\x9b"
    b"\x00\x11\xff\xff\x00\x11\x01\x89\x00\x46\xff\xff\x00\x03\x01\x86\x00\x1e\xff\xff\x00\x02\x01\x84"
    b"\x00\x7e\xff\xff\x00\x01\x01\x91\x00\x01\xff\xff\x00\x01\x01\x91\x00\xe2\xff\xff\x00\x29\x00\x85"
    b"\x00\x10\x00\xad\x00\x05\x00\x66\x00\x10\x00\x8a\x00\x07\x00\xa6\x00\x0f\x00\x8a\x00\x03\x00\x5d"
    b"\x00\x16\x00\xae\x00\x0b\x00\x4b\x00\x0a\x00\x38\x00\x17\x00\x69\x00\x07\x00\xaa\x00\x01\x00\x48"
    b"\x00\x12\x00\xaa\x00\xbf\xff\xff\x00\x24\x00\x21\x00\x1c\x00\x22\x00\x08\x00\x23\x00\x01\x00\x11"
    b"\x00\x01\x00\x23\x00\x21\x00\x11\x01\x21\xff\xff\x00\x0b\x00\xee\x00\x29\x00\xfd\x00\x0a\x00\xe4"
    b"\x00\x28\xff\xff\x00\x06\x00\xef\x00\x03\xff\xff\x00\x05\x00\xef\x00\x0c\x01\x9b\x00\x09\xff\xff"
    b"\x00\x0b\x01\x9b\x00\x02\xff\xff\x00\x0a\x01\x9b\x00\x13\xff\xff\x00\x12\x01\x89\x00\x06\xff\xff"
    b"\x00\x01\x01\x89\x00\x3f\xff\xff\x00\x03\x01\x86\x00\x1f\xff\xff\x00\x02\x01\x84\x01\x62\xff\xff"
    b"\x00\x29\x00\x85\x00\x10\x00\xad\x00\x06\x00\x66\x00\x10\x00\x8a\x00\x06\x00\xa6\x00\x11\x00\x8a"
    b"\x00\x02\x00\x5d\x00\x14\x00\xae\x00\x0e\x00\x4b\x00\x0a\x00\x38\x00\x17\x00\x69\x00\x19\x00\xaa"
    b"\x00\xc0\xff\xff\x00\x23\x00\x21\x00\x1f\x00\x22\x00\x04\x00\x23\x00\x25\x00\x11\x01\x1a\xff\xff"
    b"\x00\x10\x00\xee\x00\x2c\x00\xfd\x00\x08\x00\xe4\x00\x0f\x00\xef\x00\x19\xff\xff\x00\x0e\x00\xef"
    b"\x00\x0c\x01\x9b\x00\x08\xff\xff\x00\x0b\x01\x9b\x00\x04\xff\xff\x00\x07\x01\x9b\x00\x13\xff\xff"
    b"\x00\x13\x01\x89\x00\x07\xff\xff\x00\x02\x01\x89\x00\x3d\xff\xff\x00\x04\x01\x86\x00\x9e\xff\xff"
    b"\x00\x02\x01\x91\x00\xe3\xff\xff\x00\x29\x00\x85\x00\x0f\x00\xad\x00\x06\x00\x66\x00\x12\x00\x8a"
    b"\x00\x04\x00\xa6\x00\x12\x00\x8a\x00\x02\x00\x5d\x00\x14\x00\xae\x00\x0e\x00\x4b\x00\x0b\x00\x38"
    b"\x00\x18\x00\x69\x00\x0d\x00\xaa\x00\x02\x00\x69\x00\x08\x00\xaa\x00\x51\xff\xff\x00\x01\x01\x2a"
    b"\x00\x6d\xff\xff\x00\x12\x00\x21\x00\x01\x00\x1d\x00\x10\x00\x21\x00\x24\x00\x22\x00\x25\x00\x11"
    b"\x01\x18\xff\xff\x00\x12\x00\xee\x00\x2c\x00\xfd\x00\x01\x00\xe4\x00\x17\x00\xef\x00\x18\xff\xff"
    b"\x00\x0e\x00\xef\x00\x0c\x01\x9b\x00\x05\xff\xff\x00\x0d\x01\x9b\x00\x06\xff\xff\x00\x01\x01\x9b"
    b"\x00\x02\xff\xff\x00\x01\x01\x9b\x00\x14\xff\xff\x00\x14\x01\x89\x00\x45\xff\xff\x00\x03\x01\x86"
    b"\x00\xa0\xff\xff\x00\x03\x01\x91\x00\xe1\xff\xff\x00\x29\x00\x85\x00\x0f\x00\xad\x00\x07\x00\x66"
    b"\x00\x27\x00\x8a\x00\x03\x00\x5d\x00\x14\x00\xae\x00\x0e\x00\x4b\x00\x08\x00\x38\x00\x1b\x00\x69"
    b"\x00\x0d\x00\xaa\x00\x03\x00\x69\x00\x08\x00\xaa\x00\x50\xff\xff\x00\x02\x01\x2a\x00\x6c\xff\xff"
    b"\x00\x12\x00\x21\x00\x07\x00\x1d\x00\x0a\x00\x21\x00\x24\x00\x22\x00\x25\x00\x11\x01\x0e\xff\xff"
    b"\x00\x1c\x00\xee\x00\x2c\x00\xfd\x00\x19\x00\xef\x00\x17\xff\xff\x00\x0e\x00\xef\x00\x1d\x01\x9b"
    b"\x00\x1e\xff\xff\x00\x14\x01\x89\x00\x46\xff\xff\x00\x02\x01\x86\x01\x85\xff\xff\x00\x28\x00\x85"
    b"\x00\x08\x00\xad\x00\x0e\x00\x66\x00\x29\x00\x8a\x00\x01\x00\x5d\x00\x15\x00\xae\x00\x0e\x00\x4b"
    b"\x00\x07\x00\x38\x00\x1b\x00\x69\x00\x06\x00\xaa\x00\x06\x00\x69\x00\x02\x00\xaa\x00\x07\x00\x69"
    b"\x00\x04\x00\xaa\x00\xbd\xff\xff\x00\x12\x00\x21\x00\x09\x00\x1d\x00\x09\x00\x21\x00\x23\x00\x22"
    b"\x00\x26\x00\x11\x01\x0a\xff\xff\x00\x21\x00\xee\x00\x2b\x00\xfd\x00\x1a\x00\xef\x00\x17\xff\xff"
    b"\x00\x0d\x00\xef\x00\x1d\x01\x9b\x00\x1d\xff\xff\x00\x12\x01\x89\x00\x4a\xff\xff\x00\x01\x01\x86"
    b"\x01\x84\xff\xff\x00\x2a\x00\x85\x00\x03\x00\xad\x00\x12\x00\x66\x00\x29\x00\x8a\x00\x01\x00\x5d"
    b"\x00\x16\x00\xae\x00\x0d\x00\x4b\x00\x07\x00\x38\x00\x1c\x00\x69\x00\x01\x00\xaa\x00\x01\x00\x69"
    b"\x00\x01\x00\xaa\x00\x09\x00\x69\x00\x02\x00\xaa\x00\x0a\x00\x69\x00\xbd\xff\xff\x00\x11\x00\x21"
    b"\x00\x0a\x00\x1d\x00\x09\x00\x21\x00\x23\x00\x22\x00\x26\x00\x11\x00\x81\xff\xff\x00\x01\x01\x73"
    b"\x00\x85\xff\xff\x00\x2a\x00\xee\x00\x25\x00\xfd\x00\x1b\x00\xef\x00\x16\xff\xff\x00\x0d\x00\xef"
    b"\x00\x1d\x01\x9b\x00\x1c\xff\xff\x00\x0e\x01\x89\x00\x49\xff\xff\x00\x01\x01\x86\x00\x05\xff\xff"
    b"\x00\x01\x01\x86\x01\x84\xff\xff\x00\x2a\x00\x85\x00\x14\x00\x66\x00\x2a\x00\x8a\x00\x17\x00\xae"
    b"\x00\x0d\x00\x4b\x00\x06\x00\x38\x00\x35\x00\x69\x00\xbd\xff\xff\x00\x11\x00\x21\x00\x0a\x00\x1d"
    b"\x00\x04\x00\x21\x00\x27\x00\x22\x00\x28\x00\x11\x00\x31\xff\xff\x00\x02\x01\x78\x00\x0c\xff\xff"
    b"\x00\x02\x01\x78\x00\xc3\xff\xff\x00\x2c\x00\xee\x00\x25\x00\xfd\x00\x1b\x00\xef\x00\x07\xff\xff"
    b"\x00\x03\x00\xef\x00\x0d\xff\xff\x00\x0c\x00\xef\x00\x1d\x01\x9b\x00\x1c\xff\xff\x00\x0c\x01\x89"
    b"\x00\x4b\xff\xff\x00\x01\x01\x86\x01\x8a\xff\xff\x00\x2a\x00\x85\x00\x14\x00\x66\x00\x29\x00\x8a"
    b"\x00\x1a\x00\xae\x00\x0c\x00\x4b\x00\x06\x00\x38\x00\x33\x00\x69\x00\xbd\xff\xff\x00\x11\x00\x21"
    b"\x00\x0d\x00\x1d\x00\x28\x00\x22\x00\x29\x00\x11\x00\x31\xff\xff\x00\x02\x01\x78\x00\xd0\xff\xff"
    b"\x00\x2e\x00\xee\x00\x24\x00\xfd\x00\x1c\x00\xef\x00\x05\xff\xff\x00\x05\x00\xef\x00\x0c\xff\xff"
    b"\x00\x0c\x00\xef\x00\x1d\x01\x9b\x00\x1c\xff\xff\x00\x02\x01\x7f\x00\x08\x01\x89\x01\xd7\xff\xff"
    b"\x00\x2c\x00\x85\x00\x13\x00\x66\x00\x29\x00\x8a\x00\x1a\x00\xae\x00\x0d\x00\x4b\x00\x05\x00\x38"
    b"\x00\x33\x00\x69\x00\xbc\xff\xff\x00\x12\x00\x21\x00\x0c\x00\x1d\x00\x28\x00\x22\x00\x29\x00\x11"
    b"\x00\x7d\xff\xff\x00\x01\x01\x73\x00\x85\xff\xff\x00\x2f\x00\xee\x00\x24\x00\xfd\x00\x1d\x00\xef"
    b"\x00\x03\xff\xff\x00\x06\x00\xef\x00\x0c\xff\xff\x00\x0c\x00\xef\x00\x1e\x01\x9b\x00\x1a\xff\xff"
    b"\x00\x04\x01\x7f\x00\x04\x01\x89\x01\xda\xff\xff\x00\x2d\x00\x85\x00\x11\x00\x66\x00\x2b\x00\x8a"
    b"\x00\x17\x00\xae\x00\x10\x00\x4b\x00\x04\x00\x38\x00\x33\x00\x69\x00\xbc\xff\xff\x00\x12\x00\x21"
    b"\x00\x0c\x00\x1d\x00\x27\x00\x22\x00\x29\x00\x11\x00\x35\xff\xff\x00\x01\x01\x78\x00\xcd\xff\xff"
    b"\x00\x30\x00\xee\x00\x24\x00\xfd\x00\x1d\x00\xef\x00\x01\xff\xff\x00\x08\x00\xef\x00\x0d\xff\xff"
    b"\x00\x0b\x00\xef\x00\x20\x01\x9b\x00\x01\xff\xff\x00\x06\x01\x9b\x00\x10\xff\xff\x00\x06\x01\x7f"
    b"\x00\x0c\xff\xff\x00\x01\x01\x89\x00\x43\xff\xff\x00\x01\x01\x86\x01\x8c\xff\xff\x00\x2d\x00\x85"
    b"\x00\x11\x00\x66\x00\x2c\x00\x8a\x00\x16\x00\xae\x00\x11\x00\x4b\x00\x03\x00\x38\x00\x33\x00\x69"
    b"\x00\xbb\xff\xff\x00\x13\x00\x21\x00\x0c\x00\x1d\x00\x27\x00\x22\x00\x29\x00\x11\x00\x34\xff\xff"
    b"\x00\x02\x01\x78\x00\xcc\xff\xff\x00\x31\x00\xee\x00\x24\x00\xfd\x00\x26\x00\xef\x00\x0c\xff\xff"
    b"\x00\x0c\x00\xef\x00\x29\x01\x9b\x00\x0e\xff\xff\x00\x05\x01\x7f\x00\x0c\xff\xff\x00\x02\x01\x89"
    b"\x00\x43\xff\xff\x00\x01\x01\x86\x00\x03\xff\xff\x00\x01\x01\x86\x01\x88\xff\xff\x00\x2d\x00\x85"
    b"\x00\x10\x00\x66\x00\x2d\x00\x8a\x00\x16\x00\xae\x00\x11\x00\x4b\x00\x03\x00\x38\x00\x32\x00\x69"
    b"\x00\xbc\xff\xff\x00\x06\x00\x1d\x00\x03\x00\x21\x00\x02\x00\x1d\x00\x07\x00\x21\x00\x0e\x00\x1d"
    b"\x00\x26\x00\x22\x00\x2a\x00\x11\x00\x33\xff\xff\x00\x04\x01\x78\x00\x06\xff\xff\x00\x01\x01\x78"
    b"\x00\xc3\xff\xff\x00\x31\x00\xee\x00\x24\x00\xfd\x00\x26\x00\xef\x00\x0b\xff\xff\x00\x0d\x00\xef"
    b"\x00\x2a\x01\x9b\x00\x0c\xff\xff\x00\x05\x01\x7f\x00\x51\xff\xff\x00\x01\x01\x86\x00\x6e\xff\xff"
    b"\x00\x02\x01\x8d\x01\x1d\xff\xff\x00\x2e\x00\x85\x00\x0f\x00\x66\x00\x2e\x00\x8a\x00\x14\x00\xae"
    b"\x00\x12\x00\x4b\x00\x03\x00\x38\x00\x32\x00\x69\x00\xbc\xff\xff\x00\x02\x00\x21\x00\x1f\x00\x1d"
    b"\x00\x25\x00\x22\x00\x2a\x00\x11\x00\x34\xff\xff\x00\x04\x01\x78\x00\x05\xff\xff\x00\x01\x01\x78"
    b"\x00\xba\xff\xff\x00\x03\x00\xee\x00\x05\xff\xff\x00\x32\x00\xee\x00\x24\x00\xfd\x00\x26\x00\xef"
    b"\x00\x0a\xff\xff\x00\x0e\x00\xef\x00\x2d\x01\x9b\x00\x08\xff\xff\x00\x05\x01\x7f\x00\x0f\xff\xff"
    b"\x00\x02\x01\x89\x00\x40\xff\xff\x00\x02\x01\x86\x01\x8d\xff\xff\x00\x2e\x00\x85\x00\x0e\x00\x66"
    b"\x00\x2f\x00\x8a\x00\x13\x00\xae\x00\x11\x00\x4b\x00\x04\x00\x38\x00\x33\x00\x69\x00\xbc\xff\xff"
    b"\x00\x02\x00\x21\x00\x1f\x00\x1d\x00\x25\x00\x22\x00\x2a\x00\x11\x00\x34\xff\xff\x00\x02\x01\x78"
    b"\x00\x49\xff\xff\x00\x01\x01\x73\x00\x77\xff\xff\x00\x3a\x00\xee\x00\x25\x00\xfd\x00\x28\x00\xef"
    b"\x00\x07\xff\xff\x00\x0f\x00\xef\x00\x2e\x01\x9b\x00\x07\xff\xff\x00\x05\x01\x7f\x00\x0e\xff\xff"
    b"\x00\x04\x01\x89\x01\xce\xff\xff\x00\x2f\x00\x85\x00\x0d\x00\x66\x00\x2f\x00\x8a\x00\x13\x00\xae"
    b"\x00\x12\x00\x4b\x00\x35\x00\x69\x00\xbc\xff\xff\x00\x01\x00\x0a\x00\x02\x00\x21\x00\x1f\x00\x1d"
    b"\x00\x25\x00\x22\x00\x2a\x00\x11\x00\x34\xff\xff\x00\x02\x01\x78\x00\xc1\xff\xff\x00\x2f\x00\xee"
    b"\x00\x02\x01\x06\x00\x01\x00\xfd\x00\x04\x00\xee\x00\x29\x00\xfd\x00\x29\x00\xef\x00\x04\xff\xff"
    b"\x00\x11\x00\xef\x00\x2f\x01\x9b\x00\x02\xff\xff\x00\x03\x01\x9b\x00\x06\x01\x7f\x00\x0e\xff\xff"
    b"\x00\x03\x01\x89\x01\xce\xff\xff\x00\x16\x00\x85\x00\x01\x00\x70\x00\x1a\x00\x85\x00\x0b\x00\x66"
    b"\x00\x31\x00\x8a\x00\x13\x00\xae\x00\x12\x00\x4b\x00\x32\x00\x69\x00\xbe\xff\xff\x00\x02\x00\x0a"
    b"\x00\x02\x00\x21\x00\x07\x00\x1d\x00\x01\x00\x0a\x00\x15\x00\x1d\x00\x25\x00\x22\x00\x2b\x00\x11"
    b"\x00\x35\xff\xff\x00\x01\x01\x78\x00\x07\xff\xff\x00\x02\x01\x78\x00\xb7\xff\xff\x00\x29\x00\xee"
    b"\x00\x09\x01\x06\x00\x2e\x00\xfd\x00\x3e\x00\xef\x00\x34\x01\x9b\x00\x07\x01\x7f\x00\x04\xff\xff"
    b"\x00\x02\x01\x7f\x00\x08\xff\xff\x00\x01\x01\x89\x00\x67\xff\xff\x00\x02\x01\x8c\x00\x07\xff\xff"
    b"\x00\x02\x01\x8c\x00\x02\xff\xff\x00\x02\x01\x8c\x01\x59\xff\xff\x00\x15\x00\x85\x00\x03\x00\x70"
    b"\x00\x1b\x00\x85\x00\x09\x00\x66\x00\x31\x00\x8a\x00\x13\x00\xae\x00\x14\x00\x4b\x00\x2b\x00\x69"
    b"\x00\xc2\xff\xff\x00\x04\x00\x0a\x00\x02\x00\x21\x00\x01\x00\x1d\x00\x02\x00\x0a\x00\x03\x00\x1d"
    b"\x00\x02\x00\x0a\x00\x14\x00\x1d\x00\x25\x00\x22\x00\x28\x00\x11\x00\x02\x00\x2a\x00\x3d\xff\xff"
    b"\x00\x05\x01\x78\x00\xb4\xff\xff\x00\x24\x00\xee\x00\x0f\x01\x06\x00\x2e\x00\xfd\x00\x3e\x00\xef"
    b"\x00\x34\x01\x9b\x00\x06\x01\x7f\x00\x05\xff\xff\x00\x02\x01\x7f\x00\x07\xff\xff\x00\x03\x01\x7f"
    b"\x00\x70\xff\xff\x00\x01\x01\x8c\x00\x02\xff\xff\x00\x02\x01\x8c\x01\x5a\xff\xff\x00\x10\x00\x85"
    b"\x00\x01\x00\x70\x00\x01\x00\x85\x00\x05\x00\x70\x00\x1f\x00\x85\x00\x04\x00\x66\x00\x33\x00\x8a"
    b"\x00\x12\x00\xae\x00\x15\x00\x4b\x00\x28\x00\x69\x00\xc3\xff\xff\x00\x0c\x00\x0a\x00\x01\x00\x1d"
    b"\x00\x03\x00\x0a\x00\x13\x00\x1d\x00\x26\x00\x22\x00\x01\x00\x0b\x00\x24\x00\x11\x00\x04\x00\x2a"
    b"\x00\x3d\xff\xff\x00\x04\x01\x78\x00\xb4\xff\xff\x00\x23\x00\xee\x00\x12\x01\x06\x00\x2c\x00\xfd"
    b"\x00\x3f\x00\xef\x00\x34\x01\x9b\x00\x05\x01\x7f\x00\x10\xff\xff\x00\x01\x01\x7f\x00\xb5\xff\xff"
    b"\x00\x02\x01\x8d\x01\x19\xff\xff\x00\x10\x00\x85\x00\x08\x00\x70\x00\x22\x00\x85\x00\x33\x00\x8a"
    b"\x00\x13\x00\xae\x00\x15\x00\x4b\x00\x26\x00\x69\x00\xc3\xff\xff\x00\x12\x00\x0a\x00\x15\x00\x1d"
    b"\x00\x23\x00\x22\x00\x03\x00\x0b\x00\x21\x00\x11\x00\x06\x00\x2a\x00\x3e\xff\xff\x00\x02\x01\x78"
    b"\x00\xb3\xff\xff\x00\x22\x00\xee\x00\x14\x01\x06\x00\x2c\x00\xfd\x00\x3f\x00\xef\x00\x34\x01\x9b"
    b"\x00\x05\x01\x7f\x00\x88\xff\xff\x00\x01\x01\x8c\x00\x3e\xff\xff\x00\x01\x01\x8d\x01\x19\xff\xff"
    b"\x00\x11\x00\x85\x00\x07\x00\x70\x00\x21\x00\x85\x00\x02\x00\x4f\x00\x33\x00\x8a\x00\x12\x00\xae"
    b"\x00\x16\x00\x4b\x00\x24\x00\x69\x00\x10\xff\xff\x00\x02\x00\x69\x00\x03\xff\xff\x00\x02\x00\x9b"
    b"\x00\xac\xff\xff\x00\x02\x00\x1f\x00\x13\x00\x0a\x00\x13\x00\x1d\x00\x22\x00\x22\x00\x04\x00\x0b"
    b"\x00\x1f\x00\x11\x00\x08\x00\x2a\x00\x3c\xff\xff\x00\x01\x01\x78\x00\x01\xff\xff\x00\x01\x01\x78"
    b"\x00\xb3\xff\xff\x00\x22\x00\xee\x00\x15\x01\x06\x00\x2b\x00\xfd\x00\x40\x00\xef\x00\x34\x01\x9b"
    b"\x00\x04\x01\x7f\x00\x7b\xff\xff\x00\x01\x01\x8c\x00\x09\xff\xff\x00\x02\x01\x8c\x00\x01\xff\xff"
    b"\x00\x02\x01\x8c\x01\x58\xff\xff\x00\x11\x00\x85\x00\x07\x00\x70\x00\x20\x00\x85\x00\x03\x00\x4f"
    b"\x00\x33\x00\x8a\x00\x13\x00\xae\x00\x15\x00\x4b\x00\x23\x00\x69\x00\x17\xff\xff\x00\x01\x00\x9b"
    b"\x00\xab\xff\xff\x00\x03\x00\x1f\x00\x02\x00\x0a\x00\x01\x00\x1f\x00\x10\x00\x0a\x00\x13\x00\x1d"
    b"\x00\x22\x00\x22\x00\x05\x00\x0b\x00\x1d\x00\x11\x00\x0a\x00\x2a\x00\x3b\xff\xff\x00\x03\x01\x78"
    b"\x00\xb2\xff\xff\x00\x24\x00\xee\x00\x14\x01\x06\x00\x2b\x00\xfd\x00\x40\x00\xef\x00\x34\x01\x9b"
    b"\x00\x04\x01\x7f\x01\xef\xff\xff\x00\x0c\x00\x70\x00\x1f\x00\x85\x00\x03\x00\x4f\x00\x34\x00\x8a"
    b"\x00\x12\x00\xae\x00\x01\x00\x4b\x00\x01\x00\xae\x00\x13\x00\x4b\x00\x21\x00\x69\x00\xc5\xff\xff"
    b"\x00\x06\x00\x1f\x00\x11\x00\x0a\x00\x12\x00\x1d\x00\x22\x00\x22\x00\x06\x00\x0b\x00\x1c\x00\x11"
    b"\x00\x0a\x00\x2a\x00\xf0\xff\xff\x00\x24\x00\xee\x00\x14\x01\x06\x00\x2b\x00\xfd\x00\x40\x00\xef"
    b"\x00\x34\x01\x9b\x00\x04\x01\x7f\x00\x87\xff\xff\x00\x01\x01\x8c\x01\x67\xff\xff\x00\x0d\x00\x70"
    b"\x00\x1f\x00\x85\x00\x02\x00\x4f\x00\x34\x00\x8a\x00\x14\x00\xae\x00\x14\x00\x4b\x00\x1f\x00\x69"
    b"\x00\xc5\xff\xff\x00\x06\x00\x1f\x00\x12\x00\x0a\x00\x12\x00\x1d\x00\x22\x00\x22\x00\x06\x00\x0b"
    b"\x00\x1c\x00\x11\x00\x0b\x00\x2a\x00\xee\xff\xff\x00\x25\x00\xee\x00\x15\x01\x06\x00\x2a\x00\xfd"
    b"\x00\x40\x00\xef\x00\x31\x01\x9b\x00\x01\xff\xff\x00\x02\x01\x9b\x00\x03\x01\x7f\x00\x85\xff\xff"
    b"\x00\x02\x01\x8c\x01\x69\xff\xff\x00\x0f\x00\x70\x00\x1d\x00\x85\x00\x02\x00\x4f\x00\x35\x00\x8a"
    b"\x00\x12\x00\xae\x00\x15\x00\x4b\x00\x1d\x00\x69\x00\xc5\xff\xff\x00\x08\x00\x1f\x00\x12\x00\x0a"
    b"\x00\x12\x00\x1d\x00\x21\x00\x22\x00\x06\x00\x0b\x00\x1b\x00\x11\x00\x0e\x00\x2a\x00\xec\xff\xff"
    b"\x00\x26\x00\xee\x00\x15\x01\x06\x00\x2a\x00\xfd\x00\x40\x00\xef\x00\x30\x01\x9b\x00\x8d\xff\xff"
    b"\x00\x01\x01\x8c\x01\x69\xff\xff\x00\x12\x00\x70\x00\x1a\x00\x85\x00\x02\x00\x4f\x00\x35\x00\x8a"
    b"\x00\x12\x00\xae\x00\x16\x00\x4b\x00\x14\x00\x69\x00\x03\xff\xff\x00\x03\x00\x69\x00\xc6\xff\xff"
    b"\x00\x08\x00\x1f\x00\x13\x00\x0a\x00\x12\x00\x1d\x00\x03\x00\x22\x00\x01\x00\x1d\x00\x1d\x00\x22"
    b"\x00\x01\x00\x0b\x00\x03\x00\x1c\x00\x02\x00\x0b\x00\x1a\x00\x11\x00\x10\x00\x2a\x00\xea\xff\xff"
    b"\x00\x27\x00\xee\x00\x16\x01\x06\x00\x27\x00\xfd\x00\x42\x00\xef\x00\x2f\x01\x9b\x00\x5c\xff\xff"
    b"\x00\x02\x01\x9f\x00\x01\xff\xff\x00\x02\x01\x9f\x01\x97\xff\xff\x00\x14\x00\x70\x00\x0d\x00\x85"
    b"\x00\x01\x00\x4f\x00\x01\x00\x85\x00\x02\x00\x4f\x00\x02\x00\x85\x00\x01\x00\x4f\x00\x02\x00\x85"
    b"\x00\x05\x00\x4f\x00\x34\x00\x8a\x00\x12\x00\xae\x00\x16\x00\x4b\x00\x10\x00\x69\x00\xd0\xff\xff"
    b"\x00\x0c\x00\x1f\x00\x03\x00\x0a\x00\x01\x00\x1f\x00\x02\x00\x0a\x00\x01\x00\x1f\x00\x08\x00\x0a"
    b"\x00\x17\x00\x1d\x00\x1c\x00\x22\x00\x05\x00\x1c\x00\x01\x00\x0b\x00\x01\x00\x1c\x00\x17\x00\x11"
    b"\x00\x13\x00\x2a\x00\xe8\xff\xff\x00\x29\x00\xee\x00\x16\x01\x06\x00\x25\x00\xfd\x00\x43\x00\xef"
    b"\x00\x03\xff\xff\x00\x29\x01\x9b\x00\x5f\xff\xff\x00\x02\x01\x9f\x01\x9a\xff\xff\x00\x15\x00\x70"
    b"\x00\x0c\x00\x85\x00\x0e\x00\x4f\x00\x33\x00\x8a\x00\x12\x00\xae\x00\x18\x00\x4b\x00\x0c\x00\x69"
    b"\x00\xd2\xff\xff\x00\x0d\x00\x1f\x00\x02\x00\x0a\x00\x05\x00\x1f\x00\x08\x00\x0a\x00\x18\x00\x1d"
    b"\x00\x1c\x00\x22\x00\x07\x00\x1c\x00\x14\x00\x11\x00\x16\x00\x2a\x00\xe6\xff\xff\x00\x2a\x00\xee"
    b"\x00\x17\x01\x06\x00\x24\x00\xfd\x00\x40\x00\xef\x00\x07\xff\xff\x00\x27\x01\x9b\x00\x5f\xff\xff"
    b"\x00\x01\x01\x9f\x01\x9c\xff\xff\x00\x16\x00\x70\x00\x0b\x00\x85\x00\x0e\x00\x4f\x00\x32\x00\x8a"
    b"\x00\x13\x00\xae\x00\x18\x00\x4b\x00\x0a\x00\x69\x00\xd3\xff\xff\x00\x0e\x00\x1f\x00\x01\x00\x0a"
    b"\x00\x07\x00\x1f\x00\x08\x00\x0a\x00\x18\x00\x1d\x00\x01\x00\x22\x00\x04\x00\x1d\x00\x16\x00\x22"
    b"\x00\x06\x00\x1c\x00\x13\x00\x11\x00\x19\x00\x2a\x00\xe4\xff\xff\x00\x27\x00\xee\x00\x1b\x01\x06"
    b"\x00\x23\x00\xfd\x00\x3f\x00\xef\x00\x0a\xff\xff\x00\x24\x01\x9b\x00\x5f\xff\xff\x00\x04\x01\x9f"
    b"\x01\x9b\xff\xff\x00\x16\x00\x70\x00\x09\x00\x85\x00\x10\x00\x4f\x00\x30\x00\x8a\x00\x15\x00\xae"
    b"\x00\x18\x00\x4b\x00\x09\x00\x69\x00\xc6\xff\xff\x00\x01\x00\x24\x00\x0d\xff\xff\x00\x16\x00\x1f"
    b"\x00\x09\x00\x0a\x00\x1f\x00\x1d\x00\x13\x00\x22\x00\x06\x00\x1c\x00\x12\x00\x11\x00\x19\x00\x2a"
    b"\x00\x01\x00\x28\x00\xe3\xff\xff\x00\x28\x00\xee\x00\x1b\x01\x06\x00\x23\x00\xfd\x00\x3d\x00\xef"
    b"\x00\x0d\xff\xff\x00\x10\x01\x9b\x00\x07\xff\xff\x00\x0b\x01\x9b\x00\x5f\xff\xff\x00\x05\x01\x9f"
    b"\x01\x74\xff\xff\x00\x06\x01\x87\x00\x21\xff\xff\x00\x17\x00\x70\x00\x08\x00\x85\x00\x10\x00\x4f"
    b"\x00\x1e\x00\x8a\x00\x02\x00\x4e\x00\x0e\x00\x8a\x00\x18\x00\xae\x00\x17\x00\x4b\x00\x07\x00\x69"
    b"\x00\xc8\xff\xff\x00\x01\x00\x24\x00\x0c\xff\xff\x00\x17\x00\x1f\x00\x09\x00\x0a\x00\x1e\x00\x1d"
    b"\x00\x15\x00\x22\x00\x01\x00\x1a\x00\x03\x00\x1c\x00\x11\x00\x11\x00\x1b\x00\x2a\x00\x02\x00\x28"
    b"\x00\xe2\xff\xff\x00\x27\x00\xee\x00\x1d\x01\x06\x00\x22\x00\xfd\x00\x3b\x00\xef\x00\x10\xff\xff"
    b"\x00\x0e\x01\x9b\x00\x0b\xff\xff\x00\x04\x01\x9b\x00\x62\xff\xff\x00\x09\x01\x9f\x01\x6e\xff\xff"
    b"\x00\x0a\x01\x87\x00\x20\xff\xff\x00\x17\x00\x70\x00\x06\x00\x85\x00\x12\x00\x4f\x00\x1e\x00\x8a"
    b"\x00\x02\x00\x4e\x00\x0d\x00\x8a\x00\x18\x00\xae\x00\x19\x00\x4b\x00\x05\x00\x69\x00\xd6\xff\xff"
    b"\x00\x17\x00\x1f\x00\x0a\x00\x0a\x00\x1b\x00\x1d\x00\x17\x00\x22\x00\x03\x00\x1a\x00\x01\x00\x1c"
    b"\x00\x0f\x00\x11\x00\x1c\x00\x2a\x00\x04\x00\x28\x00\xe0\xff\xff\x00\x28\x00\xee\x00\x1e\x01\x06"
    b"\x00\x22\x00\xfd\x00\x35\x00\xef\x00\x18\xff\xff\x00\x0a\x01\x9b\x00\x71\xff\xff\x00\x07\x01\x9f"
    b"\x00\x01\xff\xff\x00\x01\x01\x9f\x01\x6f\xff\xff\x00\x0b\x01\x87\x00\x20\xff\xff\x00\x17\x00\x70"
    b"\x00\x04\x00\x85\x00\x13\x00\x4f\x00\x1d\x00\x8a\x00\x03\x00\x4e\x00\x0c\x00\x8a\x00\x18\x00\xae"
    b"\x00\x1a\x00\x4b\x00\x02\x00\x69\x00\xd8\xff\xff\x00\x18\x00\x1f\x00\x0c\x00\x0a\x00\x18\x00\x1d"
    b"\x00\x19\x00\x22\x00\x11\x00\x1a\x00\x1c\x00\x2a\x00\x06\x00\x28\x00\x7a\xff\xff\x00\x01\x01\x79"
    b"\x00\x64\xff\xff\x00\x28\x00\xee\x00\x1c\x01\x06\x00\x25\x00\xfd\x00\x30\x00\xef\x00\x20\xff\xff"
    b"\x00\x05\x01\x9b\x00\x5e\xff\xff\x00\x02\x01\x9f\x00\x12\xff\xff\x00\x05\x01\x9f\x01\x73\xff\xff"
    b"\x00\x0b\x01\x87\x00\x20\xff\xff\x00\x17\x00\x70\x00\x04\x00\x85\x00\x13\x00\x4f\x00\x1d\x00\x8a"
    b"\x00\x03\x00\x4e\x00\x02\x00\x8a\x00\x03\x00\x4e\x00\x06\x00\x8a\x00\x19\x00\xae\x00\x18\x00\x4b"
    b"\x00\xdc\xff\xff\x00\x18\x00\x1f\x00\x0d\x00\x0a\x00\x18\x00\x1d\x00\x18\x00\x22\x00\x11\x00\x1a"
    b"\x00\x1c\x00\x2a\x00\x06\x00\x28\x00\x7a\xff\xff\x00\x02\x01\x79\x00\x62\xff\xff\x00\x29\x00\xee"
    b"\x00\x1c\x01\x06\x00\x26\x00\xfd\x00\x2d\x00\xef\x00\x24\xff\xff\x00\x02\x01\x9b\x00\x55\xff\xff"
    b"\x00\x02\x01\x93\x00\x1b\xff\xff\x00\x04\x01\x9f\x01\x75\xff\xff\x00\x0a\x01\x87\x00\x22\xff\xff"
    b"\x00\x15\x00\x70\x00\x04\x00\x85\x00\x13\x00\x4f\x00\x1e\x00\x8a\x00\x08\x00\x4e\x00\x06\x00\x8a"
    b"\x00\x18\x00\xae\x00\x15\x00\x4b\x00\xe1\xff\xff\x00\x16\x00\x1f\x00\x0e\x00\x0a\x00\x15\x00\x1d"
    b"\x00\x1b\x00\x22\x00\x11\x00\x1a\x00\x1c\x00\x2a\x00\x07\x00\x28\x00\x78\xff\xff\x00\x04\x01\x79"
    b"\x00\x60\xff\xff\x00\x2a\x00\xee\x00\x1c\x01\x06\x00\x27\x00\xfd\x00\x2b\x00\xef\x00\x7c\xff\xff"
    b"\x00\x01\x01\x93\x00\x1c\xff\xff\x00\x02\x01\x9f\x01\x76\xff\xff\x00\x0a\x01\x87\x00\x23\xff\xff"
    b"\x00\x16\x00\x70\x00\x01\x00\x85\x00\x14\x00\x4f\x00\x1f\x00\x8a\x00\x08\x00\x4e\x00\x06\x00\x8a"
    b"\x00\x17\x00\xae\x00\x15\x00\x4b\x00\xd8\xff\xff\x00\x02\x00\x30\x00\x08\xff\xff\x00\x14\x00\x1f"
    b"\x00\x10\x00\x0a\x00\x16\x00\x1d\x00\x1a\x00\x22\x00\x11\x00\x1a\x00\x1c\x00\x2a\x00\x08\x00\x28"
    b"\x00\x77\xff\xff\x00\x04\x01\x79\x00\x60\xff\xff\x00\x2a\x00\xee\x00\x1b\x01\x06\x00\x29\x00\xfd"
    b"\x00\x1c\x00\xef\x00\x02\xff\xff\x00\x0a\x00\xef\x02\x13\xff\xff\x00\x0a\x01\x87\x00\x24\xff\xff"
    b"\x00\x12\x00\x70\x00\x18\x00\x4f\x00\x1e\x00\x8a\x00\x0a\x00\x4e\x00\x04\x00\x8a\x00\x18\x00\xae"
    b"\x00\x14\x00\x4b\x00\xd9\xff\xff\x00\x03\x00\x30\x00\x08\xff\xff\x00\x14\x00\x1f\x00\x0f\x00\x0a"
    b"\x00\x16\x00\x1d\x00\x1a\x00\x22\x00\x11\x00\x1a\x00\x1c\x00\x2a\x00\x09\x00\x28\x00\x76\xff\xff"
    b"\x00\x04\x01\x79\x00\x5f\xff\xff\x00\x2b\x00\xee\x00\x1a\x01\x06\x00\x2b\x00\xfd\x00\x1a\x00\xef"
    b"\x00\x04\xff\xff\x00\x09\x00\xef\x00\x98\xff\xff\x00\x03\x01\x9f\x01\x78\xff\xff\x00\x09\x01\x87"
    b"\x00\x25\xff\xff\x00\x0d\x00\x70\x00\x03\x00\x4f\x00\x01\x00\x70\x00\x19\x00\x4f\x00\x1e\x00\x8a"
    b"\x00\x0e\x00\x4e\x00\x17\x00\xae\x00\x14\x00\x4b\x00\xda\xff\xff\x00\x03\x00\x30\x00\x08\xff\xff"
    b"\x00\x14\x00\x1f\x00\x10\x00\x0a\x00\x14\x00\x1d\x00\x1b\x00\x22\x00\x11\x00\x1a\x00\x1c\x00\x2a"
    b"\x00\x0a\x00\x28\x00\x75\xff\xff\x00\x04\x01\x79\x00\x5e\xff\xff\x00\x2c\x00\xee\x00\x1c\x01\x06"
    b"\x00\x29\x00\xfd\x00\x1a\x00\xef\x00\x05\xff\xff\x00\x07\x00\xef\x00\x98\xff\xff\x00\x05\x01\x9f"
    b"\x01\x77\xff\xff\x00\x07\x01\x87\x00\x28\xff\xff\x00\x0b\x00\x70\x00\x1f\x00\x4f\x00\x1d\x00\x8a"
    b"\x00\x0e\x00\x4e\x00\x17\x00\xae\x00\x13\x00\x4b\x00\xdc\xff\xff\x00\x03\x00\x30\x00\x07\xff\xff"
    b"\x00\x15\x00\x1f\x00\x0e\x00\x0a\x00\x15\x00\x1d\x00\x1c\x00\x22\x00\x11\x00\x1a\x00\x1b\x00\x2a"
    b"\x00\x0b\x00\x28\x00\x74\xff\xff\x00\x04\x01\x79\x00\x5e\xff\xff\x00\x2c\x00\xee\x00\x18\x01\x06"
    b"\x00\x01\x00\xfd\x00\x02\x01\x06\x00\x2a\x00\xfd\x00\x19\x00\xef\x00\x07\xff\xff\x00\x05\x00\xef"
    b"\x00\x98\xff\xff\x00\x05\x01\x9f\x01\x78\xff\xff\x00\x05\x01\x87\x00\x2a\xff\xff\x00\x09\x00\x70"
    b"\x00\x23\x00\x4f\x00\x0b\x00\x8a\x00\x02\x00\x54\x00\x02\x00\x8a\x00\x01\x00\x54\x00\x0b\x00\x8a"
    b"\x00\x0e\x00\x4e\x00\x17\x00\xae\x00\x12\x00\x4b\x00\x4d\xff\xff\x00\x01\x00\x9b\x00\x8f\xff\xff"
    b"\x00\x03\x00\x30\x00\x07\xff\xff\x00\x02\x00\x24\x00\x14\x00\x1f\x00\x0d\x00\x0a\x00\x14\x00\x1d"
    b"\x00\x1d\x00\x22\x00\x12\x00\x1a\x00\x1a\x00\x2a\x00\x0c\x00\x28\x00\x73\xff\xff\x00\x04\x01\x79"
    b"\x00\x5d\xff\xff\x00\x2d\x00\xee\x00\x09\x01\x06\x00\x01\x00\xf9\x00\x0d\x01\x06\x00\x2e\x00\xfd"
    b"\x00\x10\x00\xef\x00\x05\xff\xff\x00\x04\x00\xef\x00\x09\xff\xff\x00\x03\x00\xef\x00\x50\xff\xff"
    b"\x00\x01\x01\x9a\x00\x47\xff\xff\x00\x04\x01\x9f\x01\x79\xff\xff\x00\x04\x01\x87\x00\x2c\xff\xff"
    b"\x00\x07\x00\x70\x00\x22\x00\x4f\x00\x0c\x00\x8a\x00\x06\x00\x54\x00\x0b\x00\x8a\x00\x0e\x00\x4e"
    b"\x00\x16\x00\xae\x00\x12\x00\x4b\x00\xdf\xff\xff\x00\x03\x00\x30\x00\x07\xff\xff\x00\x08\x00\x24"
    b"\x00\x0c\x00\x1f\x00\x0f\x00\x0a\x00\x13\x00\x1d\x00\x1e\x00\x22\x00\x11\x00\x1a\x00\x1a\x00\x2a"
    b"\x00\x0d\x00\x28\x00\x72\xff\xff\x00\x04\x01\x79\x00\x5d\xff\xff\x00\x2d\x00\xee\x00\x08\x01\x06"
    b"\x00\x07\x00\xf9\x00\x08\x01\x06\x00\x2e\x00\xfd\x00\x0f\x00\xef\x00\x07\xff\xff\x00\x02\x00\xef"
    b"\x00\x0b\xff\xff\x00\x01\x00\xef\x00\x50\xff\xff\x00\x02\x01\x9a\x00\x47\xff\xff\x00\x03\x01\x9f"
    b"\x01\x79\xff\xff\x00\x04\x01\x87\x00\x2e\xff\xff\x00\x04\x00\x70\x00\x24\x00\x4f\x00\x0b\x00\x8a"
    b"\x00\x01\x00\x4f\x00\x09\x00\x54\x00\x08\x00\x8a\x00\x0d\x00\x4e\x00\x03\x00\x71\x00\x13\x00\xae"
    b"\x00\x12\x00\x4b\x00\xe1\xff\xff\x00\x02\x00\x30\x00\x07\xff\xff\x00\x08\x00\x24\x00\x08\x00\x1f"
    b"\x00\x02\x00\x0a\x00\x02\x00\x1f\x00\x0f\x00\x0a\x00\x13\x00\x1d\x00\x20\x00\x22\x00\x10\x00\x1a"
    b"\x00\x19\x00\x2a\x00\x0f\x00\x28\x00\x70\xff\xff\x00\x04\x01\x79\x00\x5c\xff\xff\x00\x19\x00\xee"
    b"\x00\x03\x00\xf8\x00\x01\x01\x10\x00\x01\x00\xf8\x00\x01\x01\x10\x00\x10\x00\xee\x00\x06\x01\x06"
    b"\x00\x09\x00\xf9\x00\x04\x01\x06\x00\x02\x00\xf9\x00\x02\x01\x06\x00\x17\x00\xfd\x00\x02\xff\xff"
    b"\x00\x07\x00\xfd\x00\x08\xff\xff\x00\x06\x00\xfd\x00\x0d\x00\xef\x00\xaf\xff\xff\x00\x03\x01\x9f"
    b"\x00\x74\xff\xff\x00\x02\x01\x8d\x01\x03\xff\xff\x00\x02\x01\x87\x00\x32\xff\xff\x00\x26\x00\x4f"
    b"\x00\x0a\x00\x8a\x00\x01\x00\x4f\x00\x0c\x00\x54\x00\x05\x00\x8a\x00\x0d\x00\x4e\x00\x06\x00\x71"
    b"\x00\x0f\x00\xae\x00\x13\x00\x4b\x00\xe2\xff\xff\x00\x03\x00\x30\x00\x07\xff\xff\x00\x07\x00\x24"
    b"\x00\x08\x00\x1f\x00\x13\x00\x0a\x00\x11\x00\x1d\x00\x22\x00\x22\x00\x11\x00\x1a\x00\x18\x00\x2a"
    b"\x00\x10\x00\x28\x00\x6f\xff\xff\x00\x04\x01\x79\x00\x5b\xff\xff\x00\x19\x00\xee\x00\x08\x00\xf8"
    b"\x00\x01\xff\xff\x00\x0e\x00\xee\x00\x05\x01\x06\x00\x14\x00\xf9\x00\x13\x00\xfd\x00\x14\xff\xff"
    b"\x00\x05\x00\xfd\x00\x0d\x00\xef\x00\xaf\xff\xff\x00\x03\x01\x9f\x00\x73\xff\xff\x00\x03\x01\x8d"
    b"\x01\x38\xff\xff\x00\x2b\x00\x4f\x00\x04\x00\x8a\x00\x01\x00\x4f\x00\x0c\x00\x54\x00\x05\x00\x8a"
    b"\x00\x0c\x00\x4e\x00\x09\x00\x71\x00\x05\x00\xae\x00\x01\x00\xa2\x00\x05\x00\xae\x00\x14\x00\x4b"
    b"\x00\xe4\xff\xff\x00\x01\x00\x30\x00\x08\xff\xff\x00\x08\x00\x24\x00\x07\x00\x1f\x00\x0a\x00\x0a"
    b"\x00\x01\x00\x13\x00\x08\x00\x0a\x00\x12\x00\x1d\x00\x22\x00\x22\x00\x10\x00\x1a\x00\x18\x00\x2a"
    b"\x00\x12\x00\x28\x00\x6d\xff\xff\x00\x04\x01\x79\x00\x5a\xff\xff\x00\x18\x00\xee\x00\x0a\x00\xf8"
    b"\x00\x01\xff\xff\x00\x0f\x00\xee\x00\x03\x01\x06\x00\x15\x00\xf9\x00\x12\x00\xfd\x00\x15\xff\xff"
    b"\x00\x06\x00\xfd\x00\x0c\x00\xef\x00\xae\xff\xff\x00\x04\x01\x9f\x00\x73\xff\xff\x00\x02\x01\x8d"
    b"\x01\x39\xff\xff\x00\x2e\x00\x4f\x00\x01\x00\x8a\x00\x01\x00\x4f\x00\x0e\x00\x54\x00\x01\x00\x8a"
    b"\x00\x0e\x00\x4e\x00\x0c\x00\x71\x00\x03\x00\xa2\x00\x05\x00\xae\x00\x02\x00\x4b\x00\x01\x00\x55"
    b"\x00\x10\x00\x4b\x00\xee\xff\xff\x00\x07\x00\x24\x00\x08\x00\x1f\x00\x06\x00\x0a\x00\x05\x00\x13"
    b"\x00\x08\x00\x0a\x00\x11\x00\x1d\x00\x01\x00\x22\x00\x02\x00\x1d\x00\x21\x00\x22\x00\x0f\x00\x1a"
    b"\x00\x18\x00\x2a\x00\x14\x00\x28\x00\x6b\xff\xff\x00\x04\x01\x79\x00\x59\xff\xff\x00\x18\x00\xee"
    b"\x00\x0b\x00\xf8\x00\x02\xff\xff\x00\x0f\x00\xee\x00\x03\x01\x06\x00\x01\x00\xf9\x00\x02\xff\xff"
    b"\x00\x11\x00\xf9\x00\x11\x00\xfd\x00\x17\xff\xff\x00\x06\x00\xfd\x00\x0b\x00\xef\x00\xae\xff\xff"
    b"\x00\x04\x01\x9f\x01\xaf\xff\xff\x00\x2e\x00\x4f\x00\x10\x00\x54\x00\x0d\x00\x4e\x00\x0c\x00\x71"
    b"\x00\x04\x00\xa2\x00\x05\x00\xae\x00\x01\x00\xa2\x00\x07\x00\x55\x00\x0a\x00\x4b\x00\xef\xff\xff"
    b"\x00\x01\x00\x24\x00\x1a\x00\x13\x00\x08\x00\x0a\x00\x15\x00\x1d\x00\x1d\x00\x22\x00\x11\x00\x1a"
    b"\x00\x18\x00\x2a\x00\x15\x00\x28\x00\x6a\xff\xff\x00\x04\x01\x79\x00\x58\xff\xff\x00\x17\x00\xee"
    b"\x00\x0d\x00\xf8\x00\x02\xff\xff\x00\x12\x00\xee\x00\x04\xff\xff\x00\x11\x00\xf9\x00\x0f\x00\xfd"
    b"\x00\x18\xff\xff\x00\x07\x00\xfd\x00\x0a\x00\xef\x00\xae\xff\xff\x00\x04\x01\x9f\x01\xaf\xff\xff"
    b"\x00\x2d\x00\x4f\x00\x0e\x00\x54\x00\x10\x00\x4e\x00\x0c\x00\x71\x00\x0b\x00\xa2\x00\x07\x00\x55"
    b"\x00\x08\x00\x4b\x00\xf1\xff\xff\x00\x19\x00\x13\x00\x02\x00\x06\x00\x07\x00\x0a\x00\x13\x00\x1d"
    b"\x00\x1f\x00\x22\x00\x10\x00\x1a\x00\x19\x00\x2a\x00\x16\x00\x28\x00\x69\xff\xff\x00\x04\x01\x79"
    b"\x00\x57\xff\xff\x00\x17\x00\xee\x00\x0e\x00\xf8\x00\x02\xff\xff\x00\x11\x00\xee\x00\x06\xff\xff"
    b"\x00\x10\x00\xf9\x00\x0f\x00\xfd\x00\x19\xff\xff\x00\x07\x00\xfd\x00\x08\x00\xef\x00\xaf\xff\xff"
    b"\x00\x04\x01\x9f\x01\xb0\xff\xff\x00\x2b\x00\x4f\x00\x0f\x00\x54\x00\x10\x00\x4e\x00\x0b\x00\x71"
    b"\x00\x0c\x00\xa2\x00\x07\x00\x55\x00\x07\x00\x4b\x00\xf2\xff\xff\x00\x19\x00\x13\x00\x02\x00\x06"
    b"\x00\x08\x00\x0a\x00\x12\x00\x1d\x00\x20\x00\x22\x00\x0f\x00\x1a\x00\x19\x00\x2a\x00\x17\x00\x28"
    b"\x00\x67\xff\xff\x00\x06\x01\x79\x00\x55\xff\xff\x00\x17\x00\xee\x00\x0e\x00\xf8\x00\x03\xff\xff"
    b"\x00\x10\x00\xee\x00\x07\xff\xff\x00\x11\x00\xf9\x00\x0e\x00\xfd\x00\x19\xff\xff\x00\x08\x00\xfd"
    b"\x00\x06\x00\xef\x00\x0a\xff\xff\x00\x04\x01\x98\x00\xa2\xff\xff\x00\x03\x01\x9f\x01\xb2\xff\xff"
    b"\x00\x2b\x00\x4f\x00\x0d\x00\x54\x00\x11\x00\x4e\x00\x0b\x00\x71\x00\x0c\x00\xa2\x00\x08\x00\x55"
    b"\x00\x06\x00\x4b\x00\xec\xff\xff\x00\x02\x00\x24\x00\x04\xff\xff\x00\x18\x00\x13\x00\x03\x00\x06"
    b"\x00\x08\x00\x0a\x00\x11\x00\x1d\x00\x20\x00\x22\x00\x0f\x00\x1a\x00\x1b\x00\x2a\x00\x17\x00\x28"
    b"\x00\x66\xff\xff\x00\x06\x01\x79\x00\x55\xff\xff\x00\x16\x00\xee\x00\x0e\x00\xf8\x00\x04\xff\xff"
    b"\x00\x0f\x00\xee\x00\x0a\xff\xff\x00\x10\x00\xf9\x00\x0c\x00\xfd\x00\x1a\xff\xff\x00\x0a\x00\xfd"
    b"\x00\x03\x00\xef\x00\x0b\xff\xff\x00\x05\x01\x98\x00\xa1\xff\xff\x00\x03\x01\x9f\x01\xb2\xff\xff"
    b"\x00\x2c\x00\x4f\x00\x0c\x00\x54\x00\x12\x00\x4e\x00\x08\x00\x71\x00\x0f\x00\xa2\x00\x07\x00\x55"
    b"\x00\x06\x00\x4b\x00\xec\xff\xff\x00\x03\x00\x24\x00\x02\xff\xff\x00\x18\x00\x13\x00\x04\x00\x06"
    b"\x00\x09\x00\x0a\x00\x0f\x00\x1d\x00\x22\x00\x22\x00\x0e\x00\x1a\x00\x1c\x00\x2a\x00\x17\x00\x28"
    b"\x00\x65\xff\xff\x00\x06\x01\x79\x00\x55\xff\xff\x00\x14\x00\xee\x00\x01\xff\xff\x00\x0d\x00\xf8"
    b"\x00\x08\xff\xff\x00\x0d\x00\xee\x00\x0e\xff\xff\x00\x0c\x00\xf9\x00\x0c\x00\xfd\x00\x1a\xff\xff"
    b"\x00\x0b\x00\xfd\x00\x0d\xff\xff\x00\x05\x01\x98\x00\xa1\xff\xff\x00\x03\x01\x9f\x00\x6d\xff\xff"
    b"\x00\x01\x01\x8d\x01\x45\xff\xff\x00\x2a\x00\x4f\x00\x0d\x00\x54\x00\x12\x00\x4e\x00\x08\x00\x71"
    b"\x00\x0f\x00\xa2\x00\x08\x00\x55\x00\x05\x00\x4b\x00\xec\xff\xff\x00\x04\x00\x24\x00\x01\xff\xff"
    b"\x00\x17\x00\x13\x00\x08\x00\x06\x00\x02\x00\x0a\x00\x03\x00\x06\x00\x12\x00\x1d\x00\x1e\x00\x22"
    b"\x00\x02\x00\x19\x00\x04\x00\x1a\x00\x01\x00\x19\x00\x09\x00\x1a\x00\x0e\x00\x2a\x00\x07\x00\x02"
    b"\x00\x08\x00\x2a\x00\x17\x00\x28\x00\x64\xff\xff\x00\x06\x01\x79\x00\x55\xff\xff\x00\x13\x00\xee"
    b"\x00\x01\xff\xff\x00\x0e\x00\xf8\x00\x0a\xff\xff\x00\x0a\x00\xee\x00\x11\xff\xff\x00\x0a\x00\xf9"
    b"\x00\x0c\x00\xfd\x00\x1a\xff\xff\x00\x0a\x00\xfd\x00\x0f\xff\xff\x00\x05\x01\x98\x01\x10\xff\xff"
    b"\x00\x02\x01\x8d\x01\x35\xff\xff\x00\x01\x00\x4f\x00\x0e\xff\xff\x00\x29\x00\x4f\x00\x0d\x00\x54"
    b"\x00\x05\x00\x4e\x00\x02\x00\x54\x00\x0d\x00\x4e\x00\x06\x00\x71\x00\x0f\x00\xa2\x00\x0a\x00\x55"
    b"\x00\x04\x00\x4b\x00\xed\xff\xff\x00\x02\x00\x24\x00\x19\x00\x13\x00\x0d\x00\x06\x00\x11\x00\x1d"
    b"\x00\x1f\x00\x22\x00\x0d\x00\x19\x00\x01\x00\x1a\x00\x0f\x00\x2a\x00\x08\x00\x02\x00\x08\x00\x2a"
    b"\x00\x18\x00\x28\x00\x63\xff\xff\x00\x06\x01\x79\x00\x55\xff\xff\x00\x12\x00\xee\x00\x01\xff\xff"
    b"\x00\x0f\x00\xf8\x00\x0c\xff\xff\x00\x08\x00\xee\x00\x12\xff\xff\x00\x09\x00\xf9\x00\x0b\x00\xfd"
    b"\x00\x1b\xff\xff\x00\x08\x00\xfd\x00\x11\xff\xff\x00\x06\x01\x98\x00\x58\xff\xff\x00\x02\x01\x9a"
    b"\x00\xb5\xff\xff\x00\x01\x01\x8d\x01\x36\xff\xff\x00\x01\x00\x4f\x00\x0f\xff\xff\x00\x28\x00\x4f"
    b"\x00\x0d\x00\x54\x00\x01\x00\x4e\x00\x07\x00\x54\x00\x01\x00\x4e\x00\x01\x00\x54\x00\x0a\x00\x4e"
    b"\x00\x06\x00\x71\x00\x0f\x00\xa2\x00\x0a\x00\x55\x00\x03\x00\x4b\x00\xe4\xff\xff\x00\x03\x00\x1e"
    b"\x00\x08\xff\xff\x00\x19\x00\x13\x00\x0e\x00\x06\x00\x0f\x00\x1d\x00\x01\x00\x06\x00\x01\x00\x1d"
    b"\x00\x1d\x00\x22\x00\x10\x00\x19\x00\x0e\x00\x2a\x00\x0c\x00\x02\x00\x02\x00\x2a\x00\x04\x00\x02"
    b"\x00\x18\x00\x28\x00\x62\xff\xff\x00\x06\x01\x79\x00\x55\xff\xff\x00\x10\x00\xee\x00\x02\xff\xff"
    b"\x00\x11\x00\xf8\x00\x0c\xff\xff\x00\x06\x00\xee\x00\x14\xff\xff\x00\x04\x00\xf9\x00\x01\x00\xdf"
    b"\x00\x04\x00\xf9\x00\x09\x00\xfd\x00\x04\x00\xf9\x00\x18\xff\xff\x00\x09\x00\xfd\x00\x11\xff\xff"
    b"\x00\x05\x01\x98\x02\x56\xff\xff\x00\x28\x00\x4f\x00\x19\x00\x54\x00\x07\x00\x4e\x00\x07\x00\x71"
    b"\x00\x0e\x00\xa2\x00\x0b\x00\x55\x00\x03\x00\x4b\x00\xab\xff\xff\x00\x03\x00\x29\x00\x02\x00\x00"
    b"\x00\x32\xff\xff\x00\x0c\x00\x1e\x00\x1a\x00\x13\x00\x0f\x00\x06\x00\x09\x00\x1d\x00\x06\x00\x06"
    b"\x00\x17\x00\x22\x00\x01\x00\x19\x00\x05\x00\x22\x00\x12\x00\x19\x00\x0b\x00\x2a\x00\x18\x00\x02"
    b"\x00\x15\x00\x28\x00\x61\xff\xff\x00\x06\x01\x79\x00\x55\xff\xff\x00\x0e\x00\xee\x00\x03\xff\xff"
    b"\x00\x12\x00\xf8\x00\x0e\xff\xff\x00\x04\x00\xee\x00\x14\xff\xff\x00\x03\x00\xf9\x00\x04\x00\xdf"
    b"\x00\x02\x00\xf9\x00\x01\x00\xfd\x00\x01\x00\xf9\x00\x01\x00\xfd\x00\x0b\x00\xf9\x00\x18\xff\xff"
    b"\x00\x08\x00\xfd\x00\x11\xff\xff\x00\x06\x01\x98\x01\x0a\xff\xff\x00\x01\x01\x8d\x01\x4a\xff\xff"
    b"\x00\x28\x00\x4f\x00\x1b\x00\x54\x00\x04\x00\x4e\x00\x09\x00\x71\x00\x0d\x00\xa2\x00\x0c\x00\x55"
    b"\x00\xab\xff\xff\x00\x05\x00\x29\x00\x05\x00\x00\x00\x10\xff\xff\x00\x02\x00\x01\x00\x1c\xff\xff"
    b"\x00\x0d\x00\x1e\x00\x19\x00\x13\x00\x11\x00\x06\x00\x06\x00\x1d\x00\x09\x00\x06\x00\x02\x00\x22"
    b"\x00\x01\x00\x06\x00\x11\x00\x22\x00\x07\x00\x19\x00\x01\x00\x22\x00\x19\x00\x19\x00\x1c\x00\x02"
    b"\x00\x15\x00\x28\x00\x61\xff\xff\x00\x06\x01\x79\x00\x55\xff\xff\x00\x0d\x00\xee\x00\x04\xff\xff"
    b"\x00\x12\x00\xf8\x00\x0e\xff\xff\x00\x03\x00\xee\x00\x16\xff\xff\x00\x01\x00\xf9\x00\x03\x00\xdf"
    b"\x00\x01\x00\xf9\x00\x01\x00\xdf\x00\x0f\x00\xf9\x00\x04\x00\xfe\x00\x15\xff\xff\x00\x08\x00\xfd"
    b"\x00\x12\xff\xff\x00\x06\x01\x98\x00\x8d\xff\xff\x00\x02\x01\x90\x00\x7a\xff\xff\x00\x01\x01\x8d"
    b"\x01\x4a\xff\xff\x00\x28\x00\x4f\x00\x1c\x00\x54\x00\x03\x00\x4e\x00\x08\x00\x71\x00\x0e\x00\xa2"
    b"\x00\x0b\x00\x55\x00\xaa\xff\xff\x00\x07\x00\x29\x00\x08\x00\x00\x00\x0a\xff\xff\x00\x07\x00\x01"
    b"\x00\x1a\xff\xff\x00\x0d\x00\x1e\x00\x19\x00\x13\x00\x11\x00\x06\x00\x05\x00\x1d\x00\x0f\x00\x06"
    b"\x00\x0f\x00\x22\x00\x20\x00\x19\x00\x20\x00\x02\x00\x13\x00\x28\x00\x60\xff\xff\x00\x06\x01\x79"
    b"\x00\x55\xff\xff\x00\x0c\x00\xee\x00\x04\xff\xff\x00\x13\x00\xf8\x00\x0f\xff\xff\x00\x02\x00\xee"
    b"\x00\x19\xff\xff\x00\x03\x00\xdf\x00\x10\x00\xf9\x00\x05\x00\xfe\x00\x13\xff\xff\x00\x08\x00\xfd"
    b"\x00\x12\xff\xff\x00\x06\x01\x98\x00\x8d\xff\xff\x00\x03\x01\x90\x01\xc4\xff\xff\x00\x28\x00\x4f"
    b"\x00\x1c\x00\x54\x00\x03\x00\x4e\x00\x0b\x00\x71\x00\x0c\x00\xa2\x00\x08\x00\x55\x00\xab\xff\xff"
    b"\x00\x08\x00\x29\x00\x12\x00\x00\x00\x0a\x00\x01\x00\x17\xff\xff\x00\x0e\x00\x1e\x00\x18\x00\x13"
    b"\x00\x13\x00\x06\x00\x01\x00\x1d\x00\x16\x00\x06\x00\x05\x00\x22\x00\x02\x00\x06\x00\x01\x00\x22"
    b"\x00\x01\x00\x06\x00\x21\x00\x19\x00\x25\x00\x02\x00\x0e\x00\x28\x00\x60\xff\xff\x00\x06\x01\x79"
    b"\x00\x54\xff\xff\x00\x0c\x00\xee\x00\x04\xff\xff\x00\x13\x00\xf8\x00\x2c\xff\xff\x00\x01\x00\xdf"
    b"\x00\x12\x00\xf9\x00\x06\x00\xfe\x00\x13\xff\xff\x00\x06\x00\xfd\x00\x13\xff\xff\x00\x06\x01\x98"
    b"\x00\x50\xff\xff\x00\x01\x01\x81\x00\x24\xff\xff\x00\x02\x01\x8e\x00\x16\xff\xff\x00\x03\x01\x90"
    b"\x01\xc3\xff\xff\x00\x28\x00\x4f\x00\x1b\x00\x54\x00\x0f\x00\x71\x00\x0c\x00\xa2\x00\x07\x00\x55"
    b"\x00\xab\xff\xff\x00\x09\x00\x29\x00\x13\x00\x00\x00\x0b\x00\x01\x00\x14\xff\xff\x00\x0f\x00\x1e"
    b"\x00\x17\x00\x13\x00\x33\x00\x06\x00\x20\x00\x19\x00\x01\x00\x02\x00\x01\x00\x19\x00\x26\x00\x02"
    b"\x00\x0e\x00\x28\x00\x5f\xff\xff\x00\x05\x01\x79\x00\x55\xff\xff\x00\x0b\x00\xee\x00\x05\xff\xff"
    b"\x00\x12\x00\xf8\x00\x2e\xff\xff\x00\x12\x00\xf9\x00\x07\x00\xfe\x00\x0f\xff\xff\x00\x03\x00\xfe"
    b"\x00\x01\xff\xff\x00\x04\x00\xfd\x00\x14\xff\xff\x00\x06\x01\x98\x00\x4f\xff\xff\x00\x03\x01\x81"
    b"\x00\x23\xff\xff\x00\x02\x01\x8e\x00\x16\xff\xff\x00\x03\x01\x90\x01\xc3\xff\xff\x00\x28\x00\x4f"
    b"\x00\x1b\x00\x54\x00\x0f\x00\x71\x00\x0d\x00\xa2\x00\x05\x00\x55\x00\xab\xff\xff\x00\x0a\x00\x29"
    b"\x00\x13\x00\x00\x00\x0f\x00\x01\x00\x10\xff\xff\x00\x10\x00\x1e\x00\x16\x00\x13\x00\x33\x00\x06"
    b"\x00\x20\x00\x19\x00\x29\x00\x02\x00\x0e\x00\x28\x00\x5e\xff\xff\x00\x05\x01\x79\x00\x54\xff\xff"
    b"\x00\x06\x00\xee\x00\x0a\xff\xff\x00\x13\x00\xf8\x00\x2e\xff\xff\x00\x11\x00\xf9\x00\x0a\x00\xfe"
    b"\x00\x0c\xff\xff\x00\x05\x00\xfe\x00\x01\xff\xff\x00\x02\x00\xfd\x00\x16\xff\xff\x00\x06\x01\x98"
    b"\x00\x4e\xff\xff\x00\x03\x01\x81\x00\x0c\xff\xff\x00\x02\x01\x9a\x00\x2a\xff\xff\x00\x01\x01\x90"
    b"\x00\x03\xff\xff\x00\x03\x01\x90\x01\xc2\xff\xff\x00\x29\x00\x4f\x00\x19\x00\x54\x00\x10\x00\x71"
    b"\x00\x0d\x00\xa2\x00\x02\x00\x55\x00\xad\xff\xff\x00\x0b\x00\x29\x00\x12\x00\x00\x00\x11\x00\x01"
    b"\x00\x0e\xff\xff\x00\x11\x00\x1e\x00\x16\x00\x13\x00\x32\x00\x06\x00\x20\x00\x19\x00\x2b\x00\x02"
    b"\x00\x0d\x00\x28\x00\x5e\xff\xff\x00\x05\x01\x79\x00\x19\xff\xff\x00\x04\x00\xe1\x00\x37\xff\xff"
    b"\x00\x04\x00\xee\x00\x0c\xff\xff\x00\x09\x00\xf8\x00\x02\x00\xdb\x00\x01\x00\xf8\x00\x01\x00\xdb"
    b"\x00\x05\x00\xf8\x00\x30\xff\xff\x00\x0e\x00\xf9\x00\x0d\x00\xfe\x00\x09\xff\xff\x00\x08\x00\xfe"
    b"\x00\x19\xff\xff\x00\x06\x01\x98\x00\x4c\xff\xff\x00\x01\x01\x81\x00\x0f\xff\xff\x00\x02\x01\x9a"
    b"\x00\x2e\xff\xff\x00\x04\x01\x90\x00\x07\xff\xff\x00\x02\x01\x90\x01\xb8\xff\xff\x00\x29\x00\x4f"
    b"\x00\x19\x00\x54\x00\x11\x00\x71\x00\x02\x00\xa2\x00\x02\xff\xff\x00\x07\x00\xa2\x00\xad\xff\xff"
    b"\x00\x0d\x00\x29\x00\x13\x00\x00\x00\x11\x00\x01\x00\x02\x00\x20\x00\x01\x00\x2f\x00\x0a\xff\xff"
    b"\x00\x13\x00\x1e\x00\x15\x00\x13\x00\x30\x00\x06\x00\x22\x00\x19\x00\x2c\x00\x02\x00\x0d\x00\x28"
    b"\x00\x5c\xff\xff\x00\x06\x01\x79\x00\x18\xff\xff\x00\x07\x00\xe1\x00\x36\xff\xff\x00\x01\x00\xee"
    b"\x00\x0f\xff\xff\x00\x08\x00\xf8\x00\x04\x00\xdb\x00\x03\x00\xf8\x00\x32\xff\xff\x00\x0c\x00\xf9"
    b"\x00\x10\x00\xfe\x00\x03\xff\xff\x00\x0d\x00\xfe\x00\x19\xff\xff\x00\x06\x01\x98\x00\x4c\xff\xff"
    b"\x00\x01\x01\x81\x00\x1d\xff\xff\x00\x02\x01\x9a\x00\x20\xff\xff\x00\x04\x01\x90\x00\x06\xff\xff"
    b"\x00\x03\x01\x90\x01\xb8\xff\xff\x00\x20\x00\x4f\x00\x22\x00\x54\x00\x10\x00\x71\x00\xb9\xff\xff"
    b"\x00\x0a\x00\x29\x00\x15\x00\x00\x00\x10\x00\x01\x00\x04\x00\x20\x00\x04\x00\x2f\x00\x1b\x00\x1e"
    b"\x00\x15\x00\x13\x00\x2e\x00\x06\x00\x23\x00\x19\x00\x2d\x00\x02\x00\x0c\x00\x28\x00\x5d\xff\xff"
    b"\x00\x04\x01\x79\x00\x19\xff\xff\x00\x08\x00\xe1\x00\x45\xff\xff\x00\x02\x00\xdb\x00\x05\x00\xf8"
    b"\x00\x06\x00\xdb\x00\x01\x00\xf8\x00\x2a\xff\xff\x00\x02\x00\xdf\x00\x08\xff\xff\x00\x0a\x00\xf9"
    b"\x00\x22\x00\xfe\x00\x19\xff\xff\x00\x06\x01\x98\x00\x69\xff\xff\x00\x01\x01\x9a\x00\x21\xff\xff"
    b"\x00\x03\x01\x90\x00\x06\xff\xff\x00\x04\x01\x90\x01\xb8\xff\xff\x00\x20\x00\x4f\x00\x22\x00\x54"
    b"\x00\x0f\x00\x71\x00\xb8\xff\xff\x00\x0c\x00\x29\x00\x15\x00\x00\x00\x10\x00\x01\x00\x03\x00\x20"
    b"\x00\x05\x00\x2f\x00\x1c\x00\x1e\x00\x05\x00\x13\x00\x02\x00\x1e\x00\x0e\x00\x13\x00\x2e\x00\x06"
    b"\x00\x21\x00\x19\x00\x2f\x00\x02\x00\x0c\x00\x28\x00\x5c\xff\xff\x00\x04\x01\x79\x00\x19\xff\xff"
    b"\x00\x09\x00\xe1\x00\x2f\xff\xff\x00\x01\x00\xf6\x00\x14\xff\xff\x00\x0d\x00\xdb\x00\x36\xff\xff"
    b"\x00\x09\x00\xf9\x00\x22\x00\xfe\x00\x1a\xff\xff\x00\x06\x01\x98\x00\x21\xff\xff\x00\x02\x01\x81"
    b"\x00\x17\xff\xff\x00\x02\x01\x81\x00\x21\xff\xff\x00\x03\x01\x9a\x00\x04\xff\xff\x00\x02\x01\x9a"
    b"\x00\x23\xff\xff\x00\x03\x01\x90\x00\x07\xff\xff\x00\x04\x01\x90\x01\xb7\xff\xff\x00\x20\x00\x4f"
    b"\x00\x26\x00\x54\x00\x0b\x00\x71\x00\xb8\xff\xff\x00\x01\x00\x15\x00\x0d\x00\x29\x00\x14\x00\x00"
    b"\x00\x0f\x00\x01\x00\x04\x00\x20\x00\x05\x00\x2f\x00\x1d\x00\x1e\x00\x03\x00\x13\x00\x03\x00\x1e"
    b"\x00\x0e\x00\x13\x00\x2c\x00\x06\x00\x22\x00\x19\x00\x31\x00\x02\x00\x0b\x00\x28\x00\x5c\xff\xff"
    b"\x00\x04\x01\x79\x00\x19\xff\xff\x00\x09\x00\xe1\x00\x2e\xff\xff\x00\x03\x00\xf6\x00\x14\xff\xff"
    b"\x00\x0c\x00\xdb\x00\x37\xff\xff\x00\x08\x00\xf9\x00\x23\x00\xfe\x00\x1a\xff\xff\x00\x05\x01\x98"
    b"\x00\x22\xff\xff\x00\x01\x01\x81\x00\x18\xff\xff\x00\x01\x01\x81\x00\x09\xff\xff\x00\x02\x01\x81"
    b"\x00\x01\xff\xff\x00\x02\x01\x81\x00\x13\xff\xff\x00\x03\x01\x9a\x00\x29\xff\xff\x00\x03\x01\x90"
    b"\x00\x06\xff\xff\x00\x05\x01\x90\x01\xa7\xff\xff\x00\x10\x00\xa1\x00\x18\x00\x4f\x00\x2f\x00\x54"
    b"\x00\x08\x00\x71\x00\xb8\xff\xff\x00\x04\x00\x15\x00\x0c\x00\x29\x00\x15\x00\x00\x00\x0e\x00\x01"
    b"\x00\x05\x00\x20\x00\x04\x00\x2f\x00\x24\x00\x1e\x00\x0e\x00\x13\x00\x2a\x00\x06\x00\x22\x00\x19"
    b"\x00\x33\x00\x02\x00\x0b\x00\x28\x00\x5b\xff\xff\x00\x03\x01\x79\x00\x1a\xff\xff\x00\x09\x00\xe1"
    b"\x00\x2e\xff\xff\x00\x02\x00\xf6\x00\x13\xff\xff\x00\x0e\x00\xdb\x00\x38\xff\xff\x00\x06\x00\xf9"
    b"\x00\x24\x00\xfe\x00\x1b\xff\xff\x00\x05\x01\x98\x00\x26\xff\xff\x00\x02\x01\x81\x00\x1a\xff\xff"
    b"\x00\x04\x01\x81\x00\x01\xff\xff\x00\x01\x01\x81\x00\x13\xff\xff\x00\x04\x01\x9a\x00\x28\xff\xff"
    b"\x00\x04\x01\x90\x00\x05\xff\xff\x00\x06\x01\x90\x01\xa5\xff\xff\x00\x13\x00\xa1\x00\x16\x00\x4f"
    b"\x00\x2f\x00\x54\x00\x09\x00\x71\x00\xb5\xff\xff\x00\x08\x00\x15\x00\x07\x00\x29\x00\x02\x00\x0f"
    b"\x00\x01\x00\x29\x00\x16\x00\x00\x00\x0f\x00\x01\x00\x04\x00\x20\x00\x04\x00\x2f\x00\x25\x00\x1e"
    b"\x00\x0d\x00\x13\x00\x28\x00\x06\x00\x23\x00\x19\x00\x35\x00\x02\x00\x0a\x00\x28\x00\x77\xff\xff"
    b"\x00\x0a\x00\xe1\x00\x2d\xff\xff\x00\x03\x00\xf6\x00\x11\xff\xff\x00\x01\x00\xdb\x00\x01\xff\xff"
    b"\x00\x0e\x00\xdb\x00\x2d\xff\xff\x00\x02\x00\xf9\x00\x0b\xff\xff\x00\x03\x00\xf9\x00\x25\x00\xfe"
    b"\x00\x1c\xff\xff\x00\x04\x01\x98\x00\x23\xff\xff\x00\x02\x01\x81\x00\x01\xff\xff\x00\x01\x01\x81"
    b"\x00\x06\xff\xff\x00\x02\x01\x81\x00\x01\xff\xff\x00\x02\x01\x81\x00\x07\xff\xff\x00\x02\x01\x81"
    b"\x00\x07\xff\xff\x00\x04\x01\x81\x00\x0b\xff\xff\x00\x02\x01\x9a\x00\x33\xff\xff\x00\x04\x01\x90"
    b"\x00\x06\xff\xff\x00\x05\x01\x90\x01\xa5\xff\xff\x00\x15\x00\xa1\x00\x14\x00\x4f\x00\x2f\x00\x54"
    b"\x00\x09\x00\x71\x00\xb5\xff\xff\x00\x0a\x00\x15\x00\x06\x00\x29\x00\x02\x00\x0f\x00\x01\x00\x29"
    b"\x00\x01\x00\x0f\x00\x15\x00\x00\x00\x0e\x00\x01\x00\x05\x00\x20\x00\x04\x00\x2f\x00\x25\x00\x1e"
    b"\x00\x0e\x00\x13\x00\x03\x00\x2b\x00\x02\x00\x06\x00\x01\x00\x2b\x00\x21\x00\x06\x00\x22\x00\x19"
    b"\x00\x37\x00\x02\x00\x0a\x00\x28\x00\x76\xff\xff\x00\x0a\x00\xe1\x00\x2d\xff\xff\x00\x02\x00\xf6"
    b"\x00\x12\xff\xff\x00\x0f\x00\xdb\x00\x2e\xff\xff\x00\x03\x00\xf9\x00\x0b\xff\xff\x00\x27\x00\xfe"
    b"\x00\x1c\xff\xff\x00\x04\x01\x98\x00\x2c\xff\xff\x00\x03\x01\x81\x00\x0b\xff\xff\x00\x02\x01\x81"
    b"\x00\x07\xff\xff\x00\x03\x01\x81\x00\x0b\xff\xff\x00\x02\x01\x9a\x00\x32\xff\xff\x00\x05\x01\x90"
    b"\x00\x06\xff\xff\x00\x05\x01\x90\x01\xa4\xff\xff\x00\x17\x00\xa1\x00\x13\x00\x4f\x00\x31\x00\x54"
    b"\x00\x06\x00\x71\x00\xb6\xff\xff\x00\x0b\x00\x15\x00\x04\x00\x29\x00\x05\x00\x0f\x00\x16\x00\x00"
    b"\x00\x0d\x00\x01\x00\x05\x00\x20\x00\x04\x00\x2f\x00\x26\x00\x1e\x00\x0d\x00\x13\x00\x08\x00\x2b"
    b"\x00\x1f\x00\x06\x00\x1f\x00\x19\x00\x3b\x00\x02\x00\x09\x00\x28\x00\x76\xff\xff\x00\x09\x00\xe1"
    b"\x00\x2d\xff\xff\x00\x03\x00\xf6\x00\x11\xff\xff\x00\x0f\x00\xdb\x00\x2c\xff\xff\x00\x01\x00\xea"
    b"\x00\x03\xff\xff\x00\x02\x00\xf9\x00\x0a\xff\xff\x00\x28\x00\xfe\x00\x1d\xff\xff\x00\x04\x01\x98"
    b"\x00\x2b\xff\xff\x00\x01\x01\x81\x00\x21\xff\xff\x00\x01\x01\x9a\x00\x35\xff\xff\x00\x06\x01\x90"
    b"\x00\x06\xff\xff\x00\x04\x01\x90\x01\xa3\xff\xff\x00\x02\x00\x5a\x00\x17\x00\xa1\x00\x14\x00\x4f"
    b"\x00\x31\x00\x54\x00\x04\x00\x71\x00\xb6\xff\xff\x00\x0c\x00\x15\x00\x04\x00\x29\x00\x06\x00\x0f"
    b"\x00\x16\x00\x00\x00\x0c\x00\x01\x00\x05\x00\x20\x00\x04\x00\x2f\x00\x26\x00\x1e\x00\x0d\x00\x13"
    b"\x00\x0d\x00\x2b\x00\x18\x00\x06\x00\x22\x00\x19\x00\x36\x00\x02\x00\x0e\x00\x28\x00\x5b\xff\xff"
    b"\x00\x01\x00\xf6\x00\x0f\xff\xff\x00\x04\x00\xf6\x00\x06\xff\xff\x00\x09\x00\xe1\x00\x2d\xff\xff"
    b"\x00\x03\x00\xf6\x00\x11\xff\xff\x00\x0d\x00\xdb\x00\x2f\xff\xff\x00\x02\x00\xea\x00\x01\xff\xff"
    b"\x00\x05\x00\xf9\x00\x07\xff\xff\x00\x28\x00\xfe\x00\x1e\xff\xff\x00\x03\x01\x98\x00\x09\xff\xff"
    b"\x00\x01\x01\x81\x00\x0a\xff\xff\x00\x02\x01\x81\x00\x18\xff\xff\x00\x02\x01\x81\x00\x02\xff\xff"
    b"\x00\x01\x01\x81\x00\x19\xff\xff\x00\x02\x01\x9a\x00\x33\xff\xff\x00\x06\x01\x90\x00\x08\xff\xff"
    b"\x00\x04\x01\x90\x01\xa2\xff\xff\x00\x03\x00\x5a\x00\x17\x00\xa1\x00\x13\x00\x4f\x00\x33\x00\x54"
    b"\x00\x02\x00\x71\x00\xb7\xff\xff\x00\x0b\x00\x15\x00\x01\x00\x0f\x00\x01\x00\x15\x00\x03\x00\x29"
    b"\x00\x05\x00\x0f\x00\x17\x00\x00\x00\x0d\x00\x01\x00\x03\x00\x20\x00\x05\x00\x2f\x00\x26\x00\x1e"
    b"\x00\x0c\x00\x13\x00\x0f\x00\x2b\x00\x15\x00\x06\x00\x24\x00\x19\x00\x33\x00\x02\x00\x12\x00\x28"
    b"\x00\x59\xff\xff\x00\x02\x00\xf6\x00\x0e\xff\xff\x00\x06\x00\xf6\x00\x05\xff\xff\x00\x08\x00\xe1"
    b"\x00\x2d\xff\xff\x00\x04\x00\xf6\x00\x0f\xff\xff\x00\x01\x00\xdb\x00\x01\xff\xff\x00\x0c\x00\xdb"
    b"\x00\x0e\xff\xff\x00\x07\x00\xea\x00\x1c\xff\xff\x00\x01\x00\xea\x00\x06\xff\xff\x00\x02\x00\xfe"
    b"\x00\x05\xff\xff\x00\x28\x00\xfe\x00\x1f\xff\xff\x00\x01\x01\x98\x00\x0a\xff\xff\x00\x02\x01\x81"
    b"\x00\x32\xff\xff\x00\x01\x01\x81\x00\x03\xff\xff\x00\x04\x01\x81\x00\x3a\xff\xff\x00\x06\x01\x90"
    b"\x00\x09\xff\xff\x00\x04\x01\x90\x01\xa1\xff\xff\x00\x06\x00\x5a\x00\x15\x00\xa1\x00\x13\x00\x4f"
    b"\x00\x34\x00\x54\x00\xb9\xff\xff\x00\x0c\x00\x15\x00\x0b\x00\x0f\x00\x15\x00\x00\x00\x0c\x00\x01"
    b"\x00\x04\x00\x20\x00\x05\x00\x2f\x00\x27\x00\x1e\x00\x0a\x00\x13\x00\x10\x00\x2b\x00\x15\x00\x06"
    b"\x00\x28\x00\x19\x00\x2c\x00\x02\x00\x15\x00\x28\x00\x59\xff\xff\x00\x03\x00\xf6\x00\x0c\xff\xff"
    b"\x00\x08\x00\xf6\x00\x04\xff\xff\x00\x08\x00\xe1\x00\x2d\xff\xff\x00\x02\x00\xf6\x00\x01\xff\xff"
    b"\x00\x01\x00\xf6\x00\x0f\xff\xff\x00\x01\x00\xdb\x00\x01\xff\xff\x00\x0b\x00\xdb\x00\x0d\xff\xff"
    b"\x00\x0c\x00\xea\x00\x12\xff\xff\x00\x02\x00\xea\x00\x08\xff\xff\x00\x01\x00\xea\x00\x0b\xff\xff"
    b"\x00\x26\x00\xfe\x00\x2b\xff\xff\x00\x02\x01\x81\x00\x1a\xff\xff\x00\x02\x01\x81\x00\x13\xff\xff"
    b"\x00\x02\x01\x81\x00\x01\xff\xff\x00\x01\x01\x81\x00\x03\xff\xff\x00\x05\x01\x81\x00\x37\xff\xff"
    b"\x00\x05\x01\x90\x00\x02\x01\x8f\x00\x09\xff\xff\x00\x05\x01\x90\x01\xa0\xff\xff\x00\x07\x00\x5a"
    b"\x00\x16\x00\xa1\x00\x12\x00\x4f\x00\x31\x00\x54\x00\xbc\xff\xff\x00\x0c\x00\x15\x00\x0a\x00\x0f"
    b"\x00\x16\x00\x00\x00\x0c\x00\x01\x00\x05\x00\x20\x00\x04\x00\x2f\x00\x28\x00\x1e\x00\x08\x00\x13"
    b"\x00\x10\x00\x2b\x00\x13\x00\x06\x00\x2b\x00\x19\x00\x29\x00\x02\x00\x19\x00\x28\x00\x57\xff\xff"
    b"\x00\x04\x00\xf6\x00\x0b\xff\xff\x00\x0a\x00\xf6\x00\x03\xff\xff\x00\x07\x00\xe1\x00\x2d\xff\xff"
    b"\x00\x02\x00\xf6\x00\x12\xff\xff\x00\x0d\x00\xdb\x00\x0c\xff\xff\x00\x0f\x00\xea\x00\x12\xff\xff"
    b"\x00\x03\x00\xea\x00\x01\x01\x0f\x00\x02\xff\xff\x00\x03\x00\xea\x00\x01\xff\xff\x00\x01\x00\xea"
    b"\x00\x0a\xff\xff\x00\x25\x00\xfe\x00\x5d\xff\xff\x00\x03\x01\x81\x00\x06\xff\xff\x00\x02\x01\x81"
    b"\x00\x34\xff\xff\x00\x05\x01\x90\x00\x05\x01\x8f\x00\x08\xff\xff\x00\x06\x01\x90\x01\x9f\xff\xff"
    b"\x00\x07\x00\x5a\x00\x16\x00\xa1\x00\x02\xff\xff\x00\x11\x00\x4f\x00\x31\x00\x54\x00\xbc\xff\xff"
    b"\x00\x02\x00\x0f\x00\x09\x00\x15\x00\x0c\x00\x0f\x00\x14\x00\x00\x00\x0d\x00\x01\x00\x04\x00\x20"
    b"\x00\x06\x00\x2f\x00\x28\x00\x1e\x00\x06\x00\x13\x00\x18\x00\x2b\x00\x0c\x00\x06\x00\x2b\x00\x19"
    b"\x00\x26\x00\x02\x00\x1c\x00\x28\x00\x57\xff\xff\x00\x04\x00\xf6\x00\x0b\xff\xff\x00\x0d\x00\xf6"
    b"\x00\x06\x00\xe1\x00\x2e\xff\xff\x00\x02\x00\xf6\x00\x12\xff\xff\x00\x0c\x00\xdb\x00\x0b\xff\xff"
    b"\x00\x13\x00\xea\x00\x11\xff\xff\x00\x01\x00\xea\x00\x04\xff\xff\x00\x01\x00\xea\x00\x0f\xff\xff"
    b"\x00\x24\x00\xfe\x00\x4b\xff\xff\x00\x01\x01\x81\x00\x12\xff\xff\x00\x01\x01\x81\x00\x3c\xff\xff"
    b"\x00\x05\x01\x90\x00\x06\x01\x8f\x00\x07\xff\xff\x00\x06\x01\x90\x01\x9e\xff\xff\x00\x09\x00\x5a"
    b"\x00\x06\x00\xa1\x00\x01\xff\xff\x00\x0e\x00\xa1\x00\x05\xff\xff\x00\x0d\x00\x4f\x00\x33\x00\x54"
    b"\x00\xba\xff\xff\x00\x05\x00\x0f\x00\x08\x00\x15\x00\x0c\x00\x0f\x00\x14\x00\x00\x00\x0d\x00\x01"
    b"\x00\x04\x00\x20\x00\x07\x00\x2f\x00\x26\x00\x1e\x00\x06\x00\x13\x00\x1a\x00\x2b\x00\x0c\x00\x06"
    b"\x00\x29\x00\x19\x00\x26\x00\x02\x00\x1e\x00\x28\x00\x55\xff\xff\x00\x06\x00\xf6\x00\x0a\xff\xff"
    b"\x00\x0d\x00\xf6\x00\x06\x00\xe1\x00\x2e\xff\xff\x00\x02\x00\xf6\x00\x13\xff\xff\x00\x0b\x00\xdb"
    b"\x00\x0a\xff\xff\x00\x16\x00\xea\x00\x11\xff\xff\x00\x01\x01\x0f\x00\x13\xff\xff\x00\x23\x00\xfe"
    b"\x00\x2d\xff\xff\x00\x02\x01\x81\x00\x1c\xff\xff\x00\x01\x01\x81\x00\x4f\xff\xff\x00\x05\x01\x90"
    b"\x00\x05\x01\x8f\x00\x07\xff\xff\x00\x07\x01\x90\x01\x9d\xff\xff\x00\x0c\x00\x5a\x00\x01\x00\xa1"
    b"\x00\x07\xff\xff\x00\x09\x00\xa1\x00\x08\xff\xff\x00\x0d\x00\x4f\x00\x31\x00\x54\x00\xbb\xff\xff"
    b"\x00\x06\x00\x0f\x00\x06\x00\x15\x00\x0b\x00\x0f\x00\x0f\x00\x00\x00\x01\x00\x2e\x00\x05\x00\x00"
    b"\x00\x01\x00\x2e\x00\x0d\x00\x01\x00\x03\x00\x20\x00\x08\x00\x2f\x00\x28\x00\x1e\x00\x03\x00\x13"
    b"\x00\x1c\x00\x2b\x00\x0b\x00\x06\x00\x0a\x00\x19\x00\x04\x00\x1b\x00\x01\x00\x19\x00\x02\x00\x1b"
    b"\x00\x18\x00\x19\x00\x25\x00\x02\x00\x1f\x00\x28\x00\x55\xff\xff\x00\x06\x00\xf6\x00\x09\xff\xff"
    b"\x00\x0d\x00\xf6\x00\x01\xff\xff\x00\x05\x00\xe1\x00\x2f\xff\xff\x00\x01\x00\xf6\x00\x14\xff\xff"
    b"\x00\x02\x01\x1f\x00\x08\x00\xdb\x00\x0a\xff\xff\x00\x02\x01\x05\x00\x17\x00\xea\x00\x0f\xff\xff"
    b"\x00\x02\x01\x0f\x00\x03\xff\xff\x00\x02\x01\x0f\x00\x05\xff\xff\x00\x01\x00\xfe\x00\x08\xff\xff"
    b"\x00\x22\x00\xfe\x00\x2e\xff\xff\x00\x02\x01\x81\x00\x04\xff\xff\x00\x01\x01\x81\x00\x02\xff\xff"
    b"\x00\x02\x01\x81\x00\x50\xff\xff\x00\x02\x01\x90\x00\x11\xff\xff\x00\x04\x01\x90\x00\x02\x01\x8f"
    b"\x00\x08\xff\xff\x00\x09\x01\x90\x01\x9c\xff\xff\x00\x0c\x00\x5a\x00\x1a\xff\xff\x00\x0d\x00\x4f"
    b"\x00\x2f\x00\x54\x00\xbc\xff\xff\x00\x07\x00\x0f\x00\x01\x00\x15\x00\x01\x00\x0f\x00\x03\x00\x15"
    b"\x00\x0c\x00\x0f\x00\x0d\x00\x00\x00\x04\x00\x2e\x00\x03\x00\x00\x00\x02\x00\x2e\x00\x0c\x00\x01"
    b"\x00\x04\x00\x20\x00\x09\x00\x2f\x00\x27\x00\x1e\x00\x04\x00\x13\x00\x1c\x00\x2b\x00\x0a\x00\x06"
    b"\x00\x05\x00\x1b\x00\x05\x00\x19\x00\x06\x00\x1b\x00\x05\x00\x19\x00\x02\x00\x1b\x00\x05\x00\x19"
    b"\x00\x03\x00\x1b\x00\x0a\x00\x19\x00\x01\x00\x1b\x00\x24\x00\x02\x00\x1f\x00\x28\x00\x54\xff\xff"
    b"\x00\x07\x00\xf6\x00\x09\xff\xff\x00\x0e\x00\xf6\x00\x01\xff\xff\x00\x03\x00\xe1\x00\x2f\xff\xff"
    b"\x00\x02\x00\xf6\x00\x14\xff\xff\x00\x02\x01\x1f\x00\x08\x00\xdb\x00\x0a\xff\xff\x00\x04\x01\x05"
    b"\x00\x16\x00\xea\x00\x12\xff\xff\x00\x04\x00\xea\x00\x02\xff\xff\x00\x02\x01\x0f\x00\x01\x00\xfe"
    b"\x00\x09\xff\xff\x00\x20\x00\xfe\x00\x34\xff\xff\x00\x03\x01\x81\x00\x01\xff\xff\x00\x02\x01\x81"
    b"\x00\x4f\xff\xff\x00\x03\x01\x90\x00\x11\xff\xff\x00\x04\x01\x90\x00\x02\x01\x8f\x00\x07\xff\xff"
    b"\x00\x0a\x01\x90\x01\x9b\xff\xff\x00\x0d\x00\x5a\x00\x1b\xff\xff\x00\x0c\x00\x4f\x00\x2c\x00\x54"
    b"\x00\x05\x00\xa5\x00\xb8\xff\xff\x00\x1b\x00\x0f\x00\x0c\x00\x00\x00\x09\x00\x2e\x00\x0c\x00\x01"
    b"\x00\x04\x00\x20\x00\x0a\x00\x2f\x00\x27\x00\x1e\x00\x08\x00\x13\x00\x18\x00\x2b\x00\x08\x00\x06"
    b"\x00\x06\x00\x1b\x00\x04\x00\x19\x00\x07\x00\x1b\x00\x05\x00\x19\x00\x02\x00\x1b\x00\x03\x00\x19"
    b"\x00\x06\x00\x1b\x00\x09\x00\x19\x00\x01\x00\x1b\x00\x23\x00\x02\x00\x20\x00\x28\x00\x54\xff\xff"
    b"\x00\x07\x00\xf6\x00\x09\xff\xff\x00\x10\x00\xf6\x00\x31\xff\xff\x00\x02\x00\xf6\x00\x13\xff\xff"
    b"\x00\x05\x01\x1f\x00\x05\x00\xdb\x00\x0b\xff\xff\x00\x05\x01\x05\x00\x15\x00\xea\x00\x12\xff\xff"
    b"\x00\x01\x00\xea\x00\x01\x01\x0f\x00\x01\x00\xea\x00\x10\xff\xff\x00\x1f\x00\xfe\x00\x35\xff\xff"
    b"\x00\x02\x01\x81\x00\x67\xff\xff\x00\x04\x01\x90\x00\x01\x01\x8f\x00\x07\xff\xff\x00\x0a\x01\x90"
    b"\x01\x9b\xff\xff\x00\x0b\x00\x5a\x00\x1d\xff\xff\x00\x0c\x00\x4f\x00\x1e\x00\x54\x00\x02\xff\xff"
    b"\x00\x0b\x00\x54\x00\x01\xff\xff\x00\x05\x00\xa5\x00\xb8\xff\xff\x00\x1b\x00\x0f\x00\x01\x00\x05"
    b"\x00\x01\x00\x00\x00\x03\x00\x05\x00\x02\x00\x00\x00\x02\x00\x05\x00\x01\x00\x00\x00\x0b\x00\x2e"
    b"\x00\x0c\x00\x01\x00\x02\x00\x20\x00\x0b\x00\x2f\x00\x28\x00\x1e\x00\x07\x00\x13\x00\x1a\x00\x2b"
    b"\x00\x06\x00\x06\x00\x09\x00\x1b\x00\x02\x00\x19\x00\x17\x00\x1b\x00\x08\x00\x19\x00\x02\x00\x1b"
    b"\x00\x22\x00\x02\x00\x23\x00\x28\x00\x52\xff\xff\x00\x08\x00\xf6\x00\x07\xff\xff\x00\x11\x00\xf6"
    b"\x00\x31\xff\xff\x00\x02\x00\xf6\x00\x13\xff\xff\x00\x05\x01\x1f\x00\x04\x00\xdb\x00\x0c\xff\xff"
    b"\x00\x04\x01\x05\x00\x01\x00\xea\x00\x01\x01\x05\x00\x14\x00\xea\x00\x13\xff\xff\x00\x01\x01\x0f"
    b"\x00\x01\x01\x12\x00\x01\x00\xea\x00\x0f\xff\xff\x00\x1f\x00\xfe\x00\x9d\xff\xff\x00\x05\x01\x90"
    b"\x00\x0a\xff\xff\x00\x07\x01\x90\x01\x9b\xff\xff\x00\x0c\x00\x5a\x00\x1e\xff\xff\x00\x0c\x00\x4f"
    b"\x00\x1c\x00\x54\x00\x05\xff\xff\x00\x0b\x00\x54\x00\x05\x00\xa5\x00\xb4\xff\xff\x00\x1d\x00\x0f"
    b"\x00\x06\x00\x05\x00\x02\x00\x00\x00\x03\x00\x05\x00\x0a\x00\x2e\x00\x0c\x00\x01\x00\x03\x00\x20"
    b"\x00\x0c\x00\x2f\x00\x27\x00\x1e\x00\x07\x00\x13\x00\x1a\x00\x2b\x00\x05\x00\x06\x00\x24\x00\x1b"
    b"\x00\x06\x00\x19\x00\x03\x00\x1b\x00\x22\x00\x02\x00\x06\x00\x28\x00\x03\xff\xff\x00\x1a\x00\x28"
    b"\x00\x52\xff\xff\x00\x08\x00\xf6\x00\x07\xff\xff\x00\x11\x00\xf6\x00\x31\xff\xff\x00\x02\x00\xf6"
    b"\x00\x13\xff\xff\x00\x05\x01\x1f\x00\x04\x00\xdb\x00\x0c\xff\xff\x00\x09\x01\x05\x00\x12\x00\xea"
    b"\x00\x13\xff\xff\x00\x02\x00\xfe\x00\x04\xff\xff\x00\x01\x00\xfe\x00\x0b\xff\xff\x00\x1e\x00\xfe"
    b"\x00\x9d\xff\xff\x00\x05\x01\x90\x00\x0a\xff\xff\x00\x04\x01\x90\x01\x9e\xff\xff\x00\x08\x00\x5a"
    b"\x00\x02\x00\x89\x00\x01\x00\x5a\x00\x20\xff\xff\x00\x0b\x00\x4f\x00\x13\x00\x54\x00\x07\xff\xff"
    b"\x00\x01\x00\x54\x00\x02\xff\xff\x00\x02\x00\x54\x00\x02\xff\xff\x00\x0b\x00\x54\x00\x05\x00\xa5"
    b"\x00\xb1\xff\xff\x00\x05\x00\x08\x00\x1b\x00\x0f\x00\x0b\x00\x05\x00\x0b\x00\x2e\x00\x0b\x00\x01"
    b"\x00\x04\x00\x20\x00\x0b\x00\x2f\x00\x28\x00\x1e\x00\x05\x00\x13\x00\x1d\x00\x2b\x00\x03\x00\x06"
    b"\x00\x25\x00\x1b\x00\x04\x00\x19\x00\x07\x00\x1b\x00\x20\x00\x02\x00\x04\x00\x28\x00\x06\xff\xff"
    b"\x00\x17\x00\x28\x00\x52\xff\xff\x00\x09\x00\xf6\x00\x07\xff\xff\x00\x11\x00\xf6\x00\x30\xff\xff"
    b"\x00\x03\x00\xf6\x00\x13\xff\xff\x00\x06\x01\x1f\x00\x03\x00\xdb\x00\x0b\xff\xff\x00\x0a\x01\x05"
    b"\x00\x03\x00\xea\x00\x02\x01\x05\x00\x0d\x00\xea\x00\x11\xff\xff\x00\x02\x01\x0f\x00\x03\x00\xfe"
    b"\x00\x03\xff\xff\x00\x01\x00\xfe\x00\x0b\xff\xff\x00\x1e\x00\xfe\x00\x9c\xff\xff\x00\x06\x01\x90"
    b"\x00\x0a\xff\xff\x00\x03\x01\x90\x01\xa0\xff\xff\x00\x01\x00\x89\x00\x02\x00\x5a\x00\x07\x00\x89"
    b"\x00\x21\xff\xff\x00\x0b\x00\x4f\x00\x12\x00\x54\x00\x0a\xff\xff\x00\x02\x00\x54\x00\x02\xff\xff"
    b"\x00\x04\x00\x54\x00\x08\xff\xff\x00\x05\x00\xa5\x00\xaf\xff\xff\x00\x06\x00\x08\x00\x1a\x00\x0f"
    b"\x00\x0d\x00\x05\x00\x14\x00\x2e\x00\x01\x00\x20\x00\x04\x00\x2e\x00\x0b\x00\x2f\x00\x28\x00\x1e"
    b"\x00\x05\x00\x13\x00\x20\x00\x2b\x00\x26\x00\x1b\x00\x03\x00\x19\x00\x07\x00\x1b\x00\x1b\x00\x02"
    b"\x00\x05\x00\x12\x00\x03\x00\x28\x00\x0d\xff\xff\x00\x12\x00\x28\x00\x51\xff\xff\x00\x08\x00\xf6"
    b"\x00\x07\xff\xff\x00\x12\x00\xf6\x00\x30\xff\xff\x00\x04\x00\xf6\x00\x12\xff\xff\x00\x07\x01\x1f"
    b"\x00\x02\x00\xdb\x00\x0b\xff\xff\x00\x0e\x01\x05\x00\x0e\x00\xea\x00\x12\xff\xff\x00\x02\x00\xfe"
    b"\x00\x01\xff\xff\x00\x02\x00\xfe\x00\x0f\xff\xff\x00\x1c\x00\xfe\x00\x9d\xff\xff\x00\x09\x01\x90"
    b"\x00\x07\xff\xff\x00\x03\x01\x90\x01\x9f\xff\xff\x00\x0c\x00\x89\x00\x22\xff\xff\x00\x0b\x00\x4f"
    b"\x00\x01\x00\x54\x00\x03\xff\xff\x00\x0b\x00\x54\x00\x11\xff\xff\x00\x02\x00\x54\x00\x01\xff\xff"
    b"\x00\x02\x00\x54\x00\x07\xff\xff\x00\x03\x00\xa5\x00\xae\xff\xff\x00\x08\x00\x08\x00\x1a\x00\x0f"
    b"\x00\x0c\x00\x05\x00\x1a\x00\x2e\x00\x09\x00\x2f\x00\x2c\x00\x1e\x00\x02\x00\x13\x00\x20\x00\x2b"
    b"\x00\x26\x00\x1b\x00\x03\x00\x19\x00\x07\x00\x1b\x00\x1b\x00\x02\x00\x06\x00\x12\x00\x02\x00\x28"
    b"\x00\x0d\xff\xff\x00\x02\x00\x28\x00\x03\xff\xff\x00\x0c\x00\x28\x00\x52\xff\xff\x00\x07\x00\xf6"
    b"\x00\x07\xff\xff\x00\x13\x00\xf6\x00\x30\xff\xff\x00\x04\x00\xf6\x00\x11\xff\xff\x00\x09\x01\x1f"
    b"\x00\x01\x00\xdb\x00\x0b\xff\xff\x00\x01\x00\xdb\x00\x0c\x01\x05\x00\x0f\x00\xea\x00\x12\xff\xff"
    b"\x00\x02\x00\xea\x00\x12\xff\xff\x00\x1c\x00\xfe\x00\x90\xff\xff\x00\x02\x01\x90\x00\x0a\xff\xff"
    b"\x00\x0b\x01\x90\x00\x07\xff\xff\x00\x02\x01\x90\x01\x9d\xff\xff\x00\x0f\x00\x89\x00\x24\xff\xff"
    b"\x00\x08\x00\x4f\x00\x03\x00\x54\x00\x03\xff\xff\x00\x07\x00\x54\x00\x07\xff\xff\x00\x02\x00\x54"
    b"\x00\x01\xff\xff\x00\x01\x00\x54\x00\x05\xff\xff\x00\x02\x00\x54\x00\xbe\xff\xff\x00\x0a\x00\x08"
    b"\x00\x16\x00\x0f\x00\x0e\x00\x05\x00\x1e\x00\x2e\x00\x05\x00\x2f\x00\x2d\x00\x1e\x00\x01\x00\x13"
    b"\x00\x1e\x00\x2b\x00\x28\x00\x1b\x00\x03\x00\x19\x00\x07\x00\x1b\x00\x1b\x00\x02\x00\x06\x00\x12"
    b"\x00\x02\x00\x28\x00\x17\xff\xff\x00\x08\x00\x28\x00\x50\xff\xff\x00\x07\x00\xf6\x00\x08\xff\xff"
    b"\x00\x13\x00\xf6\x00\x30\xff\xff\x00\x05\x00\xf6\x00\x10\xff\xff\x00\x09\x01\x1f\x00\x02\x00\xdb"
    b"\x00\x09\xff\xff\x00\x03\x00\xdb\x00\x0b\x01\x05\x00\x0f\x00\xea\x00\x13\xff\xff\x00\x01\x00\xfe"
    b"\x00\x13\xff\xff\x00\x1b\x00\xfe\x00\x8f\xff\xff\x00\x03\x01\x90\x00\x0a\xff\xff\x00\x0a\x01\x90"
    b"\x01\xa7\xff\xff\x00\x0f\x00\x89\x00\x26\xff\xff\x00\x0a\x00\x4f\x00\x02\xff\xff\x00\x04\x00\x54"
    b"\x00\x02\xff\xff\x00\x02\x00\x5e\x00\x02\x00\x83\x00\x01\xff\xff\x00\x07\x00\x54\x00\x05\xff\xff"
    b"\x00\x02\x00\x54\x00\x09\xff\xff\x00\x02\x00\x6d\x00\xb3\xff\xff\x00\x0c\x00\x08\x00\x14\x00\x0f"
    b"\x00\x0e\x00\x05\x00\x1f\x00\x2e\x00\x04\x00\x2f\x00\x2c\x00\x1e\x00\x02\x00\x13\x00\x1e\x00\x2b"
    b"\x00\x27\x00\x1b\x00\x04\x00\x19\x00\x08\x00\x1b\x00\x1b\x00\x02\x00\x06\x00\x12\x00\x1b\xff\xff"
    b"\x00\x05\x00\x28\x00\x50\xff\xff\x00\x05\x00\xf6\x00\x09\xff\xff\x00\x14\x00\xf6\x00\x30\xff\xff"
    b"\x00\x05\x00\xf6\x00\x10\xff\xff\x00\x09\x01\x1f\x00\x02\x00\xdb\x00\x08\xff\xff\x00\x03\x00\xdb"
    b"\x00\x0f\x01\x05\x00\x0c\x00\xea\x00\x27\xff\xff\x00\x1a\x00\xfe\x00\x9e\xff\xff\x00\x02\x01\x90"
    b"\x01\xad\xff\xff\x00\x11\x00\x89\x00\x03\xff\xff\x00\x01\x00\x4f\x00\x23\xff\xff\x00\x08\x00\x4f"
    b"\x00\x02\xff\xff\x00\x03\x00\x54\x00\x02\xff\xff\x00\x03\x00\x5e\x00\x02\x00\x83\x00\x03\x00\x54"
    b"\x00\x02\xff\xff\x00\x01\x00\x54\x00\x12\xff\xff\x00\x03\x00\x6d\x00\xb2\xff\xff\x00\x0c\x00\x08"
    b"\x00\x09\x00\x0f\x00\x02\x00\x05\x00\x01\x00\x0f\x00\x01\x00\x05\x00\x02\x00\x0f\x00\x01\x00\x05"
    b"\x00\x03\x00\x0f\x00\x12\x00\x05\x00\x1b\x00\x2e\x00\x01\x00\x2c\x00\x03\x00\x2f\x00\x02\x00\x2c"
    b"\x00\x2c\x00\x1e\x00\x01\x00\x13\x00\x1e\x00\x2b\x00\x29\x00\x1b\x00\x02\x00\x19\x00\x08\x00\x1b"
    b"\x00\x1c\x00\x02\x00\x05\x00\x12\x00\x1c\xff\xff\x00\x02\x00\x28\x00\x04\xff\xff\x00\x02\x00\xd0"
    b"\x00\x01\xff\xff\x00\x05\x00\xd0\x00\x46\xff\xff\x00\x04\x00\xf6\x00\x0a\xff\xff\x00\x15\x00\xf6"
    b"\x00\x30\xff\xff\x00\x04\x00\xf6\x00\x02\xff\xff\x00\x01\x00\xf6\x00\x0e\xff\xff\x00\x08\x01\x1f"
    b"\x00\x03\x00\xdb\x00\x07\xff\xff\x00\x03\x00\xdb\x00\x11\x01\x05\x00\x0a\x00\xea\x00\x28\xff\xff"
    b"\x00\x19\x00\xfe\x00\xb1\xff\xff\x00\x01\x01\x90\x01\x9a\xff\xff\x00\x12\x00\x89\x00\x03\xff\xff"
    b"\x00\x03\x00\x4f\x00\x24\xff\xff\x00\x05\x00\x4f\x00\x01\x00\x54\x00\x02\xff\xff\x00\x02\x00\x45"
    b"\x00\x02\xff\xff\x00\x02\x00\x5e\x00\x01\xff\xff\x00\x02\x00\x83\x00\x19\xff\xff\x00\x02\x00\x6d"
    b"\x00\xb1\xff\xff\x00\x02\x00\x10\x00\x0b\x00\x08\x00\x05\x00\x0f\x00\x01\x00\x10\x00\x03\x00\x0f"
    b"\x00\x09\x00\x05\x00\x01\x00\x0f\x00\x12\x00\x05\x00\x1a\x00\x2e\x00\x03\x00\x2c\x00\x01\x00\x2f"
    b"\x00\x03\x00\x2c\x00\x2a\x00\x1e\x00\x03\x00\x13\x00\x1e\x00\x2b\x00\x34\x00\x1b\x00\x1b\x00\x02"
    b"\x00\x06\x00\x12\x00\x21\xff\xff\x00\x02\x00\xd0\x00\x03\xff\xff\x00\x06\x00\xd0\x00\x44\xff\xff"
    b"\x00\x02\x00\xf6\x00\x0a\xff\xff\x00\x16\x00\xf6\x00\x30\xff\xff\x00\x04\x00\xf6\x00\x02\xff\xff"
    b"\x00\x01\x00\xf6\x00\x0e\xff\xff\x00\x08\x01\x1f\x00\x03\x00\xdb\x00\x02\xff\xff\x00\x08\x00\xdb"
    b"\x00\x13\x01\x05\x00\x09\x00\xea\x00\x28\xff\xff\x00\x18\x00\xfe\x00\xb1\xff\xff\x00\x01\x01\x90"
    b"\x01\x98\xff\xff\x00\x13\x00\x89\x00\x04\xff\xff\x00\x03\x00\x4f\x00\x26\xff\xff\x00\x01\x00\x4f"
    b"\x00\x02\xff\xff\x00\x01\x00\x54\x00\x02\xff\xff\x00\x02\x00\x45\x00\x20\xff\xff\x00\x03\x00\xb9"
    b"\x00\xb0\xff\xff\x00\x07\x00\x10\x00\x06\x00\x08\x00\x03\x00\x0f\x00\x06\x00\x10\x00\x1c\x00\x05"
    b"\x00\x19\x00\x2e\x00\x01\x00\x2c\x00\x01\x00\x2e\x00\x06\x00\x2c\x00\x2a\x00\x1e\x00\x02\x00\x13"
    b"\x00\x1f\x00\x2b\x00\x35\x00\x1b\x00\x1a\x00\x02\x00\x03\x00\x04\x00\x01\x00\x12\x00\x08\x00\xd0"
    b"\x00\x1b\xff\xff\x00\x01\x00\xd0\x00\x03\xff\xff\x00\x07\x00\xd0\x00\x50\xff\xff\x00\x17\x00\xf6"
    b"\x00\x30\xff\xff\x00\x03\x00\xf6\x00\x11\xff\xff\x00\x07\x01\x1f\x00\x0d\x00\xdb\x00\x14\x01\x05"
    b"\x00\x09\x00\xea\x00\x28\xff\xff\x00\x17\x00\xfe\x02\x4a\xff\xff\x00\x14\x00\x89\x00\x56\xff\xff"
    b"\x00\x02\x00\xb9\x00\x05\xff\xff\x00\x01\x00\x4a\x00\xaa\xff\xff\x00\x16\x00\x10\x00\x1d\x00\x05"
    b"\x00\x17\x00\x2e\x00\x0a\x00\x2c\x00\x13\x00\x1e\x00\x04\x00\x2c\x00\x12\x00\x1e\x00\x01\x00\x13"
    b"\x00\x1d\x00\x2b\x00\x3a\x00\x1b\x00\x17\x00\x02\x00\x05\x00\x04\x00\x09\x00\xd0\x00\x20\xff\xff"
    b"\x00\x01\x00\xd0\x00\x01\xff\xff\x00\x01\x00\xd0\x00\x51\xff\xff\x00\x18\x00\xf6\x00\x30\xff\xff"
    b"\x00\x03\x00\xf6\x00\x11\xff\xff\x00\x07\x01\x1f\x00\x0d\x00\xdb\x00\x14\x01\x05\x00\x09\x00\xea"
    b"\x00\x28\xff\xff\x00\x16\x00\xfe\x02\x47\xff\xff\x00\x05\x00\x67\x00\x01\x00\x89\x00\x02\x00\xbb"
    b"\x00\x10\x00\x89\x00\x06\xff\xff\x00\x01\x00\x4f\x00\x4f\xff\xff\x00\x02\x00\xb9\x00\x05\xff\xff"
    b"\x00\x02\x00\x4a\x00\xa9\xff\xff\x00\x01\x00\x07\x00\x15\x00\x10\x00\x1d\x00\x05\x00\x15\x00\x2e"
    b"\x00\x0d\x00\x2c\x00\x0a\x00\x1e\x00\x03\x00\x2c\x00\x03\x00\x1e\x00\x07\x00\x2c\x00\x08\x00\x1e"
    b"\x00\x02\x00\x2c\x00\x06\x00\x1e\x00\x20\x00\x2b\x00\x39\x00\x1b\x00\x16\x00\x02\x00\x05\x00\x04"
    b"\x00\x0b\x00\xd0\x00\x73\xff\xff\x00\x18\x00\xf6\x00\x30\xff\xff\x00\x03\x00\xf6\x00\x11\xff\xff"
    b"\x00\x07\x01\x1f\x00\x0d\x00\xdb\x00\x14\x01\x05\x00\x09\x00\xea\x00\x28\xff\xff\x00\x15\x00\xfe"
    b"\x00\x4e\xff\xff\x00\x02\x01\x8a\x01\xf4\xff\xff\x00\x09\x00\x67\x00\x04\x00\xbb\x00\x0f\x00\x89"
    b"\x00\x06\xff\xff\x00\x01\x00\x4f\x00\x04\xff\xff\x00\x02\x00\x4f\x00\x49\xff\xff\x00\x02\x00\xb9"
    b"\x00\x05\xff\xff\x00\x01\x00\x4a\x00\xaa\xff\xff\x00\x07\x00\x07\x00\x02\x00\x10\x00\x04\x00\x07"
    b"\x00\x08\x00\x10\x00\x1f\x00\x05\x00\x01\x00\x2e\x00\x02\x00\x05\x00\x12\x00\x2e\x00\x0c\x00\x2c"
    b"\x00\x0a\x00\x1e\x00\x12\x00\x2c\x00\x01\x00\x1e\x00\x05\x00\x2c\x00\x04\x00\x1e\x00\x22\x00\x2b"
    b"\x00\x38\x00\x1b\x00\x16\x00\x02\x00\x04\x00\x04\x00\x01\xff\xff\x00\x10\x00\xd0\x00\x6e\xff\xff"
    b"\x00\x18\x00\xf6\x00\x30\xff\xff\x00\x03\x00\xf6\x00\x03\xff\xff\x00\x02\x00\xf6\x00\x0c\xff\xff"
    b"\x00\x07\x01\x1f\x00\x0c\x00\xdb\x00\x16\x01\x05\x00\x07\x00\xea\x00\x29\xff\xff\x00\x15\x00\xfe"
    b"\x00\x4e\xff\xff\x00\x02\x01\x8a\x01\xf3\xff\xff\x00\x0a\x00\x67\x00\x04\x00\xbb\x00\x10\x00\x89"
    b"\x00\x05\xff\xff\x00\x01\x00\x4f\x00\x04\xff\xff\x00\x02\x00\x4f\x00\x4a\xff\xff\x00\x02\x00\xb7"
    b"\x00\xaf\xff\xff\x00\x06\x00\x10\x00\x04\x00\x07\x00\x0a\x00\x10\x00\x23\x00\x05\x00\x11\x00\x2e"
    b"\x00\x0e\x00\x2c\x00\x08\x00\x1e\x00\x1b\x00\x2c\x00\x02\x00\x1e\x00\x22\x00\x2b\x00\x39\x00\x1b"
    b"\x00\x13\x00\x02\x00\x06\x00\x04\x00\x14\x00\xd0\x00\x6a\xff\xff\x00\x19\x00\xf6\x00\x31\xff\xff"
    b"\x00\x02\x00\xf6\x00\x04\xff\xff\x00\x01\x00\xf6\x00\x0c\xff\xff\x00\x07\x01\x1f\x00\x0d\x00\xdb"
    b"\x00\x14\x01\x05\x00\x08\x00\xea\x00\x29\xff\xff\x00\x14\x00\xfe\x00\x4f\xff\xff\x00\x03\x01\x8a"
    b"\x01\xec\xff\xff\x00\x07\x00\x6f\x00\x09\x00\x67\x00\x06\x00\xbb\x00\x0e\x00\x89\x00\x56\xff\xff"
    b"\x00\x02\x00\xb7\x00\xaf\xff\xff\x00\x14\x00\x10\x00\x24\x00\x05\x00\x0e\x00\x2e\x00\x34\x00\x2c"
    b"\x00\x23\x00\x2b\x00\x39\x00\x1b\x00\x12\x00\x02\x00\x05\x00\x04\x00\x01\xff\xff\x00\x19\x00\xd0"
    b"\x00\x66\xff\xff\x00\x19\x00\xf6\x00\x32\xff\xff\x00\x02\x01\x1f\x00\x10\xff\xff\x00\x06\x01\x1f"
    b"\x00\x0f\x00\xdb\x00\x13\x01\x05\x00\x08\x00\xea\x00\x29\xff\xff\x00\x14\x00\xfe\x02\x3d\xff\xff"
    b"\x00\x09\x00\x6f\x00\x04\x00\x67\x00\x0d\x00\xbb\x00\x0c\x00\x89\x00\x05\xff\xff\x00\x01\x00\x4f"
    b"\x00\x02\xff\xff\x00\x01\x00\x4f\x00\x4c\xff\xff\x00\x02\x00\xb7\x00\xaf\xff\xff\x00\x14\x00\x10"
    b"\x00\x25\x00\x05\x00\x0c\x00\x2e\x00\x35\x00\x2c\x00\x24\x00\x2b\x00\x38\x00\x1b\x00\x12\x00\x02"
    b"\x00\x04\x00\x04\x00\x02\xff\xff\x00\x1a\x00\xd0\x00\x65\xff\xff\x00\x19\x00\xf6\x00\x32\xff\xff"
    b"\x00\x02\x01\x1f\x00\x10\xff\xff\x00\x06\x01\x1f\x00\x10\x00\xdb\x00\x09\x01\x05\x00\x01\x01\x1c"
    b"\x00\x01\x01\x05\x00\x01\x01\x1c\x00\x05\x01\x05\x00\x09\x00\xea\x00\x29\xff\xff\x00\x13\x00\xfe"
    b"\x00\x52\xff\xff\x00\x02\x01\x9d\x01\xe9\xff\xff\x00\x0b\x00\x6f\x00\x02\x00\x67\x00\x0f\x00\xbb"
    b"\x00\x0b\x00\x89\x00\x05\xff\xff\x00\x02\x00\x4f\x00\x01\xff\xff\x00\x02\x00\x4f\x00\x4b\xff\xff"
    b"\x00\x03\x00\x8c\x00\xad\xff\xff\x00\x14\x00\x10\x00\x29\x00\x05\x00\x09\x00\x2e\x00\x35\x00\x2c"
    b"\x00\x24\x00\x2b\x00\x38\x00\x1b\x00\x02\x00\x04\x00\x01\x00\x02\x00\x02\x00\x04\x00\x0a\x00\x02"
    b"\x00\x06\x00\x04\x00\x04\xff\xff\x00\x1a\x00\xd0\x00\x63\xff\xff\x00\x1a\x00\xf6\x00\x33\xff\xff"
    b"\x00\x01\x01\x1f\x00\x0f\xff\xff\x00\x05\x01\x1f\x00\x14\x00\xdb\x00\x01\x01\x05\x00\x02\x00\xdb"
    b"\x00\x03\x01\x05\x00\x01\x00\xdb\x00\x04\x01\x1c\x00\x02\x01\x05\x00\x01\x01\x1c\x00\x02\x01\x05"
    b"\x00\x08\x00\xea\x00\x29\xff\xff\x00\x11\x00\xfe\x00\x55\xff\xff\x00\x01\x01\x9d\x00\x5d\xff\xff"
    b"\x00\x01\x01\x90\x01\x89\xff\xff\x00\x02\x00\x92\x00\x0c\x00\x6f\x00\x11\x00\xbb\x00\x0a\x00\x89"
    b"\x00\x05\xff\xff\x00\x01\x00\x4f\x00\x03\xff\xff\x00\x01\x00\x4f\x00\x4b\xff\xff\x00\x02\x00\x8c"
    b"\x00\x90\xff\xff\x00\x02\x01\x25\x00\x1a\xff\xff\x00\x16\x00\x10\x00\x2b\x00\x05\x00\x07\x00\x2e"
    b"\x00\x36\x00\x2c\x00\x23\x00\x2b\x00\x38\x00\x1b\x00\x05\x00\x04\x00\x02\x00\x02\x00\x03\x00\x04"
    b"\x00\x01\x00\x02\x00\x09\x00\x04\x00\x05\xff\xff\x00\x1d\x00\xd0\x00\x60\xff\xff\x00\x1a\x00\xf6"
    b"\x00\x34\xff\xff\x00\x01\x01\x1f\x00\x0b\xff\xff\x00\x08\x01\x1f\x00\x1c\x00\xdb\x00\x08\x01\x1c"
    b"\x00\x08\x00\xea\x00\x29\xff\xff\x00\x0e\x00\xfe\x00\xb6\xff\xff\x00\x02\x01\x90\x01\x87\xff\xff"
    b"\x00\x03\x00\x92\x00\x0c\x00\x6f\x00\x16\x00\xbb\x00\x05\x00\x89\x00\x54\xff\xff\x00\x03\x00\x8c"
    b"\x00\x8f\xff\xff\x00\x07\x01\x25\x00\x16\xff\xff\x00\x15\x00\x10\x00\x03\x00\x2d\x00\x2b\x00\x05"
    b"\x00\x05\x00\x2e\x00\x36\x00\x2c\x00\x24\x00\x2b\x00\x37\x00\x1b\x00\x12\x00\x04\x00\x04\xff\xff"
    b"\x00\x01\x00\xd0\x00\x02\xff\xff\x00\x20\x00\xd0\x00\x5c\xff\xff\x00\x1b\x00\xf6\x00\x33\xff\xff"
    b"\x00\x02\x01\x1f\x00\x09\xff\xff\x00\x09\x01\x1f\x00\x1d\x00\xdb\x00\x08\x01\x1c\x00\x08\x00\xea"
    b"\x00\x29\xff\xff\x00\x0d\x00\xfe\x00\x59\xff\xff\x00\x02\x01\x9d\x00\x5c\xff\xff\x00\x01\x01\x90"
    b"\x01\x87\xff\xff\x00\x05\x00\x92\x00\x0c\x00\x6f\x00\x1b\x00\xbb\x00\x53\xff\xff\x00\x02\x00\x64"
    b"\x00\x90\xff\xff\x00\x08\x01\x25\x00\x17\xff\xff\x00\x12\x00\x10\x00\x04\x00\x2d\x00\x34\x00\x05"
    b"\x00\x33\x00\x2c\x00\x24\x00\x2b\x00\x36\x00\x1b\x00\x11\x00\x04\x00\x05\xff\xff\x00\x26\x00\xd0"
    b"\x00\x59\xff\xff\x00\x1b\x00\xf6\x00\x34\xff\xff\x00\x01\x01\x1f\x00\x06\xff\xff\x00\x0c\x01\x1f"
    b"\x00\x1d\x00\xdb\x00\x08\x01\x1c\x00\x08\x00\xea\x00\x20\xff\xff\x00\x02\x01\x0f\x00\x07\xff\xff"
    b"\x00\x0d\x00\xfe\x00\x5a\xff\xff\x00\x02\x01\x9d\x01\xe2\xff\xff\x00\x05\x00\x92\x00\x0e\x00\x6f"
    b"\x00\x19\x00\xbb\x00\x53\xff\xff\x00\x03\x00\x64\x00\x91\xff\xff\x00\x08\x01\x25\x00\x17\xff\xff"
    b"\x00\x10\x00\x10\x00\x05\x00\x2d\x00\x02\x00\x05\x00\x02\x00\x2d\x00\x02\x00\x05\x00\x01\x00\x2d"
    b"\x00\x34\x00\x05\x00\x2c\x00\x2c\x00\x24\x00\x2b\x00\x36\x00\x1b\x00\x12\x00\x04\x00\x03\xff\xff"
    b"\x00\x01\x00\xd0\x00\x01\xff\xff\x00\x27\x00\xd0\x00\x56\xff\xff\x00\x1c\x00\xf6\x00\x38\xff\xff"
    b"\x00\x10\x01\x1f\x00\x1c\x00\xdb\x00\x08\x01\x1c\x00\x07\x00\xea\x00\x12\xff\xff\x00\x02\x01\x0f"
    b"\x00\x0d\xff\xff\x00\x02\x01\x0f\x00\x07\xff\xff\x00\x0c\x00\xfe\x00\x5b\xff\xff\x00\x02\x01\x9d"
    b"\x01\xd3\xff\xff\x00\x05\x00\x92\x00\x09\xff\xff\x00\x07\x00\x92\x00\x0f\x00\x6f\x00\x13\x00\xbb"
    b"\x00\x01\xff\xff\x00\x02\x00\xbb\x00\x0b\xff\xff\x00\x01\x00\x4f\x00\x40\xff\xff\x00\x01\x00\x54"
    b"\x00\x07\xff\xff\x00\x03\x00\x64\x00\x91\xff\xff\x00\x08\x01\x25\x00\x18\xff\xff\x00\x0e\x00\x10"
    b"\x00\x0f\x00\x2d\x00\x01\x00\x05\x00\x0f\x00\x2d\x00\x25\x00\x05\x00\x2a\x00\x2c\x00\x23\x00\x2b"
    b"\x00\x37\x00\x1b\x00\x11\x00\x04\x00\x03\xff\xff\x00\x2b\x00\xd0\x00\x53\xff\xff\x00\x20\x00\xf6"
    b"\x00\x33\xff\xff\x00\x12\x01\x1f\x00\x1d\x00\xdb\x00\x06\x01\x1c\x00\x08\x00\xea\x00\x07\xff\xff"
    b"\x00\x02\x01\x0f\x00\x08\xff\xff\x00\x05\x01\x0f\x00\x13\xff\xff\x00\x0d\x00\xfe\x02\x2d\xff\xff"
    b"\x00\x0b\x00\x92\x00\x04\xff\xff\x00\x0a\x00\x92\x00\x0e\x00\x6f\x00\x11\x00\xbb\x00\x02\xff\xff"
    b"\x00\x03\x00\xbb\x00\x01\xff\xff\x00\x01\x00\xbb\x00\x09\xff\xff\x00\x01\x00\x4f\x00\x04\xff\xff"
    b"\x00\x01\x00\x4f\x00\x3b\xff\xff\x00\x01\x00\x54\x00\x06\xff\xff\x00\x04\x00\x6e\x00\x91\xff\xff"
    b"\x00\x09\x01\x25\x00\x17\xff\xff\x00\x0e\x00\x10\x00\x1f\x00\x2d\x00\x26\x00\x05\x00\x2a\x00\x2c"
    b"\x00\x26\x00\x2b\x00\x33\x00\x1b\x00\x11\x00\x04\x00\x04\xff\xff\x00\x2a\x00\xd0\x00\x53\xff\xff"
    b"\x00\x21\x00\xf6\x00\x32\xff\xff\x00\x12\x01\x1f\x00\x1b\x00\xdb\x00\x08\x01\x1c\x00\x07\x00\xea"
    b"\x00\x08\xff\xff\x00\x07\x01\x0f\x00\x04\xff\xff\x00\x04\x01\x0f\x00\x13\xff\xff\x00\x0d\x00\xfe"
    b"\x00\x5d\xff\xff\x00\x01\x01\x9d\x01\xcd\xff\xff\x00\x20\x00\x92\x00\x05\x00\x6f\x00\x05\x00\x4c"
    b"\x00\x01\xff\xff\x00\x0c\x00\xbb\x00\x05\xff\xff\x00\x01\x00\xbb\x00\x55\xff\xff\x00\x04\x00\x6e"
    b"\x00\x91\xff\xff\x00\x09\x01\x25\x00\x17\xff\xff\x00\x01\x00\x2d\x00\x0b\x00\x10\x00\x21\x00\x2d"
    b"\x00\x26\x00\x05\x00\x2b\x00\x2c\x00\x25\x00\x2b\x00\x34\x00\x1b\x00\x0e\x00\x04\x00\x05\xff\xff"
    b"\x00\x2b\x00\xd0\x00\x53\xff\xff\x00\x22\x00\xf6\x00\x31\xff\xff\x00\x13\x01\x1f\x00\x19\x00\xdb"
    b"\x00\x09\x01\x1c\x00\x06\x00\xea\x00\x09\xff\xff\x00\x07\x01\x0f\x00\x06\xff\xff\x00\x03\x01\x0f"
    b"\x00\x12\xff\xff\x00\x0c\x00\xfe\x00\x5e\xff\xff\x00\x01\x01\x9d\x01\xcb\xff\xff\x00\x23\x00\x92"
    b"\x00\x04\x00\x6f\x00\x06\x00\x4c\x00\x03\xff\xff\x00\x07\x00\xbb\x00\x5d\xff\xff\x00\x05\x00\x6e"
    b"\x00\x91\xff\xff\x00\x08\x01\x25\x00\x17\xff\xff\x00\x02\x00\x2d\x00\x09\x00\x10\x00\x22\x00\x2d"
    b"\x00\x27\x00\x05\x00\x2b\x00\x2c\x00\x24\x00\x2b\x00\x34\x00\x1b\x00\x0e\x00\x04\x00\x04\xff\xff"
    b"\x00\x02\x01\x0b\x00\x2c\x00\xd0\x00\x51\xff\xff\x00\x25\x00\xf6\x00\x2e\xff\xff\x00\x14\x01\x1f"
    b"\x00\x18\x00\xdb\x00\x08\x01\x1c\x00\x06\x00\xea\x00\x0a\xff\xff\x00\x08\x01\x0f\x00\x1a\xff\xff"
    b"\x00\x0c\x00\xfe\x00\x5c\xff\xff\x00\x02\x01\x9d\x00\xb1\xff\xff\x00\x02\x01\x8b\x01\x15\xff\xff"
    b"\x00\x25\x00\x92\x00\x06\x00\x6f\x00\x07\x00\x4c\x00\x05\xff\xff\x00\x02\x00\xbb\x00\x1e\xff\xff"
    b"\x00\x01\x00\x7f\x00\x3e\xff\xff\x00\x02\x00\x97\x00\x01\xff\xff\x00\x02\x00\x6e\x00\x90\xff\xff"
    b"\x00\x0b\x01\x25\x00\x17\xff\xff\x00\x07\x00\x2d\x00\x03\x00\x10\x00\x23\x00\x2d\x00\x27\x00\x05"
    b"\x00\x2c\x00\x2c\x00\x23\x00\x2b\x00\x34\x00\x1b\x00\x0d\x00\x04\x00\x04\xff\xff\x00\x08\x01\x0b"
    b"\x00\x27\x00\xd0\x00\x03\x00\xff\x00\x4d\xff\xff\x00\x27\x00\xf6\x00\x2d\xff\xff\x00\x12\x01\x1f"
    b"\x00\x19\x00\xdb\x00\x07\x01\x1c\x00\x07\x00\xea\x00\x0c\xff\xff\x00\x07\x01\x0f\x00\x1b\xff\xff"
    b"\x00\x0b\x00\xfe\x00\x5c\xff\xff\x00\x02\x01\x9d\x00\xb1\xff\xff\x00\x02\x01\x8b\x01\x13\xff\xff"
    b"\x00\x26\x00\x92\x00\x07\x00\x6f\x00\x07\x00\x4c\x00\x24\xff\xff\x00\x05\x00\x7f\x00\x3b\xff\xff"
    b"\x00\x01\x00\x37\x00\x01\x00\x97\x00\x02\x00\x37\x00\x90\xff\xff\x00\x0b\x01\x25\x00\x19\xff\xff"
    b"\x00\x2b\x00\x2d\x00\x28\x00\x05\x00\x2d\x00\x2c\x00\x22\x00\x2b\x00\x34\x00\x1b\x00\x09\x00\x04"
    b"\x00\x08\xff\xff\x00\x08\x01\x0b\x00\x27\x00\xd0\x00\x09\x00\xff\x00\x47\xff\xff\x00\x27\x00\xf6"
    b"\x00\x2d\xff\xff\x00\x12\x01\x1f\x00\x19\x00\xdb\x00\x07\x01\x1c\x00\x06\x00\xea\x00\x0d\xff\xff"
    b"\x00\x06\x01\x0f\x00\x1c\xff\xff\x00\x0c\x00\xfe\x00\x5c\xff\xff\x00\x01\x01\x9d\x01\xc3\xff\xff"
    b"\x00\x28\x00\x92\x00\x08\x00\x6f\x00\x08\x00\x4c\x00\x23\xff\xff\x00\x09\x00\x7f\x00\x35\xff\xff"
    b"\x00\x02\x00\xb6\x00\x04\x00\x37\x00\x90\xff\xff\x00\x04\x01\x25\x00\x20\xff\xff\x00\x2b\x00\x2d"
    b"\x00\x28\x00\x05\x00\x2d\x00\x2c\x00\x22\x00\x2b\x00\x36\x00\x1b\x00\x07\x00\x04\x00\x07\xff\xff"
    b"\x00\x09\x01\x0b\x00\x0e\x00\xd0\x00\x03\x01\x0b\x00\x16\x00\xd0\x00\x0a\x00\xff\x00\x46\xff\xff"
    b"\x00\x28\x00\xf6\x00\x2c\xff\xff\x00\x11\x01\x1f\x00\x1a\x00\xdb\x00\x06\x01\x1c\x00\x03\x00\xdb"
    b"\x00\x03\x00\xea\x00\x0e\xff\xff\x00\x05\x01\x0f\x00\x1e\xff\xff\x00\x0b\x00\xfe\x00\x5c\xff\xff"
    b"\x00\x01\x01\x9d\x01\xc1\xff\xff\x00\x2b\x00\x92\x00\x07\x00\x6f\x00\x08\x00\x4c\x00\x0c\xff\xff"
    b"\x00\x02\x00\xbb\x00\x15\xff\xff\x00\x0b\x00\x7f\x00\x10\xff\xff\x00\x01\x00\xb0\x00\x21\xff\xff"
    b"\x00\x01\x00\x83\x00\x02\x00\xb6\x00\x01\xff\xff\x00\x03\x00\x37\x00\x91\xff\xff\x00\x01\x01\x25"
    b"\x00\x23\xff\xff\x00\x2a\x00\x2d\x00\x28\x00\x05\x00\x2d\x00\x2c\x00\x22\x00\x2b\x00\x37\x00\x1b"
    b"\x00\x06\x00\x04\x00\x07\xff\xff\x00\x09\x01\x0b\x00\x02\x00\xd0\x00\x01\x01\x0b\x00\x05\x00\xd0"
    b"\x00\x09\x01\x0b\x00\x15\x00\xd0\x00\x0f\x00\xff\x00\x42\xff\xff\x00\x29\x00\xf6\x00\x2b\xff\xff"
    b"\x00\x10\x01\x1f\x00\x1b\x00\xdb\x00\x05\x01\x1c\x00\x05\x00\xdb\x00\x01\x00\xea\x00\x32\xff\xff"
    b"\x00\x0b\x00\xfe\x00\x5c\xff\xff\x00\x01\x01\x9d\x01\xc1\xff\xff\x00\x2b\x00\x92\x00\x07\x00\x6f"
    b"\x00\x08\x00\x4c\x00\x23\xff\xff\x00\x0b\x00\x7f\x00\x0f\xff\xff\x00\x04\x00\xb0\x00\x18\xff\xff"
    b"\x00\x02\x00\xb8\x00\x04\xff\xff\x00\x03\x00\x83\x00\x02\xff\xff\x00\x03\x00\x37\x00\xb5\xff\xff"
    b"\x00\x2a\x00\x2d\x00\x28\x00\x05\x00\x2d\x00\x2c\x00\x22\x00\x2b\x00\x39\x00\x1b\x00\x03\x00\x04"
    b"\x00\x07\xff\xff\x00\x1c\x01\x0b\x00\x14\x00\xd0\x00\x0f\x00\xff\x00\x42\xff\xff\x00\x2a\x00\xf6"
    b"\x00\x2a\xff\xff\x00\x0f\x01\x1f\x00\x0d\x00\xdb\x00\x01\x01\x1c\x00\x0d\x00\xdb\x00\x05\x01\x1c"
    b"\x00\x06\x00\xdb\x00\x34\xff\xff\x00\x0a\x00\xfe\x00\x5b\xff\xff\x00\x02\x01\x9d\x01\xbd\xff\xff"
    b"\x00\x2f\x00\x92\x00\x07\x00\x90\x00\x06\x00\x4c\x00\x25\xff\xff\x00\x0a\x00\x7f\x00\x08\xff\xff"
    b"\x00\x02\x00\xa4\x00\x06\xff\xff\x00\x06\x00\xb0\x00\x0a\xff\xff\x00\x01\x00\xa7\x00\x01\xff\xff"
    b"\x00\x07\x00\xa7\x00\x03\xff\xff\x00\x02\x00\xb8\x00\x05\xff\xff\x00\x01\x00\x87\x00\x02\x00\xb4"
    b"\x00\x02\xff\xff\x00\x01\x00\x37\x00\xb6\xff\xff\x00\x2a\x00\x2d\x00\x28\x00\x05\x00\x2d\x00\x2c"
    b"\x00\x22\x00\x2b\x00\x3a\x00\x1b\x00\x02\x00\x04\x00\x07\xff\xff\x00\x1d\x01\x0b\x00\x12\x00\xd0"
    b"\x00\x10\x00\xff\x00\x41\xff\xff\x00\x2d\x00\xf6\x00\x28\xff\xff\x00\x0f\x01\x1f\x00\x0d\x00\xdb"
    b"\x00\x02\x01\x1c\x00\x04\x00\xdb\x00\x01\x01\x1c\x00\x06\x00\xdb\x00\x05\x01\x1c\x00\x06\x00\xdb"
    b"\x00\x35\xff\xff\x00\x09\x00\xfe\x00\x5c\xff\xff\x00\x01\x01\x9d\x01\xbb\xff\xff\x00\x2d\x00\x92"
    b"\x00\x0c\x00\x90\x00\x02\x00\x53\x00\x05\x00\x4c\x00\x24\xff\xff\x00\x0a\x00\x7f\x00\x06\xff\xff"
    b"\x00\x0b\x00\xa4\x00\x0e\x00\xb0\x00\x02\x00\xa7\x00\x01\xff\xff\x00\x0a\x00\xa7\x00\x01\x00\xb8"
    b"\x00\x01\x00\xbf\x00\x04\xff\xff\x00\x02\x00\x36\x00\x01\x00\x8b\x00\xba\xff\xff\x00\x2a\x00\x2d"
    b"\x00\x28\x00\x05\x00\x2d\x00\x2c\x00\x22\x00\x2b\x00\x3b\x00\x1b\x00\x07\xff\xff\x00\x1f\x01\x0b"
    b"\x00\x11\x00\xd0\x00\x11\x00\xff\x00\x40\xff\xff\x00\x2e\x00\xf6\x00\x26\xff\xff\x00\x10\x01\x1f"
    b"\x00\x0e\x00\xdb\x00\x03\x01\x1c\x00\x01\x00\xdb\x00\x03\x01\x1c\x00\x04\x00\xdb\x00\x06\x01\x1c"
    b"\x00\x05\x00\xdb\x00\x09\xff\xff\x00\x04\x01\x0f\x00\x29\xff\xff\x00\x09\x00\xfe\x00\x5c\xff\xff"
    b"\x00\x02\x01\x9d\x01\x8c\xff\xff\x00\x02\x00\x8e\x00\x2b\xff\xff\x00\x25\x00\x92\x00\x01\xff\xff"
    b"\x00\x08\x00\x92\x00\x0c\x00\x90\x00\x03\x00\x53\x00\x02\x00\x4c\x00\x02\x00\x53\x00\x24\xff\xff"
    b"\x00\x09\x00\x7f\x00\x04\xff\xff\x00\x0e\x00\xa4\x00\x0e\x00\xb0\x00\x02\xff\xff\x00\x0a\x00\xa7"
    b"\x00\x02\x00\xb8\x00\x02\x00\xbf\x00\x03\xff\xff\x00\x03\x00\x36\x00\xba\xff\xff\x00\x2a\x00\x2d"
    b"\x00\x28\x00\x05\x00\x2d\x00\x2c\x00\x22\x00\x2b\x00\x3c\x00\x1b\x00\x06\xff\xff\x00\x20\x01\x0b"
    b"\x00\x0f\x00\xd0\x00\x12\x00\xff\x00\x40\xff\xff\x00\x2f\x00\xf6\x00\x25\xff\xff\x00\x0f\x01\x1f"
    b"\x00\x0e\x00\xdb\x00\x09\x01\x1c\x00\x02\x00\xdb\x00\x06\x01\x1c\x00\x05\x00\xdb\x00\x08\xff\xff"
    b"\x00\x08\x01\x0f\x00\x27\xff\xff\x00\x09\x00\xfe\x01\xf9\xff\xff\x00\x02\x00\x8e\x00\x1b\xff\xff"
    b"\x00\x26\x00\x92\x00\x04\xff\xff\x00\x04\x00\x92\x00\x0d\x00\x90\x00\x09\x00\x53\x00\x23\xff\xff"
    b"\x00\x05\x00\x7f\x00\x09\xff\xff\x00\x0b\x00\xa4\x00\x10\x00\xb0\x00\x03\xff\xff\x00\x06\x00\xa7"
    b"\x00\x03\xff\xff\x00\x04\x00\xbf\x00\x01\xff\xff\x00\x02\x00\x36\x00\xbc\xff\xff\x00\x2a\x00\x2d"
    b"\x00\x28\x00\x05\x00\x2d\x00\x2c\x00\x22\x00\x2b\x00\x3c\x00\x1b\x00\x05\xff\xff\x00\x24\x01\x0b"
    b"\x00\x0c\x00\xd0\x00\x13\x00\xff\x00\x3e\xff\xff\x00\x31\x00\xf6\x00\x23\xff\xff\x00\x11\x01\x1f"
    b"\x00\x0e\x00\xdb\x00\x10\x01\x1c\x00\x04\x00\xdb\x00\x09\xff\xff\x00\x09\x01\x0f\x00\x27\xff\xff"
    b"\x00\x08\x00\xfe\x00\x5c\xff\xff\x00\x01\x01\x9d\x00\xe9\xff\xff\x00\x02\x01\x8b\x00\xad\xff\xff"
    b"\x00\x01\x00\x8e\x00\x03\xff\xff\x00\x02\x00\x8e\x00\x19\xff\xff\x00\x26\x00\x92\x00\x0a\xff\xff"
    b"\x00\x0d\x00\x90\x00\x08\x00\x53\x00\x37\xff\xff\x00\x07\x00\xa4\x00\x0e\x00\xb0\x00\x0f\xff\xff"
    b"\x00\x01\x00\xbf\x00\xbf\xff\xff\x00\x2b\x00\x2d\x00\x28\x00\x05\x00\x2d\x00\x2c\x00\x22\x00\x2b"
    b"\x00\x3c\x00\x1b\x00\x04\xff\xff\x00\x2d\x01\x0b\x00\x03\x00\xd0\x00\x18\x00\xff\x00\x3a\xff\xff"
    b"\x00\x32\x00\xf6\x00\x21\xff\xff\x00\x12\x01\x1f\x00\x0e\x00\xdb\x00\x0e\x01\x1c\x00\x06\x00\xdb"
    b"\x00\x09\xff\xff\x00\x09\x01\x0f\x00\x28\xff\xff\x00\x07\x00\xfe\x00\x5c\xff\xff\x00\x02\x01\x9d"
    b"\x00\xe7\xff\xff\x00\x05\x01\x8b\x00\xab\xff\xff\x00\x01\x00\x8e\x00\x04\xff\xff\x00\x01\x00\x8e"
    b"\x00\x17\xff\xff\x00\x25\x00\x92\x00\x11\xff\xff\x00\x09\x00\x90\x00\x08\x00\x53\x00\x17\xff\xff"
    b"\x00\x02\x00\x56\x00\x1e\xff\xff\x00\x07\x00\xa4\x00\x0e\x00\xb0\x00\xce\xff\xff\x00\x2b\x00\x2d"
    b"\x00\x25\x00\x05\x00\x04\x00\x03\x00\x2e\x00\x2c\x00\x21\x00\x2b\x00\x3a\x00\x1b\x00\x06\xff\xff"
    b"\x00\x31\x01\x0b\x00\x17\x00\xff\x00\x3a\xff\xff\x00\x34\x00\xf6\x00\x1f\xff\xff\x00\x12\x01\x1f"
    b"\x00\x0e\x00\xdb\x00\x0c\x01\x1c\x00\x08\x00\xdb\x00\x09\xff\xff\x00\x0a\x01\x0f\x00\x28\xff\xff"
    b"\x00\x06\x00\xfe\x00\xb0\xff\xff\x00\x01\x01\xa1\x00\x94\xff\xff\x00\x06\x01\x8b\x00\xaf\xff\xff"
    b"\x00\x02\x00\x8e\x00\x15\xff\xff\x00\x25\x00\x92\x00\x14\xff\xff\x00\x07\x00\x90\x00\x08\x00\x53"
    b"\x00\x16\xff\xff\x00\x03\x00\x56\x00\x20\xff\xff\x00\x05\x00\xa4\x00\x0e\x00\xb0\x00\xce\xff\xff"
    b"\x00\x2b\x00\x2d\x00\x25\x00\x05\x00\x09\x00\x03\x00\x29\x00\x2c\x00\x21\x00\x2b\x00\x36\x00\x1b"
    b"\x00\x01\xff\xff\x00\x02\x00\x1b\x00\x06\xff\xff\x00\x35\x01\x0b\x00\x14\x00\xff\x00\x3a\xff\xff"
    b"\x00\x35\x00\xf6\x00\x1d\xff\xff\x00\x13\x01\x1f\x00\x0e\x00\xdb\x00\x0b\x01\x1c\x00\x09\x00\xdb"
    b"\x00\x09\xff\xff\x00\x0b\x01\x0f\x00\x27\xff\xff\x00\x06\x00\xfe\x00\xb0\xff\xff\x00\x01\x01\xa1"
    b"\x00\x94\xff\xff\x00\x07\x01\x8b\x00\xc4\xff\xff\x00\x25\x00\x92\x00\x15\xff\xff\x00\x07\x00\x90"
    b"\x00\x08\x00\x53\x00\x1c\xff\xff\x00\x03\x00\x56\x00\x17\xff\xff\x00\x08\x00\xa4\x00\x0d\x00\xb0"
    b"\x00\xcf\xff\xff\x00\x2b\x00\x2d\x00\x25\x00\x05\x00\x0b\x00\x03\x00\x27\x00\x2c\x00\x20\x00\x2b"
    b"\x00\x01\x00\x31\x00\x36\x00\x1b\x00\x09\xff\xff\x00\x38\x01\x0b\x00\x11\x00\xff\x00\x3a\xff\xff"
    b"\x00\x37\x00\xf6\x00\x1b\xff\xff\x00\x14\x01\x1f\x00\x0a\x00\xdb\x00\x0e\x01\x1c\x00\x0a\x00\xdb"
    b"\x00\x09\xff\xff\x00\x0a\x01\x0f\x00\x28\xff\xff\x00\x05\x00\xfe\x00\x5b\xff\xff\x00\x01\x01\x9d"
    b"\x00\xe9\xff\xff\x00\x06\x01\x8b\x00\xc4\xff\xff\x00\x26\x00\x92\x00\x16\xff\xff\x00\x07\x00\x90"
    b"\x00\x07\x00\x53\x00\x1c\xff\xff\x00\x03\x00\x56\x00\x06\xff\xff\x00\x0b\x00\x73\x00\x01\x00\x99"
    b"\x00\x03\x00\x73\x00\x02\xff\xff\x00\x07\x00\xa4\x00\x0e\x00\xb0\x00\xce\xff\xff\x00\x2c\x00\x2d"
    b"\x00\x25\x00\x05\x00\x0c\x00\x03\x00\x26\x00\x2c\x00\x1e\x00\x2b\x00\x03\x00\x31\x00\x36\x00\x1b"
    b"\x00\x08\xff\xff\x00\x3c\x01\x0b\x00\x0e\x00\xff\x00\x38\xff\xff\x00\x3a\x00\xf6\x00\x18\xff\xff"
    b"\x00\x1a\x01\x1f\x00\x06\x00\xdb\x00\x11\x01\x1c\x00\x08\x00\xdb\x00\x09\xff\xff\x00\x0a\x01\x0f"
    b"\x00\x27\xff\xff\x00\x05\x00\xfe\x00\x5a\xff\xff\x00\x02\x01\x9d\x00\xea\xff\xff\x00\x04\x01\x8b"
    b"\x00\xc5\xff\xff\x00\x25\x00\x92\x00\x11\xff\xff\x00\x02\x00\x90\x00\x04\xff\xff\x00\x09\x00\x90"
    b"\x00\x07\x00\x53\x00\x22\xff\xff\x00\x11\x00\x73\x00\x03\xff\xff\x00\x03\x00\xa4\x00\x02\xff\xff"
    b"\x00\x0d\x00\xb0\x00\xcf\xff\xff\x00\x2c\x00\x2d\x00\x22\x00\x05\x00\x10\x00\x03\x00\x25\x00\x2c"
    b"\x00\x1c\x00\x2b\x00\x09\x00\x31\x00\x32\x00\x1b\x00\x07\xff\xff\x00\x3f\x01\x0b\x00\x0c\x00\xff"
    b"\x00\x01\xff\xff\x00\x03\x00\xff\x00\x32\xff\xff\x00\x3d\x00\xf6\x00\x16\xff\xff\x00\x1d\x01\x1f"
    b"\x00\x04\x00\xdb\x00\x12\x01\x1c\x00\x08\x00\xdb\x00\x02\xff\xff\x00\x02\x00\xdb\x00\x04\xff\xff"
    b"\x00\x0b\x01\x0f\x00\x26\xff\xff\x00\x04\x00\xfe\x00\x5b\xff\xff\x00\x02\x01\x9d\x00\xe7\xff\xff"
    b"\x00\x02\x01\x8b\x00\x01\xff\xff\x00\x02\x01\x8b\x00\xc6\xff\xff\x00\x26\x00\x92\x00\x12\xff\xff"
    b"\x00\x01\x00\x90\x00\x04\xff\xff\x00\x0b\x00\x90\x00\x06\x00\x53\x00\x20\xff\xff\x00\x12\x00\x73"
    b"\x00\x09\xff\xff\x00\x0b\x00\xb0\x00\xcf\xff\xff\x00\x2d\x00\x2d\x00\x1f\x00\x05\x00\x15\x00\x03"
    b"\x00\x24\x00\x2c\x00\x19\x00\x2b\x00\x0b\x00\x31\x00\x32\x00\x1b\x00\x07\xff\xff\x00\x3f\x01\x0b"
    b"\x00\x11\x00\xff\x00\x2f\xff\xff\x00\x40\x00\xf6\x00\x15\xff\xff\x00\x01\x00\xe3\x00\x1d\x01\x1f"
    b"\x00\x01\x00\xdb\x00\x13\x01\x1c\x00\x0a\x00\xdb\x00\x07\xff\xff\x00\x0b\x01\x0f\x00\x27\xff\xff"
    b"\x00\x03\x00\xfe\x00\x36\xff\xff\x00\x02\x01\x17\x00\x22\xff\xff\x00\x01\x01\x9d\x00\xe7\xff\xff"
    b"\x00\x06\x01\x8b\x00\xc7\xff\xff\x00\x25\x00\x92\x00\x18\xff\xff\x00\x0c\x00\x90\x00\x05\x00\x53"
    b"\x00\x1e\xff\xff\x00\x13\x00\x73\x00\x0b\xff\xff\x00\x09\x00\xb0\x00\xd0\xff\xff\x00\x2d\x00\x2d"
    b"\x00\x1e\x00\x05\x00\x17\x00\x03\x00\x22\x00\x2c\x00\x19\x00\x2b\x00\x0c\x00\x31\x00\x32\x00\x1b"
    b"\x00\x06\xff\xff\x00\x41\x01\x0b\x00\x10\x00\xff\x00\x2d\xff\xff\x00\x43\x00\xf6\x00\x13\xff\xff"
    b"\x00\x02\x00\xe3\x00\x1f\x01\x1f\x00\x11\x01\x1c\x00\x0d\x00\xdb\x00\x05\xff\xff\x00\x0c\x01\x0f"
    b"\x00\x12\xff\xff\x00\x02\x01\x12\x00\x12\xff\xff\x00\x03\x00\xfe\x00\x5a\xff\xff\x00\x01\x01\x9d"
    b"\x00\xe7\xff\xff\x00\x06\x01\x8b\x00\xc8\xff\xff\x00\x02\x00\x49\x00\x03\x00\x92\x00\x01\x00\x8e"
    b"\x00\x1d\x00\x92\x00\x12\xff\xff\x00\x02\x00\x90\x00\x06\xff\xff\x00\x0c\x00\x90\x00\x03\x00\x53"
    b"\x00\x1d\xff\xff\x00\x13\x00\x73\x00\x03\xff\xff\x00\x04\x00\x98\x00\x07\xff\xff\x00\x07\x00\xb0"
    b"\x00\xd1\xff\xff\x00\x01\x00\x14\x00\x2c\x00\x2d\x00\x1d\x00\x05\x00\x19\x00\x03\x00\x20\x00\x2c"
    b"\x00\x18\x00\x2b\x00\x0e\x00\x31\x00\x32\x00\x1b\x00\x06\xff\xff\x00\x41\x01\x0b\x00\x0f\x00\xff"
    b"\x00\x2c\xff\xff\x00\x48\x00\xf6\x00\x10\xff\xff\x00\x01\x00\xe3\x00\x22\x01\x1f\x00\x0a\x01\x1c"
    b"\x00\x02\x00\xdb\x00\x02\x01\x1c\x00\x0f\x00\xdb\x00\x04\xff\xff\x00\x0d\x01\x0f\x00\x25\xff\xff"
    b"\x00\x03\x00\xfe\x01\x3e\xff\xff\x00\x08\x01\x8b\x00\xc7\xff\xff\x00\x02\x00\x8e\x00\x02\xff\xff"
    b"\x00\x05\x00\x8e\x00\x1c\x00\x92\x00\x13\xff\xff\x00\x01\x00\x90\x00\x07\xff\xff\x00\x0c\x00\x90"
    b"\x00\x04\x00\x53\x00\x1b\xff\xff\x00\x12\x00\x73\x00\x02\xff\xff\x00\x08\x00\x98\x00\x03\xff\xff"
    b"\x00\x04\x00\x6c\x00\x04\x00\xb0\x00\xd3\xff\xff\x00\x01\x00\x14\x00\x2c\x00\x2d\x00\x1d\x00\x05"
    b"\x00\x1b\x00\x03\x00\x1e\x00\x2c\x00\x16\x00\x2b\x00\x10\x00\x31\x00\x32\x00\x1b\x00\x05\xff\xff"
    b"\x00\x42\x01\x0b\x00\x10\x00\xff\x00\x2a\xff\xff\x00\x4c\x00\xf6\x00\x0c\xff\xff\x00\x02\x00\xe3"
    b"\x00\x22\x01\x1f\x00\x09\x01\x1c\x00\x15\x00\xdb\x00\x10\x01\x0f\x00\x26\xff\xff\x00\x02\x00\xfe"
    b"\x01\x3d\xff\xff\x00\x07\x01\x8b\x00\xc8\xff\xff\x00\x03\x00\x8e\x00\x02\xff\xff\x00\x07\x00\x8e"
    b"\x00\x1b\x00\x92\x00\x1c\xff\xff\x00\x0a\x00\x90\x00\x04\x00\x53\x00\x0d\xff\xff\x00\x06\x00\x73"
    b"\x00\x07\xff\xff\x00\x10\x00\x73\x00\x02\xff\xff\x00\x0b\x00\x98\x00\x01\xff\xff\x00\x07\x00\x6c"
    b"\x00\xd6\xff\xff\x00\x11\x00\x14\x00\x1b\x00\x2d\x00\x1c\x00\x05\x00\x1e\x00\x03\x00\x1c\x00\x2c"
    b"\x00\x15\x00\x2b\x00\x12\x00\x31\x00\x31\x00\x1b\x00\x06\xff\xff\x00\x43\x01\x0b\x00\x10\x00\xff"
    b"\x00\x28\xff\xff\x00\x4f\x00\xf6\x00\x07\xff\xff\x00\x05\x00\xe3\x00\x01\x01\x1f\x00\x01\x00\xe3"
    b"\x00\x21\x01\x1f\x00\x01\x01\x1c\x00\x02\x01\x0f\x00\x05\x01\x1c\x00\x14\x00\xdb\x00\x13\x01\x0f"
    b"\x01\x5a\xff\xff\x00\x03\x01\x8b\x00\x06\xff\xff\x00\x04\x01\x8b\x00\xca\xff\xff\x00\x03\x00\x8e"
    b"\x00\x02\xff\xff\x00\x07\x00\x8e\x00\x1c\x00\x92\x00\x21\xff\xff\x00\x05\x00\x90\x00\x04\x00\x53"
    b"\x00\x06\xff\xff\x00\x03\x00\x73\x00\x01\xff\xff\x00\x1e\x00\x73\x00\x02\xff\xff\x00\x0d\x00\x98"
    b"\x00\x07\x00\x6c\x00\xd7\xff\xff\x00\x11\x00\x14\x00\x1b\x00\x2d\x00\x1b\x00\x05\x00\x21\x00\x03"
    b"\x00\x1a\x00\x2c\x00\x13\x00\x2b\x00\x14\x00\x31\x00\x31\x00\x1b\x00\x05\xff\xff\x00\x44\x01\x0b"
    b"\x00\x11\x00\xff\x00\x26\xff\xff\x00\x50\x00\xf6\x00\x0d\x00\xe3\x00\x1f\x01\x1f\x00\x02\x01\x0f"
    b"\x00\x02\x01\x1f\x00\x02\x01\x0f\x00\x05\x01\x1c\x00\x11\x00\xdb\x00\x02\x01\x0f\x00\x01\x00\xdb"
    b"\x00\x18\x01\x0f\x00\x1b\xff\xff\x00\x02\x01\x12\x01\x39\xff\xff\x00\x05\x01\x8b\x00\x05\xff\xff"
    b"\x00\x01\x01\x8b\x00\xcc\xff\xff\x00\x01\x00\x8e\x00\x02\xff\xff\x00\x07\x00\x8e\x00\x1c\x00\x92"
    b"\x00\x30\xff\xff\x00\x21\x00\x73\x00\x01\xff\xff\x00\x11\x00\x98\x00\x05\x00\x6c\x00\xd8\xff\xff"
    b"\x00\x11\x00\x14\x00\x1b\x00\x2d\x00\x19\x00\x05\x00\x25\x00\x03\x00\x18\x00\x2c\x00\x11\x00\x2b"
    b"\x00\x16\x00\x31\x00\x21\x00\x1b\x00\x03\x00\x0c\x00\x0c\x00\x1b\x00\x06\xff\xff\x00\x44\x01\x0b"
    b"\x00\x11\x00\xff\x00\x25\xff\xff\x00\x50\x00\xf6\x00\x0f\x00\xe3\x00\x1d\x01\x1f\x00\x07\x01\x0f"
    b"\x00\x03\x01\x1c\x00\x12\x00\xdb\x00\x1f\x01\x0f\x00\x17\xff\xff\x00\x05\x01\x12\x01\x38\xff\xff"
    b"\x00\x05\x01\x8b\x00\xd5\xff\xff\x00\x06\x00\x8e\x00\x1b\x00\x92\x00\x17\xff\xff\x00\x02\x00\x90"
    b"\x00\x19\xff\xff\x00\x1f\x00\x73\x00\x13\x00\x98\x00\x01\xff\xff\x00\x02\x00\x6c\x00\xdb\xff\xff"
    b"\x00\x10\x00\x14\x00\x1b\x00\x2d\x00\x17\x00\x05\x00\x28\x00\x03\x00\x17\x00\x2c\x00\x0f\x00\x2b"
    b"\x00\x18\x00\x31\x00\x19\x00\x0c\x00\x01\x00\x1b\x00\x16\x00\x0c\x00\x06\xff\xff\x00\x44\x01\x0b"
    b"\x00\x12\x00\xff\x00\x23\xff\xff\x00\x51\x00\xf6\x00\x0e\x00\xe3\x00\x02\x00\xf6\x00\x19\x01\x1f"
    b"\x00\x09\x01\x0f\x00\x04\x01\x1c\x00\x11\x00\xdb\x00\x1b\x01\x0f\x00\x01\x00\xfb\x00\x06\x01\x0f"
    b"\x00\x14\xff\xff\x00\x06\x01\x12\x01\x3a\xff\xff\x00\x02\x01\x8b\x00\xd5\xff\xff\x00\x07\x00\x8e"
    b"\x00\x15\x00\x92\x00\x01\x00\x95\x00\x03\x00\x92\x00\x02\x00\x95\x00\x1e\xff\xff\x00\x02\x00\x90"
    b"\x00\x12\xff\xff\x00\x1d\x00\x73\x00\x15\x00\x98\x00\xde\xff\xff\x00\x10\x00\x14\x00\x1b\x00\x2d"
    b"\x00\x16\x00\x05\x00\x2b\x00\x03\x00\x14\x00\x2c\x00\x0e\x00\x2b\x00\x1a\x00\x31\x00\x30\x00\x0c"
    b"\x00\x07\xff\xff\x00\x43\x01\x0b\x00\x12\x00\xff\x00\x23\xff\xff\x00\x51\x00\xf6\x00\x0e\x00\xe3"
    b"\x00\x03\x00\xf6\x00\x18\x01\x1f\x00\x0a\x01\x0f\x00\x02\x01\x1c\x00\x11\x00\xdb\x00\x1d\x01\x0f"
    b"\x00\x03\x00\xeb\x00\x05\x01\x0f\x00\x11\xff\xff\x00\x07\x01\x12\x02\x11\xff\xff\x00\x04\x00\x8e"
    b"\x00\x03\x00\x95\x00\x14\x00\x92\x00\x07\x00\x95\x00\x1e\xff\xff\x00\x02\x00\x90\x00\x14\xff\xff"
    b"\x00\x19\x00\x73\x00\x16\x00\x98\x00\xe1\xff\xff\x00\x0e\x00\x14\x00\x1b\x00\x2d\x00\x14\x00\x05"
    b"\x00\x2f\x00\x03\x00\x12\x00\x2c\x00\x0b\x00\x2b\x00\x1d\x00\x31\x00\x2f\x00\x0c\x00\x07\xff\xff"
    b"\x00\x43\x01\x0b\x00\x13\x00\xff\x00\x22\xff\xff\x00\x52\x00\xf6\x00\x0e\x00\xe3\x00\x03\x00\xf6"
    b"\x00\x18\x01\x1f\x00\x0d\x01\x0f\x00\x01\x00\xdb\x00\x02\x01\x0f\x00\x02\x00\xdb\x00\x01\x01\x0f"
    b"\x00\x0b\x00\xdb\x00\x26\x01\x0f\x00\x0e\xff\xff\x00\x08\x01\x12\x01\x31\xff\xff\x00\x01\x01\x8b"
    b"\x00\xce\xff\xff\x00\x03\x00\x8e\x00\x0d\xff\xff\x00\x05\x00\x8e\x00\x04\x00\x95\x00\x10\x00\x92"
    b"\x00\x0a\x00\x95\x00\x35\xff\xff\x00\x16\x00\x73\x00\x17\x00\x98\x00\xe2\xff\xff\x00\x0e\x00\x14"
    b"\x00\x1b\x00\x2d\x00\x13\x00\x05\x00\x32\x00\x03\x00\x0c\x00\x2c\x00\x03\x00\x31\x00\x01\x00\x2c"
    b"\x00\x09\x00\x2b\x00\x1f\x00\x31\x00\x2f\x00\x0c\x00\x07\xff\xff\x00\x3b\x01\x0b\x00\x08\x00\xe5"
    b"\x00\x11\x00\xff\x00\x24\xff\xff\x00\x52\x00\xf6\x00\x0e\x00\xe3\x00\x03\x00\xf6\x00\x19\x01\x1f"
    b"\x00\x15\x01\x0f\x00\x08\x00\xdb\x00\x29\x01\x0f\x00\x0a\xff\xff\x00\x09\x01\x12\x01\x30\xff\xff"
    b"\x00\x02\x01\x8b\x00\xce\xff\xff\x00\x04\x00\x8e\x00\x0a\xff\xff\x00\x04\x00\x8e\x00\x06\x00\x95"
    b"\x00\x11\x00\x92\x00\x0a\x00\x95\x00\x38\xff\xff\x00\x0f\x00\x73\x00\x02\xff\xff\x00\x18\x00\x98"
    b"\x00\xe3\xff\xff\x00\x0f\x00\x14\x00\x1a\x00\x2d\x00\x11\x00\x05\x00\x35\x00\x03\x00\x09\x00\x2c"
    b"\x00\x07\x00\x31\x00\x06\x00\x2b\x00\x21\x00\x31\x00\x2e\x00\x0c\x00\x07\xff\xff\x00\x39\x01\x0b"
    b"\x00\x0b\x00\xe5\x00\x10\x00\xff\x00\x24\xff\xff\x00\x53\x00\xf6\x00\x09\x00\xe3\x00\x02\x00\xf6"
    b"\x00\x02\x00\xe3\x00\x04\x00\xf6\x00\x17\x01\x1f\x00\x18\x01\x0f\x00\x02\x00\xdb\x00\x30\x01\x0f"
    b"\x00\x07\xff\xff\x00\x0a\x01\x12\x01\xff\xff\xff\x00\x05\x00\x8e\x00\x0a\xff\xff\x00\x04\x00\x8e"
    b"\x00\x07\x00\x95\x00\x0e\x00\x92\x00\x0c\x00\x95\x00\x3d\xff\xff\x00\x08\x00\x73\x00\x01\xff\xff"
    b"\x00\x1a\x00\x98\x00\xe5\xff\xff\x00\x10\x00\x14\x00\x17\x00\x2d\x00\x11\x00\x05\x00\x38\x00\x03"
    b"\x00\x04\x00\x2c\x00\x0c\x00\x31\x00\x02\x00\x2b\x00\x23\x00\x31\x00\x2e\x00\x0c\x00\x06\xff\xff"
    b"\x00\x39\x01\x0b\x00\x0d\x00\xe5\x00\x0f\x00\xff\x00\x23\xff\xff\x00\x53\x00\xf6\x00\x0a\x00\xe3"
    b"\x00\x02\x00\xf6\x00\x02\x00\xe3\x00\x05\x00\xf6\x00\x16\x01\x1f\x00\x4b\x01\x0f\x00\x05\xff\xff"
    b"\x00\x0b\x01\x12\x01\x1f\xff\xff\x00\x03\x01\x8b\x00\x03\xff\xff\x00\x02\x01\x8b\x00\xd7\xff\xff"
    b"\x00\x06\x00\x8e\x00\x09\xff\xff\x00\x04\x00\x8e\x00\x08\x00\x95\x00\x0e\x00\x92\x00\x0c\x00\x95"
    b"\x00\x44\xff\xff\x00\x1b\x00\x98\x00\xe6\xff\xff\x00\x11\x00\x14\x00\x16\x00\x2d\x00\x0f\x00\x05"
    b"\x00\x3b\x00\x03\x00\x34\x00\x31\x00\x2e\x00\x0c\x00\x05\xff\xff\x00\x39\x01\x0b\x00\x0e\x00\xe5"
    b"\x00\x0e\x00\xff\x00\x22\xff\xff\x00\x02\x00\xf3\x00\x52\x00\xf6\x00\x0b\x00\xe3\x00\x03\x00\xf6"
    b"\x00\x01\x00\xe3\x00\x05\x00\xf6\x00\x16\x01\x1f\x00\x4c\x01\x0f\x00\x05\xff\xff\x00\x0a\x01\x12"
    b"\x01\x1f\xff\xff\x00\x02\x01\x8b\x00\xdc\xff\xff\x00\x06\x00\x8e\x00\x09\xff\xff\x00\x05\x00\x8e"
    b"\x00\x09\x00\x95\x00\x0d\x00\x92\x00\x0c\x00\x95\x00\x43\xff\xff\x00\x1b\x00\x98\x00\xe8\xff\xff"
    b"\x00\x10\x00\x14\x00\x16\x00\x2d\x00\x0e\x00\x05\x00\x3b\x00\x03\x00\x35\x00\x31\x00\x2d\x00\x0c"
    b"\x00\x05\xff\xff\x00\x39\x01\x0b\x00\x0f\x00\xe5\x00\x0c\x00\xff\x00\x23\xff\xff\x00\x04\x00\xf3"
    b"\x00\x51\x00\xf6\x00\x0b\x00\xe3\x00\x09\x00\xf6\x00\x02\x01\x1f\x00\x01\x00\xf6\x00\x12\x01\x1f"
    b"\x00\x4e\x01\x0f\x00\x04\xff\xff\x00\x0b\x01\x12\x00\x07\xff\xff\x00\x01\x01\x17\x01\xf1\xff\xff"
    b"\x00\x09\x00\x8e\x00\x08\xff\xff\x00\x06\x00\x8e\x00\x0a\x00\x95\x00\x0c\x00\x92\x00\x0c\x00\x95"
    b"\x00\x44\xff\xff\x00\x19\x00\x98\x00\xea\xff\xff\x00\x0f\x00\x14\x00\x16\x00\x2d\x00\x0c\x00\x05"
    b"\x00\x3d\x00\x03\x00\x35\x00\x31\x00\x2c\x00\x0c\x00\x05\xff\xff\x00\x39\x01\x0b\x00\x12\x00\xe5"
    b"\x00\x05\x00\xff\x00\x27\xff\xff\x00\x07\x00\xf3\x00\x50\x00\xf6\x00\x0c\x00\xe3\x00\x0a\x00\xf6"
    b"\x00\x0e\x01\x1f\x00\x04\x01\x0f\x00\x01\x01\x1f\x00\x4e\x01\x0f\x00\x04\xff\xff\x00\x0a\x01\x12"
    b"\x00\x05\xff\xff\x00\x04\x01\x17\x00\x44\xff\xff\x00\x02\x01\x17\x00\x30\xff\xff\x00\x01\x01\x17"
    b"\x01\x77\xff\xff\x00\x0a\x00\x8e\x00\x07\xff\xff\x00\x06\x00\x8e\x00\x0c\x00\x95\x00\x0c\x00\x92"
    b"\x00\x0c\x00\x95\x00\x3d\xff\xff\x00\x04\x00\x99\x00\x05\xff\xff\x00\x16\x00\x98\x00\xec\xff\xff"
    b"\x00\x0e\x00\x14\x00\x16\x00\x2d\x00\x0b\x00\x05\x00\x3c\x00\x03\x00\x37\x00\x31\x00\x2b\x00\x0c"
    b"\x00\x05\xff\xff\x00\x3a\x01\x0b\x00\x11\x00\xe5\x00\x05\x00\xff\x00\x27\xff\xff\x00\x11\x00\xf3"
    b"\x00\x46\x00\xf6\x00\x0e\x00\xe3\x00\x0a\x00\xf6\x00\x0d\x01\x1f\x00\x52\x01\x0f\x00\x01\x01\x12"
    b"\x00\x02\x01\x0f\x00\x04\xff\xff\x00\x08\x01\x12\x00\x03\xff\xff\x00\x02\x01\x17\x00\x01\xff\xff"
    b"\x00\x04\x01\x17\x00\x1a\xff\xff\x00\x02\x01\x17\x00\x27\xff\xff\x00\x02\x01\x17\x00\x30\xff\xff"
    b"\x00\x02\x01\x17\x01\x75\xff\xff\x00\x09\x00\x8e\x00\x08\xff\xff\x00\x06\x00\x8e\x00\x11\x00\x95"
    b"\x00\x05\x00\x92\x00\x0f\x00\x95\x00\x39\xff\xff\x00\x03\x00\x99\x00\x01\xff\xff\x00\x06\x00\x99"
    b"\x00\x04\xff\xff\x00\x13\x00\x98\x00\xef\xff\xff\x00\x0d\x00\x14\x00\x16\x00\x2d\x00\x09\x00\x05"
    b"\x00\x3a\x00\x03\x00\x3b\x00\x31\x00\x2a\x00\x0c\x00\x05\xff\xff\x00\x39\x01\x0b\x00\x02\x01\x08"
    b"\x00\x08\x00\xe5\x00\x02\xff\xff\x00\x07\x00\xe5\x00\x04\x00\xff\x00\x27\xff\xff\x00\x12\x00\xf3"
    b"\x00\x44\x00\xf6\x00\x11\x00\xe3\x00\x09\x00\xf6\x00\x0c\x01\x1f\x00\x57\x01\x0f\x00\x04\xff\xff"
    b"\x00\x08\x01\x12\x00\x02\xff\xff\x00\x02\x01\x17\x00\x02\xff\xff\x00\x08\x01\x17\x00\x15\xff\xff"
    b"\x00\x01\x01\x17\x00\x27\xff\xff\x00\x02\x01\x17\x00\xc9\xff\xff\x00\x02\x01\x8b\x00\xcf\xff\xff"
    b"\x00\x02\x00\x8e\x00\x0c\xff\xff\x00\x09\x00\x8e\x00\x07\xff\xff\x00\x06\x00\x8e\x00\x12\x00\x95"
    b"\x00\x03\x00\x92\x00\x12\x00\x95\x00\x3e\xff\xff\x00\x06\x00\x99\x00\x03\xff\xff\x00\x10\x00\x98"
    b"\x00\xf2\xff\xff\x00\x0c\x00\x14\x00\x16\x00\x2d\x00\x07\x00\x05\x00\x3b\x00\x03\x00\x3c\x00\x31"
    b"\x00\x2a\x00\x0c\x00\x05\xff\xff\x00\x38\x01\x0b\x00\x04\x01\x08\x00\x01\xff\xff\x00\x01\x01\x08"
    b"\x00\x04\x00\xe5\x00\x05\xff\xff\x00\x05\x00\xe5\x00\x01\x00\xff\x00\x01\x00\xe5\x00\x02\x00\xff"
    b"\x00\x12\xff\xff\x00\x01\x01\x15\x00\x03\x00\xf3\x00\x0e\xff\xff\x00\x15\x00\xf3\x00\x45\x00\xf6"
    b"\x00\x11\x00\xe3\x00\x09\x00\xf6\x00\x0c\x01\x1f\x00\x58\x01\x0f\x00\x03\xff\xff\x00\x07\x01\x12"
    b"\x00\x09\xff\xff\x00\x05\x01\x17\x00\x3d\xff\xff\x00\x02\x01\x17\x00\xc9\xff\xff\x00\x02\x01\x8b"
    b"\x00\xdd\xff\xff\x00\x09\x00\x8e\x00\x06\xff\xff\x00\x06\x00\x8e\x00\x27\x00\x95\x00\x01\x00\x8d"
    b"\x00\x40\xff\xff\x00\x05\x00\x99\x00\x03\xff\xff\x00\x0e\x00\x98\x00\xf3\xff\xff\x00\x0c\x00\x14"
    b"\x00\x1c\x00\x2d\x00\x3c\x00\x03\x00\x3c\x00\x31\x00\x29\x00\x0c\x00\x06\xff\xff\x00\x38\x01\x0b"
    b"\x00\x04\x01\x08\x00\x01\xff\xff\x00\x02\x01\x08\x00\x01\xff\xff\x00\x01\x00\xe5\x00\x04\xff\xff"
    b"\x00\x02\x00\xe5\x00\x01\xff\xff\x00\x07\x00\xe5\x00\x0f\xff\xff\x00\x05\x01\x15\x00\x26\x00\xf3"
    b"\x00\x46\x00\xf6\x00\x0f\x00\xe3\x00\x0a\x00\xf6\x00\x0c\x01\x1f\x00\x59\x01\x0f\x00\x03\xff\xff"
    b"\x00\x06\x01\x12\x00\x0c\xff\xff\x00\x01\x01\x17\x00\xff\xff\xff\x00\x01\x01\x8b\x00\xe9\xff\xff"
    b"\x00\x07\x00\x8e\x00\x05\xff\xff\x00\x08\x00\x8e\x00\x26\x00\x95\x00\x03\x00\x8d\x00\x3e\xff\xff"
    b"\x00\x06\x00\x99\x00\x02\xff\xff\x00\x0e\x00\x98\x00\xf4\xff\xff\x00\x0c\x00\x14\x00\x1a\x00\x2d"
    b"\x00\x3e\x00\x03\x00\x3c\x00\x31\x00\x28\x00\x0c\x00\x06\xff\xff\x00\x39\x01\x0b\x00\x04\x01\x08"
    b"\x00\x09\xff\xff\x00\x03\x00\xe5\x00\x01\xff\xff\x00\x06\x00\xe5\x00\x06\xff\xff\x00\x0f\x01\x15"
    b"\x00\x24\x00\xf3\x00\x48\x00\xf6\x00\x04\x00\xe3\x00\x14\x00\xf6\x00\x0d\x01\x1f\x00\x59\x01\x0f"
    b"\x00\x04\xff\xff\x00\x04\x01\x12\x00\x4b\xff\xff\x00\x02\x01\x17\x00\xba\xff\xff\x00\x02\x01\x8b"
    b"\x00\x03\xff\xff\x00\x01\x01\x8b\x00\xe9\xff\xff\x00\x07\x00\x8e\x00\x04\xff\xff\x00\x0a\x00\x8e"
    b"\x00\x02\x00\x58\x00\x20\x00\x95\x00\x06\x00\x8d\x00\x3d\xff\xff\x00\x07\x00\x99\x00\x02\xff\xff"
    b"\x00\x0d\x00\x98\x00\xf5\xff\xff\x00\x0c\x00\x14\x00\x19\x00\x2d\x00\x3e\x00\x03\x00\x3d\x00\x31"
    b"\x00\x27\x00\x0c\x00\x06\xff\xff\x00\x39\x01\x0b\x00\x01\x00\xd9\x00\x04\x01\x08\x00\x02\xff\xff"
    b"\x00\x02\x01\x08\x00\x0a\xff\xff\x00\x05\x00\xe5\x00\x03\xff\xff\x00\x12\x01\x15\x00\x24\x00\xf3"
    b"\x00\x47\x00\xf6\x00\x06\x00\xe3\x00\x14\x00\xf6\x00\x0e\x01\x1f\x00\x57\x01\x0f\x00\x06\xff\xff"
    b"\x00\x02\x01\x12\x00\x4c\xff\xff\x00\x01\x01\x17\x00\xb1\xff\xff\x00\x02\x01\x8b\x00\x07\xff\xff"
    b"\x00\x02\x01\x8b\x00\xec\xff\xff\x00\x07\x00\x8e\x00\x04\xff\xff\x00\x0a\x00\x8e\x00\x03\x00\x58"
    b"\x00\x20\x00\x95\x00\x04\x00\x8d\x00\x01\x00\x57\x00\x01\x00\x8d\x00\x3c\xff\xff\x00\x08\x00\x99"
    b"\x00\x02\xff\xff\x00\x0d\x00\x98\x00\xf6\xff\xff\x00\x0b\x00\x14\x00\x17\x00\x2d\x00\x40\x00\x03"
    b"\x00\x3d\x00\x31\x00\x27\x00\x0c\x00\x06\xff\xff\x00\x38\x01\x0b\x00\x02\x00\xd9\x00\x04\x01\x08"
    b"\x00\x02\xff\xff\x00\x01\x01\x08\x00\x07\xff\xff\x00\x04\x01\x15\x00\x02\xff\xff\x00\x02\x00\xe5"
    b"\x00\x02\x00\xff\x00\x01\xff\xff\x00\x13\x01\x15\x00\x22\x00\xf3\x00\x47\x00\xf6\x00\x07\x00\xe3"
    b"\x00\x15\x00\xf6\x00\x0f\x01\x1f\x00\x57\x01\x0f\x00\x2a\xff\xff\x00\x02\x01\x17\x00\xd9\xff\xff"
    b"\x00\x02\x01\x8b\x00\xf4\xff\xff\x00\x08\x00\x8e\x00\x05\xff\xff\x00\x08\x00\x8e\x00\x04\x00\x58"
    b"\x00\x1d\x00\x95\x00\x04\x00\x8d\x00\x05\x00\x57\x00\x3c\xff\xff\x00\x08\x00\x99\x00\x03\xff\xff"
    b"\x00\x0b\x00\x98\x00\xf7\xff\xff\x00\x18\x00\x14\x00\x08\x00\x2d\x00\x41\x00\x03\x00\x3e\x00\x31"
    b"\x00\x26\x00\x0c\x00\x01\xff\xff\x00\x01\x00\x0c\x00\x05\xff\xff\x00\x38\x01\x0b\x00\x03\x00\xd9"
    b"\x00\x03\x01\x08\x00\x0a\xff\xff\x00\x05\x01\x15\x00\x02\xff\xff\x00\x03\x00\xff\x00\x01\xff\xff"
    b"\x00\x13\x01\x15\x00\x21\x00\xf3\x00\x49\x00\xf6\x00\x04\x00\xe3\x00\x17\x00\xf6\x00\x0e\x01\x1f"
    b"\x00\x55\x01\x0f\x00\x01\x01\x12\x00\x03\x01\x0f\x00\x18\xff\xff\x00\x06\x01\x17\x00\x0c\xff\xff"
    b"\x00\x01\x01\x17\x01\xce\xff\xff\x00\x07\x00\x8e\x00\x07\xff\xff\x00\x02\x00\x74\x00\x04\x00\x8e"
    b"\x00\x07\x00\x58\x00\x06\x00\x95\x00\x01\x00\x58\x00\x14\x00\x95\x00\x02\x00\x8d\x00\x08\x00\x57"
    b"\x00\x3b\xff\xff\x00\x0a\x00\x99\x00\x02\xff\xff\x00\x0b\x00\x98\x00\xf8\xff\xff\x00\x17\x00\x14"
    b"\x00\x07\x00\x2d\x00\x42\x00\x03\x00\x3e\x00\x31\x00\x26\x00\x0c\x00\x01\xff\xff\x00\x01\x00\x0c"
    b"\x00\x04\xff\xff\x00\x39\x01\x0b\x00\x03\x00\xd9\x00\x02\x01\x08\x00\x09\xff\xff\x00\x08\x01\x15"
    b"\x00\x01\xff\xff\x00\x03\x00\xff\x00\x16\x01\x15\x00\x20\x00\xf3\x00\x49\x00\xf6\x00\x01\x00\xe3"
    b"\x00\x1a\x00\xf6\x00\x0e\x01\x1f\x00\x58\x01\x0f\x00\x17\xff\xff\x00\x07\x01\x17\x00\x37\xff\xff"
    b"\x00\x01\x01\x17\x01\xa0\xff\xff\x00\x0a\x00\x8e\x00\x05\xff\xff\x00\x05\x00\x74\x00\x03\x00\x8e"
    b"\x00\x07\x00\x58\x00\x02\x00\x95\x00\x05\x00\x58\x00\x14\x00\x95\x00\x01\x00\x8d\x00\x09\x00\x57"
    b"\x00\x3a\xff\xff\x00\x0b\x00\x99\x00\x02\xff\xff\x00\x0a\x00\x98\x00\xfa\xff\xff\x00\x16\x00\x14"
    b"\x00\x05\x00\x2d\x00\x46\x00\x03\x00\x3c\x00\x31\x00\x25\x00\x0c\x00\x06\xff\xff\x00\x3b\x01\x0b"
    b"\x00\x01\x00\xd9\x00\x09\xff\xff\x00\x0d\x01\x15\x00\x02\x00\xff\x00\x18\x01\x15\x00\x1c\x00\xf3"
    b"\x00\x40\x00\xf6\x00\x01\x00\xf4\x00\x01\x00\xf6\x00\x08\x00\xf4\x00\x1c\x00\xf6\x00\x0e\x01\x1f"
    b"\x00\x59\x01\x0f\x00\x16\xff\xff\x00\x08\x01\x17\x00\x36\xff\xff\x00\x02\x01\x17\x01\x9d\xff\xff"
    b"\x00\x0b\x00\x8e\x00\x05\xff\xff\x00\x07\x00\x74\x00\x01\x00\x8e\x00\x12\x00\x58\x00\x10\x00\x95"
    b"\x00\x02\x00\x8d\x00\x08\x00\x57\x00\x3b\xff\xff\x00\x0b\x00\x99\x00\x02\xff\xff\x00\x09\x00\x98"
    b"\x00\xfd\xff\xff\x00\x14\x00\x14\x00\x03\x00\x2d\x00\x48\x00\x03\x00\x3c\x00\x31\x00\x25\x00\x0c"
    b"\x00\x05\xff\xff\x00\x3c\x01\x0b\x00\x09\xff\xff\x00\x2a\x01\x15\x00\x19\x00\xf3\x00\x3e\x00\xf6"
    b"\x00\x0d\x00\xf4\x00\x03\x00\xf6\x00\x05\x01\x16\x00\x01\x00\xf6\x00\x05\x01\x16\x00\x10\x00\xf6"
    b"\x00\x0c\x01\x1f\x00\x59\x01\x0f\x00\x1a\xff\xff\x00\x04\x01\x17\x00\x36\xff\xff\x00\x01\x01\x17"
    b"\x01\x9c\xff\xff\x00\x0c\x00\x8e\x00\x04\xff\xff\x00\x09\x00\x74\x00\x13\x00\x58\x00\x01\x00\x95"
    b"\x00\x03\x00\x8d\x00\x01\x00\x95\x00\x01\x00\x8d\x00\x09\x00\x95\x00\x02\x00\x8d\x00\x09\x00\x57"
    b"\x00\x3a\xff\xff\x00\x0b\x00\x99\x00\x03\xff\xff\x00\x07\x00\x98\x00\xff\xff\xff\x00\x14\x00\x14"
    b"\x00\x02\x00\x2d\x00\x48\x00\x03\x00\x3d\x00\x31\x00\x25\x00\x0c\x00\x05\xff\xff\x00\x3c\x01\x0b"
    b"\x00\x07\xff\xff\x00\x2c\x01\x15\x00\x19\x00\xf3\x00\x3d\x00\xf6\x00\x0d\x00\xf4\x00\x03\x00\xf6"
    b"\x00\x0d\x01\x16\x00\x10\x00\xf6\x00\x04\x01\x1f\x00\x01\x00\xf6\x00\x06\x01\x1f\x00\x5a\x01\x0f"
    b"\x00\x1a\xff\xff\x00\x04\x01\x17\x00\x30\xff\xff\x00\x01\x01\x17\x00\x04\xff\xff\x00\x02\x01\x17"
    b"\x01\x9a\xff\xff\x00\x0d\x00\x8e\x00\x04\xff\xff\x00\x09\x00\x74\x00\x13\x00\x58\x00\x01\x00\x95"
    b"\x00\x06\x00\x8d\x00\x06\x00\x95\x00\x04\x00\x8d\x00\x0a\x00\x57\x00\x38\xff\xff\x00\x0c\x00\x99"
    b"\x00\x05\xff\xff\x00\x03\x00\x98\x01\x02\xff\xff\x00\x13\x00\x14\x00\x4a\x00\x03\x00\x3d\x00\x31"
    b"\x00\x25\x00\x0c\x00\x04\xff\xff\x00\x3c\x01\x0b\x00\x06\xff\xff\x00\x2c\x01\x15\x00\x1c\x00\xf3"
    b"\x00\x36\x00\xf6\x00\x01\x00\xf4\x00\x04\x00\xf6\x00\x0e\x00\xf4\x00\x03\x00\xf6\x00\x01\x01\x0f"
    b"\x00\x0c\x01\x16\x00\x14\x00\xf6\x00\x07\x01\x1f\x00\x5a\x01\x0f\x00\x1c\xff\xff\x00\x03\x01\x17"
    b"\x00\x2f\xff\xff\x00\x01\x01\x17\x00\x04\xff\xff\x00\x02\x01\x17\x00\xa5\xff\xff\x00\x02\x01\x8b"
    b"\x00\xf2\xff\xff\x00\x0c\x00\x8e\x00\x01\xff\xff\x00\x01\x00\x8e\x00\x04\xff\xff\x00\x08\x00\x74"
    b"\x00\x13\x00\x58\x00\x02\x00\x95\x00\x06\x00\x8d\x00\x07\x00\x95\x00\x03\x00\x8d\x00\x0a\x00\x57"
    b"\x00\x38\xff\xff\x00\x0c\x00\x99\x00\xf7\xff\xff\x00\x02\x01\x24\x00\x08\xff\xff\x00\x02\x01\x24"
    b"\x00\x07\xff\xff\x00\x13\x00\x14\x00\x4b\x00\x03\x00\x3c\x00\x31\x00\x26\x00\x0c\x00\x02\xff\xff"
    b"\x00\x3d\x01\x0b\x00\x05\xff\xff\x00\x2d\x01\x15\x00\x1d\x00\xf3\x00\x33\x00\xf6\x00\x15\x00\xf4"
    b"\x00\x03\x00\xf6\x00\x02\x01\x0f\x00\x09\x01\x16\x00\x16\x00\xf6\x00\x05\x01\x1f\x00\x5d\x01\x0f"
    b"\x00\x1c\xff\xff\x00\x03\x01\x17\x00\x33\xff\xff\x00\x02\x01\x17\x00\xa5\xff\xff\x00\x03\x01\x8b"
    b"\x00\xf0\xff\xff\x00\x0c\x00\x8e\x00\x04\xff\xff\x00\x0a\x00\x74\x00\x14\x00\x58\x00\x02\x00\x95"
    b"\x00\x05\x00\x8d\x00\x06\x00\x95\x00\x03\x00\x8d\x00\x0d\x00\x57\x00\x37\xff\xff\x00\x0b\x00\x99"
    b"\x00\xf8\xff\xff\x00\x02\x01\x24\x00\x01\xff\xff\x00\x04\x01\x24\x00\x02\xff\xff\x00\x03\x01\x24"
    b"\x00\x03\xff\xff\x00\x01\x01\x24\x00\x04\xff\xff\x00\x12\x00\x0d\x00\x4b\x00\x03\x00\x3c\x00\x31"
    b"\x00\x26\x00\x0c\x00\x3c\x01\x0b\x00\x01\xff\xff\x00\x03\x01\x0b\x00\x03\xff\xff\x00\x2e\x01\x15"
    b"\x00\x1e\x00\xf3\x00\x02\x00\xf6\x00\x03\x00\xf3\x00\x29\x00\xf6\x00\x15\x00\xf4\x00\x03\x01\x0f"
    b"\x00\x02\x00\xf4\x00\x03\x00\xf6\x00\x01\x01\x0f\x00\x06\x01\x16\x00\x01\x01\x0f\x00\x02\x01\x16"
    b"\x00\x04\x01\x0f\x00\x13\x00\xf6\x00\x04\x01\x1f\x00\x5e\x01\x0f\x00\x19\xff\xff\x00\x02\x01\x17"
    b"\x00\x01\xff\xff\x00\x03\x01\x17\x00\x32\xff\xff\x00\x01\x01\x17\x00\xa0\xff\xff\x00\x03\x01\x92"
    b"\x00\x04\xff\xff\x00\x01\x01\x8b\x00\xf0\xff\xff\x00\x03\x00\xbd\x00\x02\xff\xff\x00\x08\x00\xbd"
    b"\x00\x04\xff\xff\x00\x0a\x00\x74\x00\x15\x00\x58\x00\x01\x00\x95\x00\x04\x00\x8d\x00\x06\x00\x95"
    b"\x00\x04\x00\x8d\x00\x0f\x00\x57\x00\x35\xff\xff\x00\x0b\x00\x99\x00\xfb\xff\xff\x00\x05\x01\x24"
    b"\x00\x01\xff\xff\x00\x03\x01\x24\x00\x02\xff\xff\x00\x04\x01\x24\x00\x03\xff\xff\x00\x11\x00\x0d"
    b"\x00\x4b\x00\x03\x00\x3c\x00\x31\x00\x26\x00\x0c\x00\x3b\x01\x0b\x00\x03\xff\xff\x00\x01\x01\x15"
    b"\x00\x03\xff\xff\x00\x2f\x01\x15\x00\x25\x00\xf3\x00\x26\x00\xf6\x00\x11\x00\xf4\x00\x0f\x01\x0f"
    b"\x00\x03\x01\x16\x00\x0a\x01\x0f\x00\x12\x00\xf6\x00\x04\x01\x1f\x00\x5f\x01\x0f\x00\x1c\xff\xff"
    b"\x00\x04\x01\x17\x00\xce\xff\xff\x00\x02\x01\x92\x00\x02\xff\xff\x00\x01\x01\x92\x00\xf6\xff\xff"
    b"\x00\x03\x00\xbd\x00\x03\xff\xff\x00\x07\x00\xbd\x00\x10\x00\x74\x00\x13\x00\x58\x00\x01\x00\x95"
    b"\x00\x04\x00\x8d\x00\x05\x00\x95\x00\x04\x00\x8d\x00\x11\x00\x57\x00\x34\xff\xff\x00\x0b\x00\x99"
    b"\x00\xf9\xff\xff\x00\x08\x01\x24\x00\x02\xff\xff\x00\x01\x01\x24\x00\x03\xff\xff\x00\x04\x01\x24"
    b"\x00\x06\xff\xff\x00\x0d\x00\x0d\x00\x4a\x00\x03\x00\x3d\x00\x31\x00\x26\x00\x0c\x00\x3a\x01\x0b"
    b"\x00\x07\xff\xff\x00\x2f\x01\x15\x00\x27\x00\xf3\x00\x24\x00\xf6\x00\x0f\x00\xf4\x00\x21\x01\x0f"
    b"\x00\x0f\x00\xf6\x00\x02\x01\x0f\x00\x01\x01\x1f\x00\x62\x01\x0f\x00\x1b\xff\xff\x00\x05\x01\x17"
    b"\x00\xcd\xff\xff\x00\x01\x01\x92\x00\xff\xff\xff\x00\x07\x00\xbd\x00\x11\x00\x74\x00\x10\x00\x58"
    b"\x00\x01\x00\xa0\x00\x01\x00\x58\x00\x02\x00\xa0\x00\x04\x00\x8d\x00\x03\x00\x95\x00\x05\x00\x8d"
    b"\x00\x14\x00\x57\x00\x32\xff\xff\x00\x0b\x00\x99\x00\xf8\xff\xff\x00\x03\x01\x24\x00\x03\xff\xff"
    b"\x00\x03\x01\x24\x00\x07\xff\xff\x00\x03\x01\x24\x00\x08\xff\xff\x00\x0b\x00\x0d\x00\x4b\x00\x03"
    b"\x00\x3c\x00\x31\x00\x27\x00\x0c\x00\x34\x01\x0b\x00\x03\x00\xfa\x00\x01\x01\x0b\x00\x07\xff\xff"
    b"\x00\x2d\x01\x15\x00\x2a\x00\xf3\x00\x22\x00\xf6\x00\x10\x00\xf4\x00\x01\x01\x0f\x00\x01\x00\xf4"
    b"\x00\x21\x01\x0f\x00\x0c\x00\xf6\x00\x67\x01\x0f\x00\x1a\xff\xff\x00\x01\x01\x17\x00\x02\xff\xff"
    b"\x00\x02\x01\x17\x01\xbe\xff\xff\x00\x02\x00\xbd\x00\x0d\xff\xff\x00\x08\x00\xbd\x00\x10\x00\x74"
    b"\x00\x10\x00\x58\x00\x05\x00\xa0\x00\x04\x00\x8d\x00\x02\x00\x95\x00\x06\x00\x8d\x00\x16\x00\x57"
    b"\x00\x10\xff\xff\x00\x03\x00\x57\x00\x02\xff\xff\x00\x03\x00\x57\x00\x18\xff\xff\x00\x0a\x00\x99"
    b"\x00\xf9\xff\xff\x00\x03\x01\x24\x00\x0d\xff\xff\x00\x04\x01\x24\x00\x08\xff\xff\x00\x0c\x00\x0d"
    b"\x00\x49\x00\x03\x00\x3c\x00\x31\x00\x27\x00\x0c\x00\x33\x01\x0b\x00\x06\x00\xfa\x00\x05\xff\xff"
    b"\x00\x2d\x01\x15\x00\x2c\x00\xf3\x00\x1e\x00\xf6\x00\x11\x00\xf4\x00\x27\x01\x0f\x00\x0a\x00\xf6"
    b"\x00\x68\x01\x0f\x00\x19\xff\xff\x00\x02\x01\x17\x00\x01\xff\xff\x00\x02\x01\x17\x01\xbe\xff\xff"
    b"\x00\x02\x00\xbd\x00\x0c\xff\xff\x00\x09\x00\xbd\x00\x10\x00\x74\x00\x0f\x00\x58\x00\x06\x00\xa0"
    b"\x00\x02\x00\x57\x00\x09\x00\x8d\x00\x18\x00\x57\x00\x0d\xff\xff\x00\x0b\x00\x57\x00\x16\xff\xff"
    b"\x00\x0a\x00\x99\x01\x0b\xff\xff\x00\x03\x01\x24\x00\x0a\xff\xff\x00\x0b\x00\x0d\x00\x47\x00\x03"
    b"\x00\x3d\x00\x31\x00\x27\x00\x0c\x00\x2c\x01\x0b\x00\x03\x00\xd8\x00\x09\x00\xfa\x00\x05\xff\xff"
    b"\x00\x2e\x01\x15\x00\x2e\x00\xf3\x00\x1d\x00\xf6\x00\x10\x00\xf4\x00\x28\x01\x0f\x00\x03\x00\xf6"
    b"\x00\x01\x01\x0f\x00\x04\x00\xf6\x00\x6a\x01\x0f\x00\x19\xff\xff\x00\x02\x01\x17\x01\xc0\xff\xff"
    b"\x00\x01\x00\xbd\x00\x0b\xff\xff\x00\x0b\x00\xbd\x00\x10\x00\x74\x00\x0e\x00\x58\x00\x05\x00\xa0"
    b"\x00\x05\x00\x57\x00\x07\x00\x8d\x00\x1b\x00\x57\x00\x07\xff\xff\x00\x0f\x00\x57\x00\x15\xff\xff"
    b"\x00\x0b\x00\x99\x01\x0b\xff\xff\x00\x03\x01\x24\x00\x0b\xff\xff\x00\x0c\x00\x0d\x00\x45\x00\x03"
    b"\x00\x3d\x00\x31\x00\x28\x00\x0c\x00\x05\x00\xd2\x00\x21\x01\x0b\x00\x09\x00\xd8\x00\x08\x00\xfa"
    b"\x00\x04\xff\xff\x00\x2e\x01\x15\x00\x30\x00\xf3\x00\x1c\x00\xf6\x00\x0d\x00\xf4\x00\x9d\x01\x0f"
    b"\x00\x1a\xff\xff\x00\x02\x01\x17\x01\xc9\xff\xff\x00\x0c\x00\xbd\x00\x11\x00\x74\x00\x0c\x00\x58"
    b"\x00\x05\x00\xa0\x00\x07\x00\x57\x00\x06\x00\x8d\x00\x32\x00\x57\x00\x0d\xff\xff\x00\x04\x00\x99"
    b"\x00\x03\xff\xff\x00\x0b\x00\x99\x01\x0d\xff\xff\x00\x02\x01\x24\x00\x0c\xff\xff\x00\x13\x00\x0d"
    b"\x00\x3d\x00\x03\x00\x3d\x00\x31\x00\x28\x00\x0c\x00\x06\x00\xd2\x00\x1f\x01\x0b\x00\x0b\x00\xd8"
    b"\x00\x06\x00\xfa\x00\x02\x00\xd8\x00\x02\xff\xff\x00\x2e\x01\x15\x00\x03\x00\xf3\x00\x0f\x00\xf1"
    b"\x00\x1f\x00\xf3\x00\x1d\x00\xf6\x00\x0a\x00\xf4\x00\xa0\x01\x0f\x00\x19\xff\xff\x00\x03\x01\x17"
    b"\x00\x29\xff\xff\x00\x01\x01\x17\x01\x9e\xff\xff\x00\x0b\x00\xbd\x00\x13\x00\x74\x00\x0b\x00\x58"
    b"\x00\x04\x00\xa0\x00\x41\x00\x57\x00\x0b\xff\xff\x00\x01\x00\x57\x00\x01\x00\x99\x00\x01\x00\x57"
    b"\x00\x10\x00\x99\x01\x03\xff\xff\x00\x02\x01\x27\x00\x08\xff\xff\x00\x01\x01\x24\x00\x0e\xff\xff"
    b"\x00\x13\x00\x0d\x00\x3b\x00\x03\x00\x3d\x00\x31\x00\x28\x00\x0c\x00\x01\x00\xf0\x00\x07\x00\xd2"
    b"\x00\x1c\x01\x0b\x00\x0d\x00\xd8\x00\x05\x00\xfa\x00\x02\x00\xd8\x00\x31\x01\x15\x00\x15\x00\xf1"
    b"\x00\x1d\x00\xf3\x00\x1c\x00\xf6\x00\x09\x00\xf4\x00\xa1\x01\x0f\x00\x19\xff\xff\x00\x04\x01\x17"
    b"\x00\x28\xff\xff\x00\x01\x01\x17\x01\x9e\xff\xff\x00\x0a\x00\xbd\x00\x14\x00\x74\x00\x0b\x00\x58"
    b"\x00\x04\x00\xa0\x00\x46\x00\x57\x00\x04\xff\xff\x00\x04\x00\x57\x00\x11\x00\x99\x01\x03\xff\xff"
    b"\x00\x03\x01\x27\x00\x16\xff\xff\x00\x14\x00\x0d\x00\x3a\x00\x03\x00\x3d\x00\x31\x00\x28\x00\x0c"
    b"\x00\x02\x00\xf0\x00\x09\x00\xd2\x00\x18\x01\x0b\x00\x14\x00\xd8\x00\x32\x01\x15\x00\x15\x00\xf1"
    b"\x00\x1e\x00\xf3\x00\x1c\x00\xf6\x00\x01\x00\xf4\x00\x01\x01\x0f\x00\x04\x00\xf4\x00\xa4\x01\x0f"
    b"\x00\x1a\xff\xff\x00\x04\x01\x17\x01\xc4\xff\xff\x00\x0a\x00\xbd\x00\x15\x00\x74\x00\x01\x00\x59"
    b"\x00\x0b\x00\x58\x00\x01\x00\x59\x00\x02\x00\xa0\x00\x4f\x00\x57\x00\x0f\x00\x99\x01\x1e\xff\xff"
    b"\x00\x15\x00\x0d\x00\x38\x00\x03\x00\x02\x00\x32\x00\x3b\x00\x31\x00\x27\x00\x0c\x00\x03\x00\xf0"
    b"\x00\x0a\x00\xd2\x00\x15\x01\x0b\x00\x15\x00\xd8\x00\x34\x01\x15\x00\x14\x00\xf1\x00\x1f\x00\xf3"
    b"\x00\x1b\x00\xf6\x00\x03\x01\x0f\x00\x01\x00\xf4\x00\xa6\x01\x0f\x00\x1b\xff\xff\x00\x05\x01\x17"
    b"\x00\x23\xff\xff\x00\x02\x01\x17\x01\x9d\xff\xff\x00\x09\x00\xbd\x00\x14\x00\x74\x00\x04\x00\x59"
    b"\x00\x09\x00\x58\x00\x03\x00\x59\x00\x50\x00\x57\x00\x0f\x00\x99\x01\x1d\xff\xff\x00\x19\x00\x0d"
    b"\x00\x35\x00\x03\x00\x03\x00\x32\x00\x3b\x00\x31\x00\x26\x00\x0c\x00\x03\x00\xf0\x00\x0b\x00\xd2"
    b"\x00\x13\x01\x0b\x00\x15\x00\xd8\x00\x36\x01\x15\x00\x13\x00\xf1\x00\x20\x00\xf3\x00\x18\x00\xf6"
    b"\x00\xac\x01\x0f\x00\x19\xff\xff\x00\x02\x01\x17\x00\x03\xff\xff\x00\x02\x01\x17\x00\x23\xff\xff"
    b"\x00\x02\x01\x17\x01\x9c\xff\xff\x00\x09\x00\xbd\x00\x15\x00\x74\x00\x08\x00\x59\x00\x04\x00\x58"
    b"\x00\x02\x00\x59\x00\x02\x00\x62\x00\x50\x00\x57\x00\x0f\x00\x99\x01\x1d\xff\xff\x00\x1a\x00\x0d"
    b"\x00\x34\x00\x03\x00\x03\x00\x32\x00\x3b\x00\x31\x00\x26\x00\x0c\x00\x03\x00\xf0\x00\x0a\x00\xd2"
    b"\x00\x13\x01\x0b\x00\x16\x00\xd8\x00\x37\x01\x15\x00\x12\x00\xf1\x00\x20\x00\xf3\x00\x17\x00\xf6"
    b"\x00\xad\x01\x0f\x00\x18\xff\xff\x00\x06\x01\x17\x00\x01\xff\xff\x00\x01\x01\x17\x01\xc1\xff\xff"
    b"\x00\x09\x00\xbd\x00\x16\x00\x74\x00\x07\x00\x59\x00\x03\x00\x58\x00\x02\x00\x59\x00\x03\x00\x62"
    b"\x00\x50\x00\x57\x00\x10\x00\x99\x01\x1c\xff\xff\x00\x19\x00\x0d\x00\x34\x00\x03\x00\x04\x00\x32"
    b"\x00\x3a\x00\x31\x00\x11\x00\x0c\x00\x01\xff\xff\x00\x14\x00\x0c\x00\x05\x00\xf0\x00\x08\x00\xd2"
    b"\x00\x12\x01\x0b\x00\x17\x00\xd8\x00\x38\x01\x15\x00\x14\x00\xf1\x00\x20\x00\xf3\x00\x12\x00\xf6"
    b"\x00\xaf\x01\x0f\x00\x19\xff\xff\x00\x07\x01\x17\x01\xc1\xff\xff\x00\x09\x00\xbd\x00\x0d\x00\x74"
    b"\x00\x09\x00\xa3\x00\x03\x00\x62\x00\x09\x00\x59\x00\x04\x00\x62\x00\x50\x00\x57\x00\x10\x00\x99"
    b"\x01\x1c\xff\xff\x00\x19\x00\x0d\x00\x34\x00\x03\x00\x04\x00\x32\x00\x3a\x00\x31\x00\x0d\x00\x0c"
    b"\x00\x07\xff\xff\x00\x0b\x00\x0c\x00\x02\xff\xff\x00\x02\x00\x0c\x00\x01\xff\xff\x00\x02\x00\x0c"
    b"\x00\x05\x00\xf0\x00\x07\x00\xd2\x00\x11\x01\x0b\x00\x19\x00\xd8\x00\x38\x01\x15\x00\x18\x00\xf1"
    b"\x00\x1b\x00\xf3\x00\x11\x00\xf6\x00\x01\x01\x0f\x00\x01\x00\xf6\x00\xae\x01\x0f\x00\x1a\xff\xff"
    b"\x00\x09\x01\x17\x00\x21\xff\xff\x00\x02\x01\x17\x01\x9b\xff\xff\x00\x0a\x00\xbd\x00\x0a\x00\x74"
    b"\x00\x0c\x00\xa3\x00\x03\x00\x62\x00\x08\x00\x59\x00\x05\x00\x62\x00\x50\x00\x57\x00\x10\x00\x99"
    b"\x01\x1c\xff\xff\x00\x19\x00\x0d\x00\x34\x00\x03\x00\x04\x00\x32\x00\x3b\x00\x31\x00\x08\x00\x0c"
    b"\x00\x0d\xff\xff\x00\x08\x00\x0c\x00\x08\xff\xff\x00\x01\x00\xe8\x00\x04\x00\xf0\x00\x08\x00\xd2"
    b"\x00\x0e\x01\x0b\x00\x1b\x00\xd8\x00\x34\x01\x15\x00\x1c\x00\xf1\x00\x04\x00\xf3\x00\x01\x00\xf1"
    b"\x00\x16\x00\xf3\x00\x11\x00\xf6\x00\xaf\x01\x0f\x00\x1c\xff\xff\x00\x09\x01\x17\x00\x21\xff\xff"
    b"\x00\x01\x01\x17\x01\x9b\xff\xff\x00\x08\x00\xbd\x00\x09\x00\x74\x00\x0f\x00\xa3\x00\x10\x00\x62"
    b"\x00\x4f\x00\x57\x00\x12\x00\x99\x01\x1c\xff\xff\x00\x1c\x00\x0d\x00\x30\x00\x03\x00\x06\x00\x32"
    b"\x00\x3a\x00\x31\x00\x25\xff\xff\x00\x04\x00\xf0\x00\x0c\x00\xd2\x00\x08\x01\x0b\x00\x1d\x00\xd8"
    b"\x00\x34\x01\x15\x00\x22\x00\xf1\x00\x15\x00\xf3\x00\x11\x00\xf6\x00\xae\x01\x0f\x00\x18\xff\xff"
    b"\x00\x01\x01\x17\x00\x04\xff\xff\x00\x09\x01\x17\x00\x20\xff\xff\x00\x02\x01\x17\x01\x9a\xff\xff"
    b"\x00\x09\x00\xbd\x00\x06\x00\x74\x00\x12\x00\xa3\x00\x18\x00\x62\x00\x48\x00\x57\x00\x13\x00\x99"
    b"\x00\x3d\xff\xff\x00\x02\x01\x23\x00\xdc\xff\xff\x00\x1c\x00\x0d\x00\x03\x00\x03\x00\x02\x00\x0d"
    b"\x00\x29\x00\x03\x00\x08\x00\x32\x00\x39\x00\x31\x00\x25\xff\xff\x00\x04\x00\xf0\x00\x0f\x00\xd2"
    b"\x00\x01\x01\x0b\x00\x20\x00\xd8\x00\x35\x01\x15\x00\x22\x00\xf1\x00\x18\x00\xf3\x00\x0e\x00\xf6"
    b"\x00\xae\x01\x0f\x00\x18\xff\xff\x00\x02\x01\x17\x00\x02\xff\xff\x00\x0a\x01\x17\x01\xbb\xff\xff"
    b"\x00\x0a\x00\xbd\x00\x02\x00\x74\x00\x16\x00\xa3\x00\x18\x00\x62\x00\x48\x00\x57\x00\x14\x00\x99"
    b"\x00\x3c\xff\xff\x00\x02\x01\x23\x00\xbe\xff\xff\x00\x03\x01\x27\x00\x1b\xff\xff\x00\x21\x00\x0d"
    b"\x00\x27\x00\x03\x00\x0c\x00\x32\x00\x31\x00\x31\x00\x2b\xff\xff\x00\x02\x00\xf0\x00\x02\x00\xe9"
    b"\x00\x04\x00\xd2\x00\x02\x00\xe2\x00\x08\x00\xd2\x00\x22\x00\xd8\x00\x35\x01\x15\x00\x22\x00\xf1"
    b"\x00\x18\x00\xf3\x00\x0d\x00\xf6\x00\xaf\x01\x0f\x00\x1a\xff\xff\x00\x0e\x01\x17\x00\x1d\xff\xff"
    b"\x00\x02\x01\x17\x01\x96\xff\xff\x00\x01\x00\x86\x00\x03\xff\xff\x00\x06\x00\x86\x00\x05\x00\xbd"
    b"\x00\x17\x00\xa3\x00\x18\x00\x62\x00\x47\x00\x57\x00\x17\x00\x99\x00\xf8\xff\xff\x00\x05\x01\x27"
    b"\x00\x1b\xff\xff\x00\x21\x00\x0d\x00\x26\x00\x03\x00\x0d\x00\x32\x00\x2f\x00\x31\x00\x2e\xff\xff"
    b"\x00\x03\x00\xf0\x00\x02\x00\xd2\x00\x06\x00\xe2\x00\x06\x00\xd2\x00\x20\x00\xd8\x00\x37\x01\x15"
    b"\x00\x23\x00\xf1\x00\x15\x00\xf3\x00\x13\x00\xf6\x00\xaa\x01\x0f\x00\x19\xff\xff\x00\x14\x01\x17"
    b"\x00\x19\xff\xff\x00\x02\x01\x17\x01\x95\xff\xff\x00\x03\x00\x86\x00\x02\xff\xff\x00\x0c\x00\x86"
    b"\x00\x16\x00\xa3\x00\x18\x00\x62\x00\x47\x00\x57\x00\x18\x00\x99\x00\xf7\xff\xff\x00\x05\x01\x27"
    b"\x00\x1c\xff\xff\x00\x1f\x00\x0d\x00\x27\x00\x03\x00\x0d\x00\x32\x00\x0b\x00\x31\x00\x1a\xff\xff"
    b"\x00\x09\x00\x31\x00\x2f\xff\xff\x00\x04\x00\xf0\x00\x08\x00\xe2\x00\x05\x00\xd2\x00\x1e\x00\xd8"
    b"\x00\x39\x01\x15\x00\x23\x00\xf1\x00\x14\x00\xf3\x00\x13\x00\xf6\x00\xab\x01\x0f\x00\x1a\xff\xff"
    b"\x00\x13\x01\x17\x00\x1a\xff\xff\x00\x01\x01\x17\x01\x91\xff\xff\x00\x02\x00\x86\x00\x02\xff\xff"
    b"\x00\x02\x00\x86\x00\x03\xff\xff\x00\x0b\x00\x86\x00\x17\x00\xa3\x00\x18\x00\x62\x00\x47\x00\x57"
    b"\x00\x19\x00\x99\x00\xfa\xff\xff\x00\x02\x01\x27\x00\x1c\xff\xff\x00\x1e\x00\x0d\x00\x26\x00\x03"
    b"\x00\x0e\x00\x32\x00\x03\x00\x31\x00\x25\xff\xff\x00\x01\x00\x31\x00\x01\xff\xff\x00\x01\x00\x31"
    b"\x00\x32\xff\xff\x00\x01\x00\xf0\x00\x02\x00\xdd\x00\x01\x00\xf0\x00\x0a\x00\xe2\x00\x03\x00\xd2"
    b"\x00\x1d\x00\xd8\x00\x39\x01\x15\x00\x26\x00\xf1\x00\x11\x00\xf3\x00\x14\x00\xf6\x00\xaa\x01\x0f"
    b"\x00\x11\xff\xff\x00\x04\x01\x0e\x00\x06\xff\xff\x00\x17\x01\x17\x00\x15\xff\xff\x00\x02\x01\x17"
    b"\x01\x90\xff\xff\x00\x15\x00\x86\x00\x17\x00\xa3\x00\x18\x00\x62\x00\x47\x00\x57\x00\x1a\x00\x99"
    b"\x01\x18\xff\xff\x00\x1c\x00\x0d\x00\x26\x00\x03\x00\x0f\x00\x32\x00\x5e\xff\xff\x00\x03\x00\xdd"
    b"\x00\x0c\x00\xe2\x00\x1d\x00\xd8\x00\x3b\x01\x15\x00\x26\x00\xf1\x00\x10\x00\xf3\x00\x13\x00\xf6"
    b"\x00\xab\x01\x0f\x00\x11\xff\xff\x00\x05\x01\x0e\x00\x06\xff\xff\x00\x17\x01\x17\x00\x03\xff\xff"
    b"\x00\x03\x01\x17\x01\xa3\xff\xff\x00\x13\x00\x86\x00\x16\x00\xa3\x00\x18\x00\x62\x00\x47\x00\x57"
    b"\x00\x1b\x00\x99\x01\x19\xff\xff\x00\x1b\x00\x0d\x00\x24\x00\x03\x00\x0f\x00\x32\x00\x60\xff\xff"
    b"\x00\x03\x00\xdd\x00\x0d\x00\xe2\x00\x1b\x00\xd8\x00\x3a\x01\x15\x00\x27\x00\xf1\x00\x0f\x00\xf3"
    b"\x00\x13\x00\xf6\x00\xab\x01\x0f\x00\x12\xff\xff\x00\x05\x01\x0e\x00\x08\xff\xff\x00\x1c\x01\x17"
    b"\x00\x0b\xff\xff\x00\x02\x01\x17\x01\x90\xff\xff\x00\x05\x00\x86\x00\x01\xff\xff\x00\x12\x00\x86"
    b"\x00\x16\x00\xa3\x00\x18\x00\x62\x00\x46\x00\x57\x00\x1f\x00\x99\x01\x19\xff\xff\x00\x17\x00\x0d"
    b"\x00\x25\x00\x03\x00\x0f\x00\x32\x00\x60\xff\xff\x00\x04\x00\xdd\x00\x0e\x00\xe2\x00\x17\x00\xd8"
    b"\x00\x3c\x01\x15\x00\x26\x00\xf1\x00\x11\x00\xf3\x00\x12\x00\xf6\x00\xaa\x01\x0f\x00\x0f\xff\xff"
    b"\x00\x0b\x01\x0e\x00\x07\xff\xff\x00\x1d\x01\x17\x00\x07\xff\xff\x00\x02\x01\x17\x00\x01\xff\xff"
    b"\x00\x02\x01\x17\x01\x8e\xff\xff\x00\x1a\x00\x86\x00\x15\x00\xa3\x00\x18\x00\x62\x00\x46\x00\x57"
    b"\x00\x20\x00\x99\x01\x1a\xff\xff\x00\x15\x00\x0d\x00\x25\x00\x03\x00\x0f\x00\x32\x00\x61\xff\xff"
    b"\x00\x04\x00\xdd\x00\x0f\x00\xe2\x00\x15\x00\xd8\x00\x3c\x01\x15\x00\x2a\x00\xf1\x00\x0c\x00\xf3"
    b"\x00\x13\x00\xf6\x00\xa9\x01\x0f\x00\x0f\xff\xff\x00\x0d\x01\x0e\x00\x04\xff\xff\x00\x01\x01\x17"
    b"\x00\x02\xff\xff\x00\x1d\x01\x17\x00\x07\xff\xff\x00\x04\x01\x17\x01\x8e\xff\xff\x00\x1a\x00\x86"
    b"\x00\x15\x00\xa3\x00\x18\x00\x62\x00\x46\x00\x57\x00\x21\x00\x99\x01\x19\xff\xff\x00\x15\x00\x0d"
    b"\x00\x26\x00\x03\x00\x0e\x00\x32\x00\x61\xff\xff\x00\x04\x00\xdd\x00\x12\x00\xe2\x00\x12\x00\xd8"
    b"\x00\x3d\x01\x15\x00\x29\x00\xf1\x00\x0b\x00\xf3\x00\x14\x00\xf6\x00\xa8\x01\x0f\x00\x11\xff\xff"
    b"\x00\x0f\x01\x0e\x00\x02\xff\xff\x00\x02\x01\x17\x00\x01\xff\xff\x00\x1e\x01\x17\x00\x05\xff\xff"
    b"\x00\x03\x01\x17\x01\x8e\xff\xff\x00\x1a\x00\x86\x00\x16\x00\xa3\x00\x18\x00\x62\x00\x46\x00\x57"
    b"\x00\x25\x00\x99\x01\x16\xff\xff\x00\x14\x00\x0d\x00\x28\x00\x03\x00\x0e\x00\x32\x00\x52\xff\xff"
    b"\x00\x06\x01\x00\x00\x07\xff\xff\x00\x01\x00\xdd\x00\x01\x00\xe2\x00\x02\x00\xdd\x00\x12\x00\xe2"
    b"\x00\x13\x00\xd8\x00\x3d\x01\x15\x00\x28\x00\xf1\x00\x0c\x00\xf3\x00\x05\x00\xf6\x00\x03\x00\xf3"
    b"\x00\x09\x00\xf6\x00\xa9\x01\x0f\x00\x12\xff\xff\x00\x10\x01\x0e\x00\x01\xff\xff\x00\x02\x01\x17"
    b"\x00\x02\xff\xff\x00\x26\x01\x17\x01\x8d\xff\xff\x00\x19\x00\x86\x00\x17\x00\xa3\x00\x18\x00\x62"
    b"\x00\x46\x00\x57\x00\x26\x00\x99\x01\x16\xff\xff\x00\x12\x00\x0d\x00\x29\x00\x03\x00\x0f\x00\x32"
    b"\x00\x30\xff\xff\x00\x01\x01\x3b\x00\x02\xff\xff\x00\x02\x01\x3b\x00\x01\xff\xff\x00\x01\x01\x3b"
    b"\x00\x01\xff\xff\x00\x01\x01\x3b\x00\x17\xff\xff\x00\x07\x01\x00\x00\x01\xff\xff\x00\x01\x01\x00"
    b"\x00\x05\xff\xff\x00\x17\x00\xe2\x00\x12\x00\xd8\x00\x3d\x01\x15\x00\x29\x00\xf1\x00\x16\x00\xf3"
    b"\x00\x06\x00\xf6\x00\xa8\x01\x0f\x00\x13\xff\xff\x00\x10\x01\x0e\x00\x07\xff\xff\x00\x26\x01\x17"
    b"\x01\x8b\xff\xff\x00\x1a\x00\x86\x00\x15\x00\xa3\x00\x19\x00\x62\x00\x46\x00\x57\x00\x29\x00\x99"
    b"\x01\x13\xff\xff\x00\x11\x00\x0d\x00\x2b\x00\x03\x00\x0d\x00\x32\x00\x31\xff\xff\x00\x0a\x01\x3b"
    b"\x00\x16\xff\xff\x00\x03\x01\x00\x00\x01\x00\xe7\x00\x02\x01\x00\x00\x02\x00\xe7\x00\x01\x01\x00"
    b"\x00\x06\xff\xff\x00\x16\x00\xe2\x00\x14\x00\xd8\x00\x3c\x01\x15\x00\x29\x00\xf1\x00\x16\x00\xf3"
    b"\x00\x04\x00\xf6\x00\xa9\x01\x0f\x00\x14\xff\xff\x00\x10\x01\x0e\x00\x0a\xff\xff\x00\x23\x01\x17"
    b"\x01\x89\xff\xff\x00\x1b\x00\x86\x00\x0d\x00\xa3\x00\x21\x00\x62\x00\x47\x00\x57\x00\x28\x00\x99"
    b"\x01\x14\xff\xff\x00\x0d\x00\x0d\x00\x01\x00\x0e\x00\x02\x00\x0d\x00\x02\xff\xff\x00\x28\x00\x03"
    b"\x00\x0c\x00\x32\x00\x04\xff\xff\x00\x02\x01\x5e\x00\x2b\xff\xff\x00\x09\x01\x3b\x00\x01\xff\xff"
    b"\x00\x02\x01\x3b\x00\x01\xff\xff\x00\x02\x01\x3b\x00\x15\xff\xff\x00\x01\x01\x00\x00\x07\x00\xe7"
    b"\x00\x04\xff\xff\x00\x17\x00\xe2\x00\x13\x00\xd8\x00\x3d\x01\x15\x00\x03\x00\xf1\x00\x04\x00\xd6"
    b"\x00\x22\x00\xf1\x00\x16\x00\xf3\x00\x04\x00\xf6\x00\xab\x01\x0f\x00\x14\xff\xff\x00\x10\x01\x0e"
    b"\x00\x0a\xff\xff\x00\x22\x01\x17\x01\x87\xff\xff\x00\x1b\x00\x86\x00\x0e\x00\xa3\x00\x01\x00\x62"
    b"\x00\x03\x00\xa3\x00\x1d\x00\x62\x00\x48\x00\x57\x00\x27\x00\x99\x01\x14\xff\xff\x00\x05\x00\x0d"
    b"\x00\x0e\xff\xff\x00\x27\x00\x03\x00\x0c\x00\x32\x00\x03\xff\xff\x00\x03\x01\x5e\x00\x06\xff\xff"
    b"\x00\x02\x01\x54\x00\x23\xff\xff\x00\x01\x01\x3b\x00\x01\xff\xff\x00\x01\x01\x3b\x00\x05\xff\xff"
    b"\x00\x01\x01\x3b\x00\x05\xff\xff\x00\x01\x01\x3b\x00\x1a\xff\xff\x00\x04\x00\xe7\x00\x03\xff\xff"
    b"\x00\x18\x00\xe2\x00\x12\x00\xd8\x00\x3d\x01\x15\x00\x07\x00\xd6\x00\x22\x00\xf1\x00\x15\x00\xf3"
    b"\x00\x01\x00\xf6\x00\xb0\x01\x0f\x00\x13\xff\xff\x00\x10\x01\x0e\x00\x0b\xff\xff\x00\x22\x01\x17"
    b"\x01\x85\xff\xff\x00\x1c\x00\x86\x00\x0c\x00\xa3\x00\x03\x00\x62\x00\x04\x00\xa3\x00\x1c\x00\x62"
    b"\x00\x49\x00\x57\x00\x26\x00\x99\x01\x14\xff\xff\x00\x04\x00\x0d\x00\x01\x00\x0e\x00\x07\xff\xff"
    b"\x00\x02\x01\x53\x00\x06\xff\xff\x00\x26\x00\x03\x00\x0c\x00\x32\x00\x05\xff\xff\x00\x03\x01\x5e"
    b"\x00\x03\xff\xff\x00\x03\x01\x54\x00\x22\xff\xff\x00\x01\x01\x3b\x00\x0a\xff\xff\x00\x02\x01\x3b"
    b"\x00\x01\xff\xff\x00\x02\x01\x3b\x00\x02\xff\xff\x00\x01\x01\x3b\x00\x12\xff\xff\x00\x03\x01\x4a"
    b"\x00\x05\xff\xff\x00\x01\x00\xe7\x00\x03\xff\xff\x00\x02\x00\xe2\x00\x01\x01\x4a\x00\x14\x00\xe2"
    b"\x00\x12\x00\xd8\x00\x3e\x01\x15\x00\x09\x00\xd6\x00\x20\x00\xf1\x00\x13\x00\xf3\x00\xb4\x01\x0f"
    b"\x00\x12\xff\xff\x00\x10\x01\x0e\x00\x0c\xff\xff\x00\x02\x01\x17\x00\x07\xff\xff\x00\x18\x01\x17"
    b"\x01\x84\xff\xff\x00\x1d\x00\x86\x00\x02\x00\xa3\x00\x01\x00\x86\x00\x09\x00\xa3\x00\x03\x00\x62"
    b"\x00\x02\x00\xa3\x00\x1e\x00\x62\x00\x49\x00\x57\x00\x25\x00\x99\x01\x15\xff\xff\x00\x03\x01\x53"
    b"\x00\x01\x01\x46\x00\x01\x01\x53\x00\x07\xff\xff\x00\x01\x01\x53\x00\x0b\xff\xff\x00\x22\x00\x03"
    b"\x00\x0a\x00\x32\x00\x0d\xff\xff\x00\x02\x01\x54\x00\x21\xff\xff\x00\x02\x01\x3b\x00\x0c\xff\xff"
    b"\x00\x01\x01\x3b\x00\x04\xff\xff\x00\x03\x01\x3b\x00\x05\xff\xff\x00\x01\x01\x3b\x00\x04\x01\x4a"
    b"\x00\x05\xff\xff\x00\x09\x01\x4a\x00\x06\xff\xff\x00\x02\x01\x4a\x00\x14\x00\xe2\x00\x10\x00\xd8"
    b"\x00\x40\x01\x15\x00\x0b\x00\xd6\x00\x1d\x00\xf1\x00\x13\x00\xf3\x00\xb7\x01\x0f\x00\x10\xff\xff"
    b"\x00\x10\x01\x0e\x00\x0c\xff\xff\x00\x03\x01\x17\x00\x08\xff\xff\x00\x15\x01\x17\x01\x84\xff\xff"
    b"\x00\x21\x00\x86\x00\x08\x00\xa3\x00\x06\x00\x62\x00\x01\x00\xa3\x00\x1d\x00\x62\x00\x49\x00\x57"
    b"\x00\x25\x00\x99\x01\x14\xff\xff\x00\x08\x01\x53\x00\x13\xff\xff\x00\x21\x00\x03\x00\x0a\x00\x32"
    b"\x00\x2d\xff\xff\x00\x04\x01\x3b\x00\x08\xff\xff\x00\x01\x01\x3b\x00\x01\xff\xff\x00\x01\x01\x3b"
    b"\x00\x02\xff\xff\x00\x01\x01\x3b\x00\x02\xff\xff\x00\x01\x01\x3b\x00\x01\xff\xff\x00\x02\x01\x3b"
    b"\x00\x03\xff\xff\x00\x07\x01\x4a\x00\x04\xff\xff\x00\x0b\x01\x4a\x00\x03\xff\xff\x00\x05\x01\x4a"
    b"\x00\x13\x00\xe2\x00\x10\x00\xd8\x00\x40\x01\x15\x00\x0d\x00\xd6\x00\x1c\x00\xf1\x00\x12\x00\xf3"
    b"\x00\xb8\x01\x0f\x00\x0e\xff\xff\x00\x11\x01\x0e\x00\x0d\xff\xff\x00\x02\x01\x17\x00\x0a\xff\xff"
    b"\x00\x14\x01\x17\x01\x83\xff\xff\x00\x21\x00\x86\x00\x09\x00\xa3\x00\x23\x00\x62\x00\x48\x00\x57"
    b"\x00\x01\x00\x82\x00\x24\x00\x99\x01\x14\xff\xff\x00\x13\x01\x53\x00\x0b\xff\xff\x00\x1f\x00\x03"
    b"\x00\x0b\x00\x32\x00\x02\xff\xff\x00\x02\x01\x5e\x00\x08\xff\xff\x00\x05\x01\x5e\x00\x18\xff\xff"
    b"\x00\x07\x01\x3b\x00\x03\xff\xff\x00\x02\x01\x3b\x00\x01\xff\xff\x00\x04\x01\x3b\x00\x01\xff\xff"
    b"\x00\x02\x01\x3b\x00\x02\xff\xff\x00\x01\x01\x3b\x00\x02\x01\x4a\x00\x01\x01\x3b\x00\x01\x01\x4a"
    b"\x00\x01\xff\xff\x00\x09\x01\x4a\x00\x02\xff\xff\x00\x15\x01\x4a\x00\x15\x00\xe2\x00\x0d\x00\xd8"
    b"\x00\x41\x01\x15\x00\x0d\x00\xd6\x00\x1e\x00\xf1\x00\x10\x00\xf3\x00\xba\x01\x0f\x00\x0b\xff\xff"
    b"\x00\x12\x01\x0e\x00\x1a\xff\xff\x00\x13\x01\x17\x01\x82\xff\xff\x00\x22\x00\x86\x00\x0a\x00\xa3"
    b"\x00\x22\x00\x62\x00\x48\x00\x57\x00\x02\x00\x82\x00\x23\x00\x99\x00\xc9\xff\xff\x00\x03\x01\x22"
    b"\x00\x3e\xff\xff\x00\x07\x01\x4f\x00\x03\xff\xff\x00\x14\x01\x53\x00\x11\xff\xff\x00\x19\x00\x03"
    b"\x00\x0b\x00\x32\x00\x01\xff\xff\x00\x02\x01\x5e\x00\x06\xff\xff\x00\x07\x01\x5e\x00\x18\xff\xff"
    b"\x00\x08\x01\x3b\x00\x01\xff\xff\x00\x01\x01\x3b\x00\x02\xff\xff\x00\x01\x01\x3b\x00\x01\xff\xff"
    b"\x00\x05\x01\x3b\x00\x02\xff\xff\x00\x03\x01\x3b\x00\x2a\x01\x4a\x00\x02\x00\xe2\x00\x07\x01\x4a"
    b"\x00\x08\x00\xe2\x00\x0b\x00\xd8\x00\x1a\x01\x15\x00\x04\xff\xff\x00\x1f\x01\x15\x00\x12\x00\xd6"
    b"\x00\x1b\x00\xf1\x00\x03\x00\xe6\x00\x03\x00\xf1\x00\x04\x00\xf3\x00\x01\x00\xf1\x00\x05\x00\xf3"
    b"\x00\xbd\x01\x0f\x00\x0b\xff\xff\x00\x11\x01\x0e\x00\x1b\xff\xff\x00\x13\x01\x17\x01\x80\xff\xff"
    b"\x00\x23\x00\x86\x00\x30\x00\x62\x00\x44\x00\x57\x00\x26\x00\x99\x00\xc8\xff\xff\x00\x04\x01\x22"
    b"\x00\x3d\xff\xff\x00\x07\x01\x4f\x00\x18\x01\x53\x00\x15\xff\xff\x00\x01\x00\x03\x00\x08\xff\xff"
    b"\x00\x0a\x00\x03\x00\x0b\x00\x32\x00\x08\xff\xff\x00\x09\x01\x5e\x00\x15\xff\xff\x00\x09\x01\x3b"
    b"\x00\x05\xff\xff\x00\x02\x01\x3b\x00\x01\xff\xff\x00\x04\x01\x3b\x00\x03\xff\xff\x00\x02\x01\x3b"
    b"\x00\x36\x01\x4a\x00\x01\x00\xe2\x00\x03\x01\x4a\x00\x02\x00\xe2\x00\x01\x01\x4a\x00\x07\x00\xd8"
    b"\x00\x01\x01\x4a\x00\x01\x00\xd8\x00\x18\x01\x15\x00\x0c\xff\xff\x00\x17\x01\x15\x00\x15\x00\xd6"
    b"\x00\x0c\x00\xf1\x00\x03\x00\xe6\x00\x0c\x00\xf1\x00\x05\x00\xe6\x00\x07\x00\xf1\x00\xc2\x01\x0f"
    b"\x00\x0a\xff\xff\x00\x11\x01\x0e\x00\x08\xff\xff\x00\x01\x01\x0e\x00\x12\xff\xff\x00\x13\x01\x17"
    b"\x01\x80\xff\xff\x00\x23\x00\x86\x00\x30\x00\x62\x00\x42\x00\x57\x00\x28\x00\x99\x00\xc7\xff\xff"
    b"\x00\x05\x01\x22\x00\x3d\xff\xff\x00\x07\x01\x4f\x00\x1b\x01\x53\x00\x26\xff\xff\x00\x07\x00\x32"
    b"\x00\x08\xff\xff\x00\x0c\x01\x5e\x00\x15\xff\xff\x00\x02\x01\x3b\x00\x01\xff\xff\x00\x09\x01\x3b"
    b"\x00\x02\xff\xff\x00\x01\x01\x3b\x00\x01\xff\xff\x00\x04\x01\x3b\x00\x02\xff\xff\x00\x03\x01\x3b"
    b"\x00\x47\x01\x4a\x00\x17\x01\x15\x00\x0d\xff\xff\x00\x03\x00\xd6\x00\x14\x01\x15\x00\x19\x00\xd6"
    b"\x00\x02\x00\xf1\x00\x01\x00\xd6\x00\x05\x01\x0d\x00\x06\x00\xe6\x00\x09\x00\xf1\x00\x07\x00\xe6"
    b"\x00\x02\x00\xf1\x00\x02\x00\xe6\x00\x02\x00\xf1\x00\x01\x00\xe6\x00\xc0\x01\x0f\x00\x0b\xff\xff"
    b"\x00\x0f\x01\x0e\x00\x04\xff\xff\x00\x03\x01\x0e\x00\x02\xff\xff\x00\x01\x01\x0e\x00\x12\xff\xff"
    b"\x00\x13\x01\x17\x01\x7e\xff\xff\x00\x25\x00\x86\x00\x30\x00\x62\x00\x3f\x00\x57\x00\x2c\x00\x99"
    b"\x00\xc5\xff\xff\x00\x05\x01\x22\x00\x3e\xff\xff\x00\x07\x01\x4f\x00\x1c\x01\x53\x00\x25\xff\xff"
    b"\x00\x02\x00\x32\x00\x0c\xff\xff\x00\x0d\x01\x5e\x00\x14\xff\xff\x00\x0c\x01\x3b\x00\x01\xff\xff"
    b"\x00\x06\x01\x3b\x00\x03\xff\xff\x00\x04\x01\x3b\x00\x46\x01\x4a\x00\x16\x01\x15\x00\x0e\xff\xff"
    b"\x00\x05\x00\xd6\x00\x11\x01\x15\x00\x1e\x00\xd6\x00\x05\x01\x0d\x00\x0a\x00\xe6\x00\x05\x00\xf1"
    b"\x00\x0e\x00\xe6\x00\xbf\x01\x0f\x00\x07\xff\xff\x00\x02\x01\x0e\x00\x01\x01\x07\x00\x01\xff\xff"
    b"\x00\x0f\x01\x0e\x00\x05\xff\xff\x00\x03\x01\x0e\x00\x15\xff\xff\x00\x13\x01\x17\x01\x7e\xff\xff"
    b"\x00\x25\x00\x86\x00\x32\x00\x62\x00\x3b\x00\x57\x00\x01\x00\x79\x00\x01\x00\x57\x00\x2d\x00\x99"
    b"\x00\xc4\xff\xff\x00\x04\x01\x22\x00\x3f\xff\xff\x00\x08\x01\x4f\x00\x1b\x01\x53\x00\x31\xff\xff"
    b"\x00\x12\x01\x5e\x00\x10\xff\xff\x00\x10\x01\x3b\x00\x01\xff\xff\x00\x02\x01\x3b\x00\x07\xff\xff"
    b"\x00\x01\x01\x3b\x00\x01\xff\xff\x00\x44\x01\x4a\x00\x14\x01\x15\x00\x11\xff\xff\x00\x06\x00\xd6"
    b"\x00\x0b\x01\x15\x00\x23\x00\xd6\x00\x06\x01\x0d\x00\x09\x00\xe6\x00\x05\x00\xf1\x00\x0e\x00\xe6"
    b"\x00\xb9\x01\x0f\x00\x0d\xff\xff\x00\x01\x01\x0e\x00\x08\x01\x07\x00\x0a\x01\x0e\x00\x1e\xff\xff"
    b"\x00\x13\x01\x17\x01\x7d\xff\xff\x00\x25\x00\x86\x00\x32\x00\x62\x00\x3b\x00\x57\x00\x01\x00\x79"
    b"\x00\x01\x00\x99\x00\x03\x00\x81\x00\x2a\x00\x99\x01\x07\xff\xff\x00\x09\x01\x4f\x00\x1b\x01\x53"
    b"\x00\x30\xff\xff\x00\x13\x01\x5e\x00\x0e\xff\xff\x00\x13\x01\x3b\x00\x02\xff\xff\x00\x01\x01\x3b"
    b"\x00\x03\xff\xff\x00\x48\x01\x4a\x00\x14\x01\x15\x00\x11\xff\xff\x00\x0b\x00\xd6\x00\x04\x01\x15"
    b"\x00\x24\x00\xd6\x00\x09\x01\x0d\x00\x08\x00\xe6\x00\x03\x00\xf1\x00\x0e\x00\xe6\x00\xba\x01\x0f"
    b"\x00\x0d\xff\xff\x00\x0a\x01\x07\x00\x08\x01\x0e\x00\x22\xff\xff\x00\x11\x01\x17\x01\x7b\xff\xff"
    b"\x00\x26\x00\x86\x00\x32\x00\x62\x00\x39\x00\x57\x00\x01\x00\x78\x00\x01\x00\x7b\x00\x02\x00\x77"
    b"\x00\x02\x00\x81\x00\x2c\x00\x99\x00\xb7\xff\xff\x00\x06\x01\x22\x00\x48\xff\xff\x00\x09\x01\x4f"
    b"\x00\x1d\x01\x53\x00\x33\xff\xff\x00\x03\x01\x5e\x00\x03\xff\xff\x00\x0a\x01\x5e\x00\x0e\xff\xff"
    b"\x00\x10\x01\x3b\x00\x06\xff\xff\x00\x02\x01\x3b\x00\x48\x01\x4a\x00\x14\x01\x15\x00\x11\xff\xff"
    b"\x00\x30\x00\xd6\x00\x0b\x01\x0d\x00\x0a\x00\xe6\x00\x02\x00\xf1\x00\x0e\x00\xe6\x00\xba\x01\x0f"
    b"\x00\x01\xff\xff\x00\x01\x01\x0f\x00\x0b\xff\xff\x00\x0f\x01\x07\x00\x02\x01\x0e\x00\x26\xff\xff"
    b"\x00\x0f\x01\x17\x01\x79\xff\xff\x00\x27\x00\x86\x00\x32\x00\x62\x00\x38\x00\x57\x00\x03\x00\x7b"
    b"\x00\x05\x00\x75\x00\x2b\x00\x99\x00\xb7\xff\xff\x00\x09\x01\x22\x00\x44\xff\xff\x00\x0a\x01\x4f"
    b"\x00\x1f\x01\x53\x00\x02\xff\xff\x00\x03\x01\x53\x00\x2d\xff\xff\x00\x02\x01\x5e\x00\x02\xff\xff"
    b"\x00\x0d\x01\x5e\x00\x0c\xff\xff\x00\x10\x01\x3b\x00\x05\xff\xff\x00\x03\x01\x3b\x00\x48\x01\x4a"
    b"\x00\x10\x01\x15\x00\x04\x00\xda\x00\x0f\xff\xff\x00\x01\x00\xd6\x00\x01\xff\xff\x00\x2e\x00\xd6"
    b"\x00\x0c\x01\x0d\x00\x17\x00\xe6\x00\x01\x01\x0f\x00\x01\x00\xe6\x00\xc1\x01\x0f\x00\x08\xff\xff"
    b"\x00\x11\x01\x07\x00\x29\xff\xff\x00\x0c\x01\x17\x01\x78\xff\xff\x00\x28\x00\x86\x00\x32\x00\x62"
    b"\x00\x38\x00\x57\x00\x03\x00\x7b\x00\x06\x00\x75\x00\x02\x00\x7a\x00\x29\x00\x99\x00\xb7\xff\xff"
    b"\x00\x04\x01\x22\x00\x01\xff\xff\x00\x03\x01\x22\x00\x44\xff\xff\x00\x0b\x01\x4f\x00\x1e\x01\x53"
    b"\x00\x02\xff\xff\x00\x04\x01\x53\x00\x18\xff\xff\x00\x06\x01\x5e\x00\x0e\xff\xff\x00\x01\x01\x5e"
    b"\x00\x07\xff\xff\x00\x02\x01\x5e\x00\x01\xff\xff\x00\x07\x01\x5e\x00\x0b\xff\xff\x00\x0d\x01\x3b"
    b"\x00\x03\xff\xff\x00\x02\x01\x3b\x00\x08\xff\xff\x00\x46\x01\x4a\x00\x07\x01\x15\x00\x01\x00\xda"
    b"\x00\x07\x01\x15\x00\x06\x00\xda\x00\x0d\xff\xff\x00\x02\x00\xd6\x00\x01\xff\xff\x00\x2c\x00\xd6"
    b"\x00\x0f\x01\x0d\x00\x16\x00\xe6\x00\xc2\x01\x0f\x00\x01\xff\xff\x00\x03\x01\x0f\x00\x06\xff\xff"
    b"\x00\x0f\x01\x07\x00\x2b\xff\xff\x00\x0b\x01\x17\x01\x78\xff\xff\x00\x28\x00\x86\x00\x32\x00\x62"
    b"\x00\x37\x00\x57\x00\x0b\x00\x75\x00\x2a\x00\x99\x00\xb9\xff\xff\x00\x02\x01\x22\x00\x48\xff\xff"
    b"\x00\x0a\x01\x4f\x00\x1e\x01\x53\x00\x03\xff\xff\x00\x04\x01\x53\x00\x02\xff\xff\x00\x03\x01\x53"
    b"\x00\x13\xff\xff\x00\x07\x01\x5e\x00\x18\xff\xff\x00\x07\x01\x5e\x00\x0a\xff\xff\x00\x11\x01\x3b"
    b"\x00\x06\xff\xff\x00\x04\x01\x3b\x00\x46\x01\x4a\x00\x04\x01\x15\x00\x03\x00\xda\x00\x02\x01\x21"
    b"\x00\x01\x00\xda\x00\x06\x01\x15\x00\x05\x00\xda\x00\x0d\xff\xff\x00\x2d\x00\xd6\x00\x0f\x01\x0d"
    b"\x00\x18\x00\xe6\x00\xc7\x01\x0f\x00\x04\xff\xff\x00\x0f\x01\x07\x00\x2c\xff\xff\x00\x0c\x01\x17"
    b"\x01\x77\xff\xff\x00\x28\x00\x86\x00\x32\x00\x62\x00\x38\x00\x57\x00\x0b\x00\x75\x00\x2b\x00\x99"
    b"\x00\xaa\xff\xff\x00\x03\x01\x22\x00\x54\xff\xff\x00\x0a\x01\x4f\x00\x1d\x01\x53\x00\x09\xff\xff"
    b"\x00\x05\x01\x53\x00\x12\xff\xff\x00\x08\x01\x5e\x00\x17\xff\xff\x00\x08\x01\x5e\x00\x08\xff\xff"
    b"\x00\x0e\x01\x3b\x00\x03\xff\xff\x00\x02\x01\x3b\x00\x06\xff\xff\x00\x02\x01\x3b\x00\x46\x01\x4a"
    b"\x00\x04\x01\x15\x00\x03\x00\xda\x00\x03\x01\x21\x00\x03\x00\xda\x00\x04\x01\x15\x00\x06\x00\xda"
    b"\x00\x0c\xff\xff\x00\x2b\x00\xd6\x00\x10\x01\x0d\x00\x11\x00\xe6\x00\x03\x00\xde\x00\x01\x00\xe6"
    b"\x00\x02\x00\xde\x00\x01\x00\xe6\x00\xc7\x01\x0f\x00\x04\xff\xff\x00\x0e\x01\x07\x00\x2e\xff\xff"
    b"\x00\x0c\x01\x17\x01\x77\xff\xff\x00\x28\x00\x86\x00\x30\x00\x62\x00\x3a\x00\x57\x00\x0b\x00\x75"
    b"\x00\x2b\x00\x99\x00\xaa\xff\xff\x00\x03\x01\x22\x00\x54\xff\xff\x00\x09\x01\x4f\x00\x1e\x01\x53"
    b"\x00\x08\xff\xff\x00\x07\x01\x53\x00\x02\xff\xff\x00\x01\x01\x53\x00\x0f\xff\xff\x00\x07\x01\x5e"
    b"\x00\x16\xff\xff\x00\x0c\x01\x5e\x00\x03\xff\xff\x00\x0f\x01\x3b\x00\x0c\xff\xff\x00\x4a\x01\x4a"
    b"\x00\x01\x01\x15\x00\x02\x00\xda\x00\x04\x01\x21\x00\x06\x00\xda\x00\x01\x01\x15\x00\x08\x00\xda"
    b"\x00\x0b\xff\xff\x00\x29\x00\xd6\x00\x12\x01\x0d\x00\x01\x01\x13\x00\x01\x00\xe6\x00\x02\x01\x13"
    b"\x00\x03\x00\xe6\x00\x13\x00\xde\x00\xc9\x01\x0f\x00\x0e\x01\x07\x00\x2e\xff\xff\x00\x0c\x01\x17"
    b"\x01\x76\xff\xff\x00\x29\x00\x86\x00\x30\x00\x62\x00\x3a\x00\x57\x00\x0b\x00\x75\x00\x2c\x00\x99"
    b"\x00\xaa\xff\xff\x00\x01\x01\x22\x00\x56\xff\xff\x00\x0a\x01\x4f\x00\x1d\x01\x53\x00\x01\xff\xff"
    b"\x00\x02\x01\x53\x00\x06\xff\xff\x00\x08\x01\x53\x00\x0e\xff\xff\x00\x08\x01\x5e\x00\x14\xff\xff"
    b"\x00\x0f\x01\x5e\x00\x01\xff\xff\x00\x03\x01\x3b\x00\x03\x01\x68\x00\x0a\x01\x3b\x00\x02\xff\xff"
    b"\x00\x02\x01\x3b\x00\x04\xff\xff\x00\x02\x01\x3b\x00\x01\xff\xff\x00\x4b\x01\x4a\x00\x05\x01\x21"
    b"\x00\x10\x00\xda\x00\x0b\xff\xff\x00\x28\x00\xd6\x00\x14\x01\x0d\x00\x06\x01\x13\x00\x01\x00\xe6"
    b"\x00\x13\x00\xde\x00\xc9\x01\x0f\x00\x11\x01\x07\x00\x2c\xff\xff\x00\x0b\x01\x17\x01\x75\xff\xff"
    b"\x00\x2a\x00\x86\x00\x33\x00\x62\x00\x37\x00\x57\x00\x0b\x00\x75\x00\x2c\x00\x99\x01\x02\xff\xff"
    b"\x00\x09\x01\x4f\x00\x1e\x01\x53\x00\x0a\xff\xff\x00\x01\x01\x53\x00\x01\xff\xff\x00\x04\x01\x53"
    b"\x00\x0e\xff\xff\x00\x08\x01\x5e\x00\x13\xff\xff\x00\x10\x01\x5e\x00\x02\xff\xff\x00\x06\x01\x68"
    b"\x00\x08\x01\x3b\x00\x02\xff\xff\x00\x03\x01\x3b\x00\x01\xff\xff\x00\x01\x01\x3b\x00\x04\xff\xff"
    b"\x00\x49\x01\x4a\x00\x09\x01\x21\x00\x15\x00\xda\x00\x05\xff\xff\x00\x28\x00\xd6\x00\x12\x01\x0d"
    b"\x00\x06\x01\x13\x00\x01\x00\xe6\x00\x01\x01\x13\x00\x03\x00\xe6\x00\x02\x00\xde\x00\x02\x00\xe6"
    b"\x00\x0f\x00\xde\x00\xc8\x01\x0f\x00\x12\x01\x07\x00\x2a\xff\xff\x00\x0b\x01\x17\x01\x74\xff\xff"
    b"\x00\x2b\x00\x86\x00\x33\x00\x62\x00\x37\x00\x57\x00\x0b\x00\x75\x00\x2c\x00\x99\x01\x02\xff\xff"
    b"\x00\x0a\x01\x4f\x00\x1e\x01\x53\x00\x1d\xff\xff\x00\x08\x01\x5e\x00\x10\xff\xff\x00\x13\x01\x5e"
    b"\x00\x01\xff\xff\x00\x07\x01\x68\x00\x0e\x01\x3b\x00\x05\xff\xff\x00\x01\x01\x3b\x00\x02\xff\xff"
    b"\x00\x45\x01\x4a\x00\x09\x01\x21\x00\x15\x00\xda\x00\x06\xff\xff\x00\x27\x00\xd6\x00\x13\x01\x0d"
    b"\x00\x09\x01\x13\x00\x05\x00\xe6\x00\x06\x01\x13\x00\x0b\x00\xde\x00\x04\x01\x0f\x00\x01\x00\xde"
    b"\x00\xc3\x01\x0f\x00\x12\x01\x07\x00\x28\xff\xff\x00\x0b\x01\x17\x01\x76\xff\xff\x00\x2a\x00\x86"
    b"\x00\x33\x00\x62\x00\x37\x00\x57\x00\x0b\x00\x75\x00\x31\x00\x99\x00\xfe\xff\xff\x00\x09\x01\x4f"
    b"\x00\x1f\x01\x53\x00\x1b\xff\xff\x00\x09\x01\x5e\x00\x0d\xff\xff\x00\x15\x01\x5e\x00\x02\xff\xff"
    b"\x00\x08\x01\x68\x00\x0c\x01\x3b\x00\x02\xff\xff\x00\x02\x01\x3b\x00\x04\xff\xff\x00\x47\x01\x4a"
    b"\x00\x07\x01\x21\x00\x14\x00\xda\x00\x08\xff\xff\x00\x26\x00\xd6\x00\x13\x01\x0d\x00\x06\x01\x13"
    b"\x00\x02\x00\xd1\x00\x02\x01\x13\x00\x06\x00\xe6\x00\x08\x01\x13\x00\x0b\x00\xde\x00\x01\x01\x0f"
    b"\x00\x04\x00\xde\x00\xc2\x01\x0f\x00\x12\x01\x07\x00\x26\xff\xff\x00\x0a\x01\x17\x01\x77\xff\xff"
    b"\x00\x2a\x00\x86\x00\x33\x00\x62\x00\x39\x00\x57\x00\x09\x00\x75\x00\x34\x00\x99\x00\xfb\xff\xff"
    b"\x00\x09\x01\x4f\x00\x20\x01\x53\x00\x1b\xff\xff\x00\x08\x01\x5e\x00\x0a\xff\xff\x00\x16\x01\x5e"
    b"\x00\x04\xff\xff\x00\x08\x01\x68\x00\x01\x01\x64\x00\x14\x01\x3b\x00\x46\x01\x4a\x00\x07\x01\x21"
    b"\x00\x11\x00\xda\x00\x0b\xff\xff\x00\x26\x00\xd6\x00\x13\x01\x0d\x00\x05\x01\x13\x00\x02\x00\xd1"
    b"\x00\x07\x01\x13\x00\x02\x00\xe6\x00\x07\x01\x13\x00\x11\x00\xde\x00\xc4\x01\x0f\x00\x11\x01\x07"
    b"\x00\x26\xff\xff\x00\x09\x01\x17\x01\x77\xff\xff\x00\x2a\x00\x86\x00\x33\x00\x62\x00\x39\x00\x57"
    b"\x00\x02\x00\x7c\x00\x07\x00\x75\x00\x36\x00\x99\x00\x01\xff\xff\x00\x05\x00\x99\x00\xf3\xff\xff"
    b"\x00\x09\x01\x4f\x00\x24\x01\x53\x00\x17\xff\xff\x00\x08\x01\x5e\x00\x0a\xff\xff\x00\x14\x01\x5e"
    b"\x00\x07\xff\xff\x00\x05\x01\x68\x00\x06\x01\x64\x00\x11\x01\x3b\x00\x45\x01\x4a\x00\x07\x01\x21"
    b"\x00\x04\x00\xda\x00\x02\x01\x14\x00\x0b\x00\xda\x00\x0c\xff\xff\x00\x25\x00\xd6\x00\x14\x01\x0d"
    b"\x00\x05\x01\x13\x00\x03\x00\xd1\x00\x0e\x01\x13\x00\x16\x00\xde\x00\xc2\x01\x0f\x00\x0f\x01\x07"
    b"\x00\x28\xff\xff\x00\x07\x01\x17\x01\x77\xff\xff\x00\x2a\x00\x86\x00\x33\x00\x62\x00\x3a\x00\x57"
    b"\x00\x01\x00\x76\x00\x07\x00\x75\x00\x3c\x00\x99\x00\xf3\xff\xff\x00\x0a\x01\x4f\x00\x25\x01\x53"
    b"\x00\x18\xff\xff\x00\x03\x01\x5a\x00\x01\x01\x5e\x00\x0a\xff\xff\x00\x12\x01\x5e\x00\x0a\xff\xff"
    b"\x00\x05\x01\x68\x00\x0a\x01\x64\x00\x01\x01\x65\x00\x07\x01\x3b\x00\x05\x01\x65\x00\x02\x01\x3b"
    b"\x00\x0c\x01\x4a\x00\x01\xff\xff\x00\x02\x01\x4a\x00\x03\xff\xff\x00\x18\x01\x4a\x00\x0e\xff\xff"
    b"\x00\x09\x01\x4a\x00\x09\x01\x14\x00\x02\x00\xda\x00\x04\x01\x14\x00\x02\x00\xda\x00\x03\x01\x58"
    b"\x00\x05\x00\xda\x00\x0c\xff\xff\x00\x0c\x00\xd6\x00\x03\x00\xd4\x00\x04\x01\x0d\x00\x0d\x00\xd6"
    b"\x00\x1a\x01\x0d\x00\x09\x00\xd1\x00\x07\x01\x13\x00\x1e\x00\xde\x00\xc1\x01\x0f\x00\x0e\x01\x07"
    b"\x00\x25\xff\xff\x00\x04\x01\x17\x00\x01\xff\xff\x00\x05\x01\x17\x01\x77\xff\xff\x00\x2a\x00\x86"
    b"\x00\x32\x00\x62\x00\x3c\x00\x57\x00\x07\x00\x75\x00\x3c\x00\x99\x00\xf3\xff\xff\x00\x0b\x01\x4f"
    b"\x00\x26\x01\x53\x00\x15\xff\xff\x00\x05\x01\x5a\x00\x09\xff\xff\x00\x12\x01\x5e\x00\x0b\xff\xff"
    b"\x00\x05\x01\x68\x00\x0a\x01\x64\x00\x0d\x01\x65\x00\x01\x01\x3b\x00\x08\x01\x4a\x00\x0c\xff\xff"
    b"\x00\x14\x01\x4a\x00\x13\xff\xff\x00\x14\x01\x14\x00\x03\x00\xda\x00\x06\x01\x58\x00\x03\x00\xda"
    b"\x00\x0c\xff\xff\x00\x0b\x00\xd6\x00\x04\x00\xd4\x00\x04\x01\x0d\x00\x0d\x00\xd6\x00\x19\x01\x0d"
    b"\x00\x0c\x00\xd1\x00\x03\x01\x13\x00\x23\x00\xde\x00\xbe\x01\x0f\x00\x02\x01\x07\x00\x05\x01\x0f"
    b"\x00\x07\x01\x07\x00\x24\xff\xff\x00\x07\x01\x17\x01\x7a\xff\xff\x00\x2b\x00\x86\x00\x35\x00\x62"
    b"\x00\x36\x00\x57\x00\x10\x00\x63\x00\x01\x00\x99\x00\x04\x00\xbe\x00\x31\x00\x99\x00\xf2\xff\xff"
    b"\x00\x02\x01\x53\x00\x02\x01\x4f\x00\x02\x01\x53\x00\x01\x01\x4f\x00\x01\x01\x53\x00\x03\x01\x4f"
    b"\x00\x28\x01\x53\x00\x13\xff\xff\x00\x06\x01\x5a\x00\x08\xff\xff\x00\x13\x01\x5e\x00\x0a\xff\xff"
    b"\x00\x01\x01\x5b\x00\x05\x01\x68\x00\x01\x01\x3c\x00\x09\x01\x64\x00\x0e\x01\x65\x00\x07\x01\x4a"
    b"\x00\x0f\xff\xff\x00\x0e\x01\x4a\x00\x01\xff\xff\x00\x02\x01\x4a\x00\x15\xff\xff\x00\x14\x01\x14"
    b"\x00\x09\x01\x58\x00\x01\x00\xda\x00\x0d\xff\xff\x00\x01\x00\xd4\x00\x0a\x00\xd6\x00\x04\x00\xd4"
    b"\x00\x04\x01\x0d\x00\x0d\x00\xd6\x00\x19\x01\x0d\x00\x0f\x00\xd1\x00\x02\x01\x13\x00\x23\x00\xde"
    b"\x00\x60\x01\x0f\x00\x08\x01\x19\x00\x5a\x01\x0f\x00\x09\x01\x07\x00\x23\xff\xff\x00\x0a\x01\x17"
    b"\x00\x06\xff\xff\x00\x02\x01\x17\x01\x6f\xff\xff\x00\x1f\x00\x86\x00\x18\x00\x50\x00\x29\x00\x62"
    b"\x00\x37\x00\x57\x00\x10\x00\x63\x00\x06\x00\xbe\x00\x2f\x00\x99\x00\xf2\xff\xff\x00\x33\x01\x53"
    b"\x00\x13\xff\xff\x00\x06\x01\x5a\x00\x02\xff\xff\x00\x18\x01\x5e\x00\x09\xff\xff\x00\x03\x01\x5b"
    b"\x00\x05\x01\x68\x00\x02\x01\x3c\x00\x06\x01\x64\x00\x17\x01\x65\x00\x13\xff\xff\x00\x0a\x01\x4a"
    b"\x00\x18\xff\xff\x00\x11\x01\x14\x00\x0b\x01\x58\x00\x0f\xff\xff\x00\x03\x00\xd4\x00\x07\x00\xd6"
    b"\x00\x05\x00\xd4\x00\x05\x01\x0d\x00\x0b\x00\xd6\x00\x18\x01\x0d\x00\x13\x00\xd1\x00\x02\x01\x13"
    b"\x00\x24\x00\xde\x00\x5a\x01\x0f\x00\x0e\x01\x19\x00\x5b\x01\x0f\x00\x07\x01\x07\x00\x22\xff\xff"
    b"\x00\x08\x01\x17\x00\x04\xff\xff\x00\x05\x01\x17\x01\x6f\xff\xff\x00\x1f\x00\x86\x00\x18\x00\x50"
    b"\x00\x29\x00\x62\x00\x37\x00\x57\x00\x11\x00\x63\x00\x0a\x00\xbe\x00\x27\x00\x99\x00\xf5\xff\xff"
    b"\x00\x2f\x01\x53\x00\x01\x01\x5a\x00\x03\x01\x53\x00\x13\xff\xff\x00\x06\x01\x5a\x00\x14\x01\x5e"
    b"\x00\x03\xff\xff\x00\x02\x01\x5e\x00\x02\x01\x70\x00\x06\xff\xff\x00\x02\x01\x70\x00\x04\x01\x5b"
    b"\x00\x03\x01\x68\x00\x09\x01\x3c\x00\x16\x01\x65\x00\x35\xff\xff\x00\x12\x01\x14\x00\x0b\x01\x58"
    b"\x00\x0f\xff\xff\x00\x0f\x00\xd4\x00\x08\x01\x0d\x00\x05\x00\xd6\x00\x1b\x01\x0d\x00\x01\x01\x0a"
    b"\x00\x13\x00\xd1\x00\x24\x00\xde\x00\x01\x00\xd1\x00\x57\x01\x0f\x00\x15\x01\x19\x00\x58\x01\x0f"
    b"\x00\x06\x01\x07\x00\x07\x01\x1d\x00\x1b\xff\xff\x00\x09\x01\x17\x00\x01\xff\xff\x00\x08\x01\x17"
    b"\x01\x6e\xff\xff\x00\x1a\x00\x86\x00\x1d\x00\x50\x00\x28\x00\x62\x00\x38\x00\x57\x00\x12\x00\x63"
    b"\x00\x0c\x00\xbe\x00\x25\x00\x99\x00\xf3\xff\xff\x00\x2c\x01\x53\x00\x01\x01\x39\x00\x06\x01\x5a"
    b"\x00\x15\xff\xff\x00\x05\x01\x5a\x00\x13\x01\x5e\x00\x07\xff\xff\x00\x08\x01\x70\x00\x01\x01\x61"
    b"\x00\x06\x01\x5b\x00\x0a\x01\x3c\x00\x17\x01\x65\x00\x33\xff\xff\x00\x0b\x01\x14\x00\x02\x01\x58"
    b"\x00\x04\x01\x14\x00\x0c\x01\x58\x00\x10\xff\xff\x00\x0f\x00\xd4\x00\x09\x01\x0d\x00\x02\x00\xd6"
    b"\x00\x1d\x01\x0d\x00\x03\x01\x0a\x00\x12\x00\xd1\x00\x06\x00\xde\x00\x03\x00\xd1\x00\x17\x00\xde"
    b"\x00\x04\x00\xd1\x00\x4a\x01\x0f\x00\x04\x01\x19\x00\x05\x01\x0f\x00\x24\x01\x19\x00\x4f\x01\x0f"
    b"\x00\x02\x01\x07\x00\x01\x01\x0f\x00\x0d\x01\x1d\x00\x17\xff\xff\x00\x12\x01\x17\x01\x6d\xff\xff"
    b"\x00\x1a\x00\x86\x00\x1d\x00\x50\x00\x28\x00\x62\x00\x38\x00\x57\x00\x12\x00\x63\x00\x0e\x00\xbe"
    b"\x00\x23\x00\x99\x00\xf3\xff\xff\x00\x23\x01\x53\x00\x10\x01\x5a\x00\x0a\xff\xff\x00\x04\x01\x5a"
    b"\x00\x09\xff\xff\x00\x03\x01\x5a\x00\x12\x01\x5e\x00\x05\xff\xff\x00\x09\x01\x70\x00\x03\x01\x61"
    b"\x00\x07\x01\x5b\x00\x09\x01\x3c\x00\x17\x01\x65\x00\x32\xff\xff\x00\x0b\x01\x14\x00\x12\x01\x58"
    b"\x00\x0f\xff\xff\x00\x11\x00\xd4\x00\x27\x01\x0d\x00\x05\x01\x0a\x00\x1a\x00\xd1\x00\x07\x00\xde"
    b"\x00\x02\x00\xd1\x00\x02\x00\xde\x00\x01\x00\xd1\x00\x06\x00\xde\x00\x01\x00\xd1\x00\x01\x00\xde"
    b"\x00\x08\x00\xd1\x00\x3f\x01\x0f\x00\x39\x01\x19\x00\x4d\x01\x0f\x00\x02\x01\x07\x00\x03\x01\x0f"
    b"\x00\x0d\x01\x1d\x00\x16\xff\xff\x00\x16\x01\x17\x01\x68\xff\xff\x00\x1a\x00\x86\x00\x1d\x00\x50"
    b"\x00\x27\x00\x62\x00\x39\x00\x57\x00\x13\x00\x63\x00\x0d\x00\xbe\x00\x23\x00\x99\x00\xf3\xff\xff"
    b"\x00\x20\x01\x53\x00\x15\x01\x5a\x00\x04\xff\xff\x00\x09\x01\x5a\x00\x09\xff\xff\x00\x01\x01\x5a"
    b"\x00\x12\x01\x5e\x00\x05\xff\xff\x00\x09\x01\x70\x00\x05\x01\x61\x00\x04\x01\x5b\x00\x0d\x01\x3c"
    b"\x00\x15\x01\x65\x00\x2f\xff\xff\x00\x0c\x01\x14\x00\x13\x01\x58\x00\x0d\xff\xff\x00\x14\x00\xd4"
    b"\x00\x27\x01\x0d\x00\x08\x01\x0a\x00\x19\x00\xd1\x00\x02\x00\xde\x00\x18\x00\xd1\x00\x3e\x01\x0f"
    b"\x00\x3b\x01\x19\x00\x52\x01\x0f\x00\x0f\x01\x1d\x00\x14\xff\xff\x00\x18\x01\x17\x01\x65\xff\xff"
    b"\x00\x1a\x00\x86\x00\x1d\x00\x50\x00\x27\x00\x62\x00\x38\x00\x57\x00\x14\x00\x63\x00\x0c\x00\xbe"
    b"\x00\x25\x00\x99\x00\x0f\xff\xff\x00\x05\x00\x72\x00\xdf\xff\xff\x00\x1e\x01\x53\x00\x24\x01\x5a"
    b"\x00\x09\xff\xff\x00\x12\x01\x5e\x00\x07\xff\xff\x00\x06\x01\x70\x00\x07\x01\x61\x00\x02\x01\x5b"
    b"\x00\x0d\x01\x3c\x00\x18\x01\x65\x00\x2c\xff\xff\x00\x01\x01\x58\x00\x05\x01\x14\x00\x1a\x01\x58"
    b"\x00\x0d\xff\xff\x00\x14\x00\xd4\x00\x26\x01\x0d\x00\x09\x01\x0a\x00\x34\x00\xd1\x00\x3c\x01\x0f"
    b"\x00\x3e\x01\x19\x00\x50\x01\x0f\x00\x10\x01\x1d\x00\x13\xff\xff\x00\x17\x01\x17\x00\x03\x00\xfc"
    b"\x01\x64\xff\xff\x00\x19\x00\x86\x00\x1d\x00\x50\x00\x27\x00\x62\x00\x38\x00\x57\x00\x14\x00\x63"
    b"\x00\x0e\x00\xbe\x00\x28\x00\x99\x00\x09\xff\xff\x00\x07\x00\x72\x00\xe0\xff\xff\x00\x11\x01\x53"
    b"\x00\x01\xff\xff\x00\x07\x01\x53\x00\x03\xff\xff\x00\x25\x01\x5a\x00\x02\x01\x5e\x00\x07\xff\xff"
    b"\x00\x11\x01\x5e\x00\x04\xff\xff\x00\x08\x01\x70\x00\x0a\x01\x61\x00\x0c\x01\x3c\x00\x0b\x01\x65"
    b"\x00\x01\x01\x40\x00\x0d\x01\x65\x00\x2a\xff\xff\x00\x22\x01\x58\x00\x0d\xff\xff\x00\x14\x00\xd4"
    b"\x00\x17\x01\x0d\x00\x06\x01\x0a\x00\x01\x01\x0d\x00\x05\x01\x0a\x00\x01\x01\x0d\x00\x0b\x01\x0a"
    b"\x00\x34\x00\xd1\x00\x3c\x01\x0f\x00\x40\x01\x19\x00\x4e\x01\x0f\x00\x12\x01\x1d\x00\x13\xff\xff"
    b"\x00\x14\x01\x17\x00\x06\x00\xfc\x01\x62\xff\xff\x00\x19\x00\x86\x00\x1d\x00\x50\x00\x28\x00\x62"
    b"\x00\x38\x00\x57\x00\x13\x00\x63\x00\x17\x00\xbe\x00\x22\x00\x99\x00\x06\xff\xff\x00\x08\x00\x72"
    b"\x00\x10\xff\xff\x00\x04\x00\x72\x00\xcd\xff\xff\x00\x04\x01\x53\x00\x16\xff\xff\x00\x25\x01\x5a"
    b"\x00\x04\x01\x5e\x00\x05\xff\xff\x00\x0f\x01\x5e\x00\x05\xff\xff\x00\x08\x01\x70\x00\x0a\x01\x61"
    b"\x00\x0d\x01\x3c\x00\x01\x01\x65\x00\x0d\x01\x40\x00\x08\x01\x65\x00\x04\x01\x40\x00\x28\xff\xff"
    b"\x00\x24\x01\x58\x00\x0b\xff\xff\x00\x15\x00\xd4\x00\x16\x01\x0d\x00\x1a\x01\x0a\x00\x32\x00\xd1"
    b"\x00\x3c\x01\x0f\x00\x42\x01\x19\x00\x4d\x01\x0f\x00\x12\x01\x1d\x00\x15\xff\xff\x00\x11\x01\x17"
    b"\x00\x03\x00\xfc\x00\x01\xff\xff\x00\x04\x00\xfc\x01\x61\xff\xff\x00\x19\x00\x86\x00\x1d\x00\x50"
    b"\x00\x28\x00\x62\x00\x38\x00\x57\x00\x13\x00\x63\x00\x18\x00\xbe\x00\x21\x00\x99\x00\x05\xff\xff"
    b"\x00\x0b\x00\x72\x00\x0f\xff\xff\x00\x03\x00\x72\x00\xe8\xff\xff\x00\x23\x01\x5a\x00\x01\x01\x5e"
    b"\x00\x01\x01\x5a\x00\x04\x01\x5e\x00\x01\xff\xff\x00\x10\x01\x5e\x00\x06\xff\xff\x00\x07\x01\x70"
    b"\x00\x0d\x01\x61\x00\x0c\x01\x3c\x00\x02\x01\x65\x00\x10\x01\x40\x00\x01\x01\x65\x00\x07\x01\x40"
    b"\x00\x26\xff\xff\x00\x26\x01\x58\x00\x0a\xff\xff\x00\x16\x00\xd4\x00\x15\x01\x0d\x00\x1b\x01\x0a"
    b"\x00\x32\x00\xd1\x00\x3b\x01\x0f\x00\x41\x01\x19\x00\x4f\x01\x0f\x00\x13\x01\x1d\x00\x14\xff\xff"
    b"\x00\x0e\x01\x17\x00\x01\xff\xff\x00\x03\x01\x17\x00\x04\x00\xfc\x01\x64\xff\xff\x00\x1a\x00\x86"
    b"\x00\x02\x00\x50\x00\x01\x00\x86\x00\x19\x00\x50\x00\x2b\x00\x62\x00\x35\x00\x57\x00\x13\x00\x63"
    b"\x00\x19\x00\xbe\x00\x24\x00\x99\x00\x02\x00\x94\x00\x0d\x00\x72\x00\xf7\xff\xff\x00\x22\x01\x5a"
    b"\x00\x16\x01\x5e\x00\x06\xff\xff\x00\x09\x01\x70\x00\x0b\x01\x61\x00\x0e\x01\x3c\x00\x1a\x01\x40"
    b"\x00\x11\xff\xff\x00\x05\x01\x63\x00\x0e\xff\xff\x00\x27\x01\x58\x00\x09\xff\xff\x00\x18\x00\xd4"
    b"\x00\x14\x01\x0d\x00\x1a\x01\x0a\x00\x34\x00\xd1\x00\x39\x01\x0f\x00\x43\x01\x19\x00\x4f\x01\x0f"
    b"\x00\x14\x01\x1d\x00\x13\xff\xff\x00\x0c\x01\x17\x00\x04\xff\xff\x00\x02\x01\x17\x00\x01\xff\xff"
    b"\x00\x06\x00\xfc\x01\x62\xff\xff\x00\x1d\x00\x86\x00\x10\x00\x50\x00\x06\x00\x62\x00\x01\x00\x50"
    b"\x00\x2a\x00\x62\x00\x38\x00\x57\x00\x12\x00\x63\x00\x1b\x00\xbe\x00\x22\x00\x99\x00\x03\x00\x94"
    b"\x00\x10\x00\x72\x00\xf3\xff\xff\x00\x22\x01\x5a\x00\x16\x01\x5e\x00\x05\xff\xff\x00\x09\x01\x70"
    b"\x00\x0d\x01\x61\x00\x0b\x01\x3c\x00\x01\x01\x40\x00\x01\x01\x3c\x00\x1d\x01\x40\x00\x0d\xff\xff"
    b"\x00\x09\x01\x63\x00\x08\xff\xff\x00\x2a\x01\x58\x00\x09\xff\xff\x00\x18\x00\xd4\x00\x12\x01\x0d"
    b"\x00\x1c\x01\x0a\x00\x34\x00\xd1\x00\x37\x01\x0f\x00\x45\x01\x19\x00\x4f\x01\x0f\x00\x16\x01\x1d"
    b"\x00\x11\xff\xff\x00\x09\x01\x17\x00\x0b\xff\xff\x00\x07\x00\xfc\x01\x60\xff\xff\x00\x1e\x00\x86"
    b"\x00\x0d\x00\x50\x00\x34\x00\x62\x00\x37\x00\x57\x00\x11\x00\x63\x00\x1d\x00\xbe\x00\x21\x00\x99"
    b"\x00\x04\x00\x94\x00\x10\x00\x72\x00\x02\x00\x6a\x00\xf0\xff\xff\x00\x21\x01\x5a\x00\x18\x01\x5e"
    b"\x00\x03\xff\xff\x00\x09\x01\x70\x00\x0c\x01\x61\x00\x01\x01\x70\x00\x01\x01\x61\x00\x09\x01\x3c"
    b"\x00\x22\x01\x40\x00\x0d\xff\xff\x00\x0d\x01\x63\x00\x02\xff\xff\x00\x2a\x01\x58\x00\x09\xff\xff"
    b"\x00\x19\x00\xd4\x00\x10\x01\x0d\x00\x1e\x01\x0a\x00\x32\x00\xd1\x00\x37\x01\x0f\x00\x48\x01\x19"
    b"\x00\x04\x01\x0f\x00\x04\x01\x19\x00\x45\x01\x0f\x00\x17\x01\x1d\x00\x10\xff\xff\x00\x09\x01\x17"
    b"\x00\x0f\xff\xff\x00\x06\x00\xfc\x01\x5e\xff\xff\x00\x1e\x00\x86\x00\x0d\x00\x50\x00\x35\x00\x62"
    b"\x00\x32\x00\x57\x00\x01\x00\x8f\x00\x04\x00\x57\x00\x10\x00\x63\x00\x2c\x00\xbe\x00\x12\x00\x99"
    b"\x00\x06\x00\x94\x00\x0c\x00\x72\x00\x07\x00\x6a\x00\xed\xff\xff\x00\x21\x01\x5a\x00\x18\x01\x5e"
    b"\x00\x02\xff\xff\x00\x0a\x01\x70\x00\x01\x01\x61\x00\x02\x01\x70\x00\x04\x01\x61\x00\x06\x01\x70"
    b"\x00\x0a\x01\x3c\x00\x22\x01\x40\x00\x02\x01\x4e\x00\x08\xff\xff\x00\x10\x01\x63\x00\x2c\x01\x58"
    b"\x00\x09\xff\xff\x00\x03\x00\xd4\x00\x02\xff\xff\x00\x16\x00\xd4\x00\x0c\x01\x0d\x00\x20\x01\x0a"
    b"\x00\x35\x00\xd1\x00\x2a\x01\x0f\x00\x08\x00\xec\x00\x54\x01\x19\x00\x46\x01\x0f\x00\x03\x01\x1d"
    b"\x00\x03\x01\x0f\x00\x10\x01\x1d\x00\x0e\xff\xff\x00\x08\x01\x17\x00\x12\xff\xff\x00\x06\x00\xfc"
    b"\x01\x5c\xff\xff\x00\x1e\x00\x86\x00\x0c\x00\x50\x00\x36\x00\x62\x00\x32\x00\x57\x00\x02\x00\x8f"
    b"\x00\x03\x00\x57\x00\x10\x00\x63\x00\x2f\x00\xbe\x00\x0d\x00\x99\x00\x0a\x00\x94\x00\x0b\x00\x72"
    b"\x00\x07\x00\x6a\x00\xec\xff\xff\x00\x23\x01\x5a\x00\x17\x01\x5e\x00\x01\xff\xff\x00\x17\x01\x70"
    b"\x00\x08\x01\x3c\x00\x1d\x01\x40\x00\x03\x01\x4e\x00\x02\x01\x40\x00\x04\x01\x4e\x00\x07\xff\xff"
    b"\x00\x12\x01\x63\x00\x2b\x01\x58\x00\x03\x01\x3a\x00\x0c\xff\xff\x00\x16\x00\xd4\x00\x03\x00\xd5"
    b"\x00\x06\x01\x0d\x00\x21\x01\x0a\x00\x3d\x00\xd1\x00\x21\x01\x0f\x00\x0a\x00\xec\x00\x55\x01\x19"
    b"\x00\x4b\x01\x0f\x00\x11\x01\x1d\x00\x0d\xff\xff\x00\x07\x01\x17\x00\x14\xff\xff\x00\x08\x00\xfc"
    b"\x01\x59\xff\xff\x00\x1f\x00\x86\x00\x01\x00\x50\x00\x07\x00\x86\x00\x38\x00\x62\x00\x33\x00\x57"
    b"\x00\x02\x00\x8f\x00\x10\x00\x63\x00\x33\x00\xbe\x00\x0b\x00\x99\x00\x0c\x00\x94\x00\x0a\x00\x72"
    b"\x00\x09\x00\x6a\x00\xea\xff\xff\x00\x22\x01\x5a\x00\x1a\x01\x5e\x00\x01\x01\x50\x00\x01\x01\x5e"
    b"\x00\x05\x01\x50\x00\x0f\x01\x70\x00\x07\x01\x3c\x00\x1e\x01\x40\x00\x01\x01\x43\x00\x07\x01\x4e"
    b"\x00\x08\xff\xff\x00\x0d\x01\x63\x00\x01\xff\xff\x00\x04\x01\x63\x00\x01\x01\x58\x00\x01\xff\xff"
    b"\x00\x26\x01\x58\x00\x02\x01\x3a\x00\x01\x01\x58\x00\x06\x01\x3a\x00\x0e\xff\xff\x00\x11\x00\xd4"
    b"\x00\x09\x00\xd5\x00\x21\x01\x0a\x00\x3c\x00\xd1\x00\x22\x01\x0f\x00\x09\x00\xec\x00\x5c\x01\x19"
    b"\x00\x46\x01\x0f\x00\x11\x01\x1d\x00\x0c\xff\xff\x00\x04\x01\x17\x00\x02\xff\xff\x00\x01\x01\x0c"
    b"\x00\x15\xff\xff\x00\x01\x00\xfc\x00\x01\xff\xff\x00\x07\x00\xfc\x01\x57\xff\xff\x00\x1e\x00\x86"
    b"\x00\x02\x00\x50\x00\x07\x00\x86\x00\x38\x00\x62\x00\x32\x00\x57\x00\x03\x00\x8f\x00\x0f\x00\x63"
    b"\x00\x35\x00\xbe\x00\x0a\x00\x99\x00\x0e\x00\x94\x00\x08\x00\x72\x00\x0b\x00\x6a\x00\xe7\xff\xff"
    b"\x00\x23\x01\x5a\x00\x01\x01\x71\x00\x19\x01\x5e\x00\x09\x01\x50\x00\x08\x01\x70\x00\x04\x01\x41"
    b"\x00\x01\x01\x70\x00\x06\x01\x3c\x00\x1f\x01\x40\x00\x02\x01\x43\x00\x07\x01\x4e\x00\x08\xff\xff"
    b"\x00\x02\x01\x4e\x00\x07\x01\x63\x00\x02\x01\x4e\x00\x09\xff\xff\x00\x23\x01\x58\x00\x0d\x01\x3a"
    b"\x00\x0d\xff\xff\x00\x03\x00\xd7\x00\x0c\x00\xd4\x00\x0a\x00\xd5\x00\x21\x01\x0a\x00\x3c\x00\xd1"
    b"\x00\x22\x01\x0f\x00\x0a\x00\xec\x00\x5c\x01\x19\x00\x45\x01\x0f\x00\x12\x01\x1d\x00\x0f\xff\xff"
    b"\x00\x03\x01\x0c\x00\x03\xff\xff\x00\x01\x01\x0c\x00\x17\xff\xff\x00\x05\x00\xfc\x01\x55\xff\xff"
    b"\x00\x27\x00\x86\x00\x35\x00\x62\x00\x31\x00\x57\x00\x06\x00\x8f\x00\x0e\x00\x63\x00\x37\x00\xbe"
    b"\x00\x0a\x00\x99\x00\x11\x00\x94\x00\x06\x00\x72\x00\x0a\x00\x6a\x00\xe7\xff\xff\x00\x23\x01\x5a"
    b"\x00\x04\x01\x71\x00\x02\x01\x5e\x00\x02\x01\x71\x00\x12\x01\x5e\x00\x08\x01\x50\x00\x07\x01\x70"
    b"\x00\x09\x01\x41\x00\x03\x01\x3c\x00\x1f\x01\x40\x00\x04\x01\x43\x00\x08\x01\x4e\x00\x01\xff\xff"
    b"\x00\x09\x01\x4e\x00\x02\x01\x63\x00\x06\x01\x4e\x00\x09\xff\xff\x00\x23\x01\x58\x00\x0d\x01\x3a"
    b"\x00\x01\x00\xd7\x00\x0b\xff\xff\x00\x05\x00\xd7\x00\x0a\x00\xd4\x00\x0b\x00\xd5\x00\x20\x01\x0a"
    b"\x00\x3d\x00\xd1\x00\x22\x01\x0f\x00\x0a\x00\xec\x00\x5c\x01\x19\x00\x45\x01\x0f\x00\x12\x01\x1d"
    b"\x00\x0b\xff\xff\x00\x02\x01\x0c\x00\x01\xff\xff\x00\x03\x01\x0c\x00\x02\xff\xff\x00\x03\x01\x0c"
    b"\x00\x18\xff\xff\x00\x04\x00\xfc\x01\x54\xff\xff\x00\x27\x00\x86\x00\x35\x00\x62\x00\x01\x00\x9e"
    b"\x00\x2b\x00\x57\x00\x04\x00\x8f\x00\x01\x00\x63\x00\x04\x00\x8f\x00\x0f\x00\x63\x00\x38\x00\xbe"
    b"\x00\x0a\x00\x99\x00\x0e\x00\x94\x00\x0a\x00\x72\x00\x08\x00\x6a\x00\xe7\xff\xff\x00\x23\x01\x5a"
    b"\x00\x06\x01\x71\x00\x01\x01\x5e\x00\x03\x01\x71\x00\x01\x01\x5e\x00\x03\x01\x71\x00\x0d\x01\x5e"
    b"\x00\x0a\x01\x50\x00\x03\x01\x70\x00\x12\x01\x41\x00\x1c\x01\x40\x00\x03\x01\x43\x00\x02\x01\x4e"
    b"\x00\x02\x01\x43\x00\x04\x01\x4e\x00\x01\xff\xff\x00\x12\x01\x4e\x00\x01\xff\xff\x00\x01\x01\x4e"
    b"\x00\x06\xff\xff\x00\x23\x01\x58\x00\x0b\x01\x3a\x00\x03\x00\xd7\x00\x0b\xff\xff\x00\x09\x00\xd7"
    b"\x00\x03\x00\xd4\x00\x02\x00\xd7\x00\x0d\x00\xd5\x00\x17\x01\x0a\x00\x46\x00\xd1\x00\x21\x01\x0f"
    b"\x00\x0b\x00\xec\x00\x5e\x01\x19\x00\x43\x01\x0f\x00\x12\x01\x1d\x00\x0a\xff\xff\x00\x06\x01\x0c"
    b"\x00\x02\xff\xff\x00\x04\x01\x0c\x00\x18\xff\xff\x00\x04\x00\xfc\x01\x52\xff\xff\x00\x29\x00\x86"
    b"\x00\x34\x00\x62\x00\x02\x00\x9e\x00\x29\x00\x57\x00\x01\x00\x63\x00\x02\x00\x8f\x00\x14\x00\x63"
    b"\x00\x3b\x00\xbe\x00\x09\x00\x99\x00\x0d\x00\x94\x00\x0c\x00\x72\x00\x06\x00\x6a\x00\x0e\xff\xff"
    b"\x00\x02\x00\x93\x00\x07\xff\xff\x00\x06\x00\xb5\x00\xc8\xff\xff\x00\x24\x01\x5a\x00\x11\x01\x71"
    b"\x00\x09\x01\x5e\x00\x09\x01\x6c\x00\x06\x01\x50\x00\x13\x01\x41\x00\x1c\x01\x40\x00\x07\x01\x43"
    b"\x00\x1c\x01\x4e\x00\x02\xff\xff\x00\x25\x01\x58\x00\x07\x01\x3a\x00\x08\x00\xd7\x00\x04\xff\xff"
    b"\x00\x02\x00\xd7\x00\x01\xff\xff\x00\x01\x00\xd7\x00\x01\xff\xff\x00\x0c\x00\xd7\x00\x10\x00\xd5"
    b"\x00\x13\x01\x0a\x00\x49\x00\xd1\x00\x21\x01\x0f\x00\x0b\x00\xec\x00\x61\x01\x19\x00\x05\x01\x0f"
    b"\x00\x02\x01\x19\x00\x39\x01\x0f\x00\x13\x01\x1d\x00\x0b\xff\xff\x00\x09\x01\x0c\x00\x1b\xff\xff"
    b"\x00\x03\x00\xfc\x00\x01\xff\xff\x00\x02\x00\xfc\x01\x4e\xff\xff\x00\x26\x00\x86\x00\x34\x00\x62"
    b"\x00\x04\x00\x9e\x00\x2b\x00\x57\x00\x16\x00\x63\x00\x3c\x00\xbe\x00\x08\x00\x99\x00\x0d\x00\x94"
    b"\x00\x0c\x00\x72\x00\x06\x00\x6a\x00\x0d\xff\xff\x00\x03\x00\x93\x00\x0e\x00\xb5\x00\xc7\xff\xff"
    b"\x00\x25\x01\x5a\x00\x0e\x01\x71\x00\x01\x01\x6c\x00\x01\x01\x71\x00\x02\x01\x6c\x00\x05\x01\x5e"
    b"\x00\x10\x01\x6c\x00\x15\x01\x41\x00\x1a\x01\x40\x00\x08\x01\x43\x00\x21\x01\x4e\x00\x23\x01\x58"
    b"\x00\x08\x01\x3a\x00\x19\x00\xd7\x00\x13\x00\xd5\x00\x0f\x01\x0a\x00\x4d\x00\xd1\x00\x20\x01\x0f"
    b"\x00\x0d\x00\xec\x00\x67\x01\x19\x00\x38\x01\x0f\x00\x13\x01\x1d\x00\x0c\xff\xff\x00\x08\x01\x0c"
    b"\x00\x1b\xff\xff\x00\x02\x00\xfc\x00\x02\xff\xff\x00\x04\x00\xfc\x01\x4c\xff\xff\x00\x25\x00\x86"
    b"\x00\x34\x00\x62\x00\x02\x00\x9c\x00\x03\x00\x9d\x00\x2c\x00\x57\x00\x12\x00\x63\x00\x40\x00\xbe"
    b"\x00\x06\x00\x99\x00\x0f\x00\x94\x00\x0c\x00\x72\x00\x06\x00\x6a\x00\x0c\xff\xff\x00\x03\x00\x93"
    b"\x00\x0e\x00\xb5\x00\xc4\xff\xff\x00\x29\x01\x5a\x00\x0b\x01\x71\x00\x01\x01\x6a\x00\x1b\x01\x6c"
    b"\x00\x15\x01\x41\x00\x18\x01\x40\x00\x07\x01\x43\x00\x23\x01\x4e\x00\x22\x01\x58\x00\x08\x01\x3a"
    b"\x00\x19\x00\xd7\x00\x18\x00\xd5\x00\x09\x01\x0a\x00\x4f\x00\xd1\x00\x02\x01\x0f\x00\x08\x00\xd1"
    b"\x00\x15\x01\x0f\x00\x0d\x00\xec\x00\x67\x01\x19\x00\x3a\x01\x0f\x00\x13\x01\x1d\x00\x0b\xff\xff"
    b"\x00\x06\x01\x0c\x00\x22\xff\xff\x00\x03\x00\xfc\x00\x01\x01\x11\x01\x4a\xff\xff\x00\x25\x00\x86"
    b"\x00\x35\x00\x62\x00\x03\x00\x9c\x00\x2e\x00\x57\x00\x10\x00\x63\x00\x43\x00\xbe\x00\x01\x00\x99"
    b"\x00\x01\x00\xbe\x00\x14\x00\x94\x00\x0b\x00\x72\x00\x07\x00\x6a\x00\x02\x00\xb5\x00\x04\xff\xff"
    b"\x00\x15\x00\xb5\x00\xc4\xff\xff\x00\x2a\x01\x5a\x00\x0b\x01\x71\x00\x01\x01\x6c\x00\x02\x01\x3d"
    b"\x00\x18\x01\x6c\x00\x16\x01\x41\x00\x16\x01\x40\x00\x08\x01\x43\x00\x23\x01\x4e\x00\x21\x01\x58"
    b"\x00\x08\x01\x3a\x00\x1a\x00\xd7\x00\x18\x00\xd5\x00\x06\x01\x0a\x00\x03\x00\xd5\x00\x5a\x00\xd1"
    b"\x00\x13\x01\x0f\x00\x0d\x00\xec\x00\x67\x01\x19\x00\x3b\x01\x0f\x00\x14\x01\x1d\x00\x0a\xff\xff"
    b"\x00\x06\x01\x0c\x00\x23\xff\xff\x00\x04\x01\x11\x01\x49\xff\xff\x00\x24\x00\x86\x00\x30\x00\x62"
    b"\x00\x38\x00\x57\x00\x0c\x00\x63\x00\x49\x00\xbe\x00\x15\x00\x94\x00\x0b\x00\x72\x00\x02\x00\x6a"
    b"\x00\x1f\x00\xb5\x00\xbf\xff\xff\x00\x30\x01\x5a\x00\x04\x01\x3d\x00\x03\x01\x71\x00\x0c\x01\x3d"
    b"\x00\x02\x01\x6c\x00\x01\x01\x3d\x00\x0f\x01\x6c\x00\x16\x01\x41\x00\x14\x01\x40\x00\x08\x01\x43"
    b"\x00\x25\x01\x4e\x00\x11\x01\x58\x00\x04\x01\x6e\x00\x09\x01\x58\x00\x09\x01\x3a\x00\x1b\x00\xd7"
    b"\x00\x19\x00\xd5\x00\x04\x01\x0a\x00\x06\x00\xd5\x00\x57\x00\xd1\x00\x13\x01\x0f\x00\x0d\x00\xec"
    b"\x00\x67\x01\x19\x00\x3e\x01\x0f\x00\x13\x01\x1d\x00\x09\xff\xff\x00\x05\x01\x0c\x00\x26\xff\xff"
    b"\x00\x03\x01\x11\x01\x47\xff\xff\x00\x24\x00\x86\x00\x30\x00\x62\x00\x3a\x00\x57\x00\x09\x00\x63"
    b"\x00\x4b\x00\xbe\x00\x04\x00\x94\x00\x01\x00\xbe\x00\x07\x00\x94\x00\x01\x00\xbe\x00\x07\x00\x94"
    b"\x00\x0c\x00\x72\x00\x20\x00\xb5\x00\xbd\xff\xff\x00\x33\x01\x5a\x00\x16\x01\x3d\x00\x10\x01\x6c"
    b"\x00\x02\x01\x41\x00\x05\x01\x3e\x00\x10\x01\x41\x00\x08\x01\x40\x00\x02\x01\x4e\x00\x08\x01\x40"
    b"\x00\x08\x01\x43\x00\x2a\x01\x4e\x00\x0c\x01\x58\x00\x05\x01\x6e\x00\x01\x01\x58\x00\x01\x01\x6e"
    b"\x00\x05\x01\x58\x00\x06\x01\x3a\x00\x1f\x00\xd7\x00\x25\x00\xd5\x00\x55\x00\xd1\x00\x11\x01\x0f"
    b"\x00\x0e\x00\xec\x00\x5a\x01\x19\x00\x03\x01\x0f\x00\x02\x01\x19\x00\x03\x01\x0f\x00\x04\x01\x19"
    b"\x00\x31\x01\x0f\x00\x07\x01\x1d\x00\x08\x01\x0f\x00\x14\x01\x1d\x00\x08\xff\xff\x00\x04\x01\x0c"
    b"\x00\x28\xff\xff\x00\x03\x01\x11\x01\x46\xff\xff\x00\x24\x00\x86\x00\x30\x00\x62\x00\x31\x00\x57"
    b"\x00\x02\x00\x47\x00\x02\x00\x57\x00\x07\x00\xbe\x00\x04\x00\x63\x00\x5d\x00\xbe\x00\x03\x00\x94"
    b"\x00\x0e\x00\x72\x00\x20\x00\xb5\x00\xbd\xff\xff\x00\x33\x01\x5a\x00\x15\x01\x3d\x00\x11\x01\x6c"
    b"\x00\x0a\x01\x3e\x00\x0c\x01\x41\x00\x0f\x01\x4e\x00\x03\x01\x40\x00\x07\x01\x43\x00\x2d\x01\x4e"
    b"\x00\x08\x01\x58\x00\x09\x01\x6e\x00\x01\x01\x58\x00\x02\x01\x6e\x00\x01\x01\x58\x00\x07\x01\x3a"
    b"\x00\x06\x00\xd7\x00\x06\x01\x04\x00\x14\x00\xd7\x00\x24\x00\xd5\x00\x56\x00\xd1\x00\x0d\x01\x0f"
    b"\x00\x13\x00\xec\x00\x58\x01\x19\x00\x3d\x01\x0f\x00\x0b\x01\x1d\x00\x05\x01\x0f\x00\x15\x01\x1d"
    b"\x00\x07\xff\xff\x00\x05\x01\x0c\x00\x27\xff\xff\x00\x03\x01\x11\x01\x46\xff\xff\x00\x03\x00\x86"
    b"\x00\x04\x00\xc0\x00\x1d\x00\x86\x00\x30\x00\x62\x00\x2e\x00\x57\x00\x02\x00\xc2\x00\x04\x00\x47"
    b"\x00\x6c\x00\xbe\x00\x0e\x00\x72\x00\x20\x00\xb5\x00\xbc\xff\xff\x00\x35\x01\x5a\x00\x17\x01\x3d"
    b"\x00\x0d\x01\x6c\x00\x0f\x01\x3e\x00\x05\x01\x41\x00\x01\x01\x3e\x00\x01\x01\x41\x00\x12\x01\x4e"
    b"\x00\x05\x01\x43\x00\x30\x01\x4e\x00\x08\x01\x58\x00\x0c\x01\x6e\x00\x07\x01\x3a\x00\x0f\x01\x04"
    b"\x00\x12\x00\xd7\x00\x23\x00\xd5\x00\x02\x01\x09\x00\x56\x00\xd1\x00\x0b\x01\x0f\x00\x14\x00\xec"
    b"\x00\x59\x01\x19\x00\x3c\x01\x0f\x00\x0e\x01\x1d\x00\x02\x01\x0f\x00\x17\x01\x1d\x00\x05\xff\xff"
    b"\x00\x05\x01\x0c\x00\x06\xff\xff\x00\x01\x01\x0c\x00\x21\xff\xff\x00\x02\x01\x11\x00\x01\xff\xff"
    b"\x00\x01\x01\x11\x01\x42\xff\xff\x00\x09\x00\xc0\x00\x1d\x00\x86\x00\x30\x00\x62\x00\x29\x00\x57"
    b"\x00\x02\x00\xc2\x00\x01\x00\x57\x00\x04\x00\xc2\x00\x04\x00\x47\x00\x70\x00\xbe\x00\x0a\x00\x4d"
    b"\x00\x1f\x00\xb5\x00\xbe\xff\xff\x00\x34\x01\x5a\x00\x18\x01\x3d\x00\x01\x01\x6c\x00\x03\x01\x5c"
    b"\x00\x09\x01\x6c\x00\x15\x01\x3e\x00\x46\x01\x4e\x00\x0c\x01\x58\x00\x0c\x01\x6e\x00\x03\x01\x3a"
    b"\x00\x12\x01\x04\x00\x03\x00\xd7\x00\x03\x01\x04\x00\x0a\x00\xd7\x00\x21\x00\xd5\x00\x05\x01\x09"
    b"\x00\x59\x00\xd1\x00\x05\x01\x0f\x00\x17\x00\xec\x00\x59\x01\x19\x00\x3a\x01\x0f\x00\x28\x01\x1d"
    b"\x00\x04\xff\xff\x00\x06\x01\x0c\x00\x05\xff\xff\x00\x03\x01\x0c\x00\x22\xff\xff\x00\x03\x01\x11"
    b"\x01\x3f\xff\xff\x00\x0c\x00\xc0\x00\x1c\x00\x86\x00\x30\x00\x62\x00\x25\x00\x57\x00\x0c\x00\xc2"
    b"\x00\x03\x00\x47\x00\x70\x00\xbe\x00\x0b\x00\x4d\x00\x1e\x00\xb5\x00\xc1\xff\xff\x00\x09\x01\x5a"
    b"\x00\x01\x01\x4b\x00\x29\x01\x5a\x00\x16\x01\x3d\x00\x05\x01\x5c\x00\x03\x01\x6c\x00\x08\x01\x5c"
    b"\x00\x13\x01\x3e\x00\x46\x01\x4e\x00\x0b\x01\x58\x00\x10\x01\x6e\x00\x18\x01\x04\x00\x05\x00\xd7"
    b"\x00\x23\x00\xd5\x00\x08\x01\x09\x00\x02\x00\xd1\x00\x02\x01\x09\x00\x54\x00\xd1\x00\x04\x01\x0f"
    b"\x00\x1f\x00\xec\x00\x52\x01\x19\x00\x3b\x01\x0f\x00\x28\x01\x1d\x00\x03\xff\xff\x00\x07\x01\x0c"
    b"\x00\x04\xff\xff\x00\x03\x01\x0c\x00\x21\xff\xff\x00\x05\x01\x11\x01\x3c\xff\xff\x00\x26\x00\xc0"
    b"\x00\x05\x00\x5c\x00\x17\x00\x65\x00\x09\x00\xba\x00\x1a\x00\xab\x00\x18\x00\xc2\x00\x02\x00\x57"
    b"\x00\x0f\x00\xc2\x00\x70\x00\xbe\x00\x01\x00\x4d\x00\x04\x00\xbe\x00\x07\x00\x4d\x00\x1c\x00\xb5"
    b"\x00\xc7\xff\xff\x00\x03\x01\x5a\x00\x03\x01\x4b\x00\x25\x01\x5a\x00\x17\x01\x3d\x00\x13\x01\x5c"
    b"\x00\x12\x01\x3e\x00\x01\x01\x6f\x00\x45\x01\x4e\x00\x09\x01\x58\x00\x13\x01\x6e\x00\x1a\x01\x04"
    b"\x00\x01\x00\xd7\x00\x23\x00\xd5\x00\x0f\x01\x09\x00\x53\x00\xd1\x00\x01\x01\x0f\x00\x01\x00\xdc"
    b"\x00\x01\x01\x0f\x00\x1f\x00\xec\x00\x53\x01\x19\x00\x36\x01\x0f\x00\x05\x01\x1e\x00\x27\x01\x1d"
    b"\x00\x04\xff\xff\x00\x0c\x01\x0c\x00\x22\xff\xff\x00\x07\x01\x11\x01\x38\xff\xff\x00\x29\x00\xc0"
    b"\x00\x02\x00\x5c\x00\x19\x00\x65\x00\x09\x00\xba\x00\x19\x00\xab\x00\x2e\x00\xc2\x00\x70\x00\xbe"
    b"\x00\x09\x00\x4d\x00\x1a\x00\xb5\x00\xc9\xff\xff\x00\x03\x01\x47\x00\x01\x01\x4b\x00\x22\x01\x5a"
    b"\x00\x19\x01\x3d\x00\x17\x01\x5c\x00\x05\x01\x3e\x00\x02\x01\x6f\x00\x02\x01\x3e\x00\x01\x01\x6f"
    b"\x00\x03\x01\x3e\x00\x04\x01\x6f\x00\x46\x01\x4e\x00\x07\x01\x58\x00\x13\x01\x6e\x00\x1c\x01\x04"
    b"\x00\x23\x00\xd5\x00\x10\x01\x09\x00\x52\x00\xd1\x00\x04\x00\xdc\x00\x1f\x00\xec\x00\x33\x01\x19"
    b"\x00\x0d\x00\xe0\x00\x13\x01\x19\x00\x32\x01\x0f\x00\x0a\x01\x1e\x00\x25\x01\x1d\x00\x04\xff\xff"
    b"\x00\x0b\x01\x0c\x00\x27\xff\xff\x00\x04\x01\x11\x01\x36\xff\xff\x00\x29\x00\xc0\x00\x01\x00\x5c"
    b"\x00\x1b\x00\x65\x00\x0b\x00\xba\x00\x17\x00\xab\x00\x2e\x00\xc2\x00\x6e\x00\xbe\x00\x0d\x00\x4d"
    b"\x00\x19\x00\xb5\x00\xc8\xff\xff\x00\x04\x01\x47\x00\x04\x01\x5a\x00\x03\xff\xff\x00\x16\x01\x5a"
    b"\x00\x03\x01\x3f\x00\x02\x01\x52\x00\x18\x01\x3d\x00\x19\x01\x5c\x00\x10\x01\x6f\x00\x44\x01\x4e"
    b"\x00\x0a\x01\x58\x00\x12\x01\x6e\x00\x1e\x01\x04\x00\x21\x00\xd5\x00\x12\x01\x09\x00\x4a\x00\xd1"
    b"\x00\x10\x00\xdc\x00\x18\x00\xec\x00\x32\x01\x19\x00\x14\x00\xe0\x00\x0e\x01\x19\x00\x04\x01\x0f"
    b"\x00\x02\x00\xe0\x00\x27\x01\x0f\x00\x0f\x01\x1e\x00\x25\x01\x1d\x00\x04\xff\xff\x00\x0b\x01\x0c"
    b"\x00\x27\xff\xff\x00\x04\x01\x11\x01\x34\xff\xff\x00\x2c\x00\xc0\x00\x1b\x00\x65\x00\x0b\x00\xba"
    b"\x00\x17\x00\xab\x00\x2e\x00\xc2\x00\x6c\x00\xbe\x00\x10\x00\x4d\x00\x15\x00\xb5\x00\x01\xff\xff"
    b"\x00\x02\x00\xb5\x00\xb9\xff\xff\x00\x03\x01\x51\x00\x01\xff\xff\x00\x04\x01\x51\x00\x09\xff\xff"
    b"\x00\x02\x01\x47\x00\x04\x01\x5a\x00\x04\xff\xff\x00\x13\x01\x5a\x00\x04\x01\x3f\x00\x02\x01\x52"
    b"\x00\x19\x01\x3d\x00\x18\x01\x5c\x00\x12\x01\x6f\x00\x3f\x01\x4e\x00\x0d\x01\x58\x00\x14\x01\x6e"
    b"\x00\x05\x01\x04\x00\x01\x01\x62\x00\x18\x01\x04\x00\x20\x00\xd5\x00\x13\x01\x09\x00\x47\x00\xd1"
    b"\x00\x12\x00\xdc\x00\x18\x00\xec\x00\x06\x01\x19\x00\x02\x00\xf7\x00\x2a\x01\x19\x00\x15\x00\xe0"
    b"\x00\x0e\x01\x19\x00\x07\x00\xe0\x00\x24\x01\x0f\x00\x10\x01\x1e\x00\x25\x01\x1d\x00\x04\xff\xff"
    b"\x00\x0a\x01\x0c\x00\x27\xff\xff\x00\x03\x01\x11\x00\x01\xff\xff\x00\x03\x01\x11\x01\x30\xff\xff"
    b"\x00\x2f\x00\xc0\x00\x1a\x00\x65\x00\x0b\x00\xba\x00\x17\x00\xab\x00\x2e\x00\xc2\x00\x6c\x00\xbe"
    b"\x00\x11\x00\x4d\x00\x10\x00\xb5\x00\xc1\xff\xff\x00\x08\x01\x51\x00\x01\xff\xff\x00\x04\x01\x51"
    b"\x00\x11\xff\xff\x00\x0d\x01\x5a\x00\x07\x01\x3f\x00\x01\x01\x52\x00\x18\x01\x3d\x00\x11\x01\x5c"
    b"\x00\x01\x01\x6f\x00\x04\x01\x5c\x00\x16\x01\x6f\x00\x3a\x01\x4e\x00\x0f\x01\x58\x00\x17\x01\x6e"
    b"\x00\x03\x01\x04\x00\x03\x01\x62\x00\x17\x01\x04\x00\x21\x00\xd5\x00\x14\x01\x09\x00\x44\x00\xd1"
    b"\x00\x13\x00\xdc\x00\x03\x00\xf7\x00\x11\x00\xec\x00\x0e\x00\xf7\x00\x24\x01\x19\x00\x03\x00\xed"
    b"\x00\x19\x00\xe0\x00\x04\x01\x19\x00\x11\x00\xe0\x00\x21\x01\x0f\x00\x10\x01\x1e\x00\x26\x01\x1d"
    b"\x00\x03\xff\xff\x00\x0a\x01\x0c\x00\x2a\xff\xff\x00\x06\x01\x11\x01\x2d\xff\xff\x00\x2f\x00\xc0"
    b"\x00\x1b\x00\x65\x00\x0d\x00\xba\x00\x15\x00\xab\x00\x2e\x00\xc2\x00\x6c\x00\xbe\x00\x12\x00\x4d"
    b"\x00\x0d\x00\xb5\x00\xc6\xff\xff\x00\x0a\x01\x51\x00\x02\xff\xff\x00\x02\x01\x51\x00\x0e\xff\xff"
    b"\x00\x0a\x01\x5a\x00\x0a\x01\x3f\x00\x19\x01\x3d\x00\x0f\x01\x5c\x00\x03\x01\x6f\x00\x01\x01\x5c"
    b"\x00\x1a\x01\x6f\x00\x2f\x01\x4e\x00\x01\x01\x58\x00\x02\x01\x4e\x00\x04\x01\x58\x00\x01\x01\x4e"
    b"\x00\x10\x01\x58\x00\x18\x01\x6e\x00\x01\x01\x04\x00\x04\x01\x62\x00\x17\x01\x04\x00\x21\x00\xd5"
    b"\x00\x15\x01\x09\x00\x41\x00\xd1\x00\x15\x00\xdc\x00\x06\x00\xf7\x00\x0d\x00\xec\x00\x10\x00\xf7"
    b"\x00\x12\x01\x19\x00\x09\x00\xed\x00\x04\x01\x19\x00\x09\x00\xed\x00\x2c\x00\xe0\x00\x20\x01\x0f"
    b"\x00\x10\x01\x1e\x00\x26\x01\x1d\x00\x04\xff\xff\x00\x09\x01\x0c\x00\x2b\xff\xff\x00\x07\x01\x11"
    b"\x01\x2a\xff\xff\x00\x32\x00\xc0\x00\x1a\x00\x65\x00\x0d\x00\xba\x00\x15\x00\xab\x00\x2e\x00\xc2"
    b"\x00\x6c\x00\xbe\x00\x13\x00\x4d\x00\x0c\x00\xb5\x00\xc8\xff\xff\x00\x17\x01\x51\x00\x03\xff\xff"
    b"\x00\x08\x01\x5a\x00\x0c\x01\x3f\x00\x1c\x01\x3d\x00\x0d\x01\x5c\x00\x1e\x01\x6f\x00\x2e\x01\x4e"
    b"\x00\x18\x01\x58\x00\x0f\x01\x6e\x00\x02\x01\x62\x00\x01\x01\x6e\x00\x02\x01\x62\x00\x01\x01\x6e"
    b"\x00\x07\x01\x62\x00\x01\x01\x04\x00\x01\x01\x62\x00\x16\x01\x04\x00\x01\x01\x20\x00\x03\x00\xd5"
    b"\x00\x02\x01\x20\x00\x0e\x00\xd5\x00\x02\x01\x20\x00\x0a\x00\xd5\x00\x12\x01\x09\x00\x44\x00\xd1"
    b"\x00\x17\x00\xdc\x00\x08\x00\xf7\x00\x05\x00\xec\x00\x01\x00\xf7\x00\x01\x00\xec\x00\x12\x00\xf7"
    b"\x00\x12\x01\x19\x00\x17\x00\xed\x00\x2c\x00\xe0\x00\x20\x01\x0f\x00\x0f\x01\x1e\x00\x27\x01\x1d"
    b"\x00\x04\xff\xff\x00\x09\x01\x0c\x00\x2e\xff\xff\x00\x05\x01\x11\x01\x27\xff\xff\x00\x32\x00\xc0"
    b"\x00\x1c\x00\x65\x00\x0c\x00\xba\x00\x16\x00\xab\x00\x2d\x00\xc2\x00\x01\x00\x47\x00\x6c\x00\xbe"
    b"\x00\x15\x00\x4d\x00\x0a\x00\xb5\x00\xc8\xff\xff\x00\x1a\x01\x51\x00\x05\x01\x5a\x00\x0d\x01\x3f"
    b"\x00\x01\x01\x38\x00\x21\x01\x3d\x00\x04\x01\x5c\x00\x23\x01\x6f\x00\x2e\x01\x4e\x00\x18\x01\x58"
    b"\x00\x0f\x01\x6e\x00\x11\x01\x62\x00\x14\x01\x04\x00\x01\x01\x20\x00\x01\x00\xd5\x00\x05\x01\x20"
    b"\x00\x0a\x00\xd5\x00\x0b\x01\x20\x00\x04\x00\xd5\x00\x0c\x01\x09\x00\x01\x00\xd1\x00\x01\x01\x09"
    b"\x00\x38\x00\xd1\x00\x01\x00\xdc\x00\x05\x00\xd1\x00\x05\x00\xdc\x00\x04\x00\xd1\x00\x16\x00\xdc"
    b"\x00\x0c\x00\xf7\x00\x01\x00\xec\x00\x16\x00\xf7\x00\x11\x01\x19\x00\x18\x00\xed\x00\x2d\x00\xe0"
    b"\x00\x1f\x01\x0f\x00\x0e\x01\x1e\x00\x29\x01\x1d\x00\x03\xff\xff\x00\x09\x01\x0c\x00\x2d\xff\xff"
    b"\x00\x05\x01\x11\x00\x03\x00\xf2\x00\x5d\xff\xff\x00\x03\x00\x34\x00\xc3\xff\xff\x00\x33\x00\xc0"
    b"\x00\x1d\x00\x65\x00\x0d\x00\xba\x00\x15\x00\xab\x00\x2b\x00\xc2\x00\x03\x00\x47\x00\x6c\x00\xbe"
    b"\x00\x17\x00\x4d\x00\x08\x00\xb5\x00\xc8\xff\xff\x00\x1c\x01\x51\x00\x03\x01\x5a\x00\x0d\x01\x3f"
    b"\x00\x01\x01\x38\x00\x24\x01\x3d\x00\x23\x01\x6f\x00\x2e\x01\x4e\x00\x1a\x01\x58\x00\x06\x01\x6e"
    b"\x00\x04\x01\x62\x00\x03\x01\x6e\x00\x13\x01\x62\x00\x11\x01\x04\x00\x1e\x01\x20\x00\x03\x00\xd5"
    b"\x00\x0d\x01\x09\x00\x39\x00\xd1\x00\x03\x00\xdc\x00\x03\x00\xd1\x00\x1f\x00\xdc\x00\x24\x00\xf7"
    b"\x00\x11\x01\x19\x00\x19\x00\xed\x00\x2d\x00\xe0\x00\x1d\x01\x0f\x00\x10\x01\x1e\x00\x28\x01\x1d"
    b"\x00\x04\xff\xff\x00\x08\x01\x0c\x00\x31\xff\xff\x00\x05\x00\xf2\x00\x5c\xff\xff\x00\x06\x00\x34"
    b"\x00\xbe\xff\xff\x00\x35\x00\xc0\x00\x1d\x00\x65\x00\x0d\x00\xba\x00\x15\x00\xab\x00\x2b\x00\xc2"
    b"\x00\x03\x00\x47\x00\x26\x00\xbe\x00\x03\x00\x7e\x00\x43\x00\xbe\x00\x18\x00\x4d\x00\x07\x00\xb5"
    b"\x00\xb5\xff\xff\x00\x05\x01\x45\x00\x0d\xff\xff\x00\x1d\x01\x51\x00\x04\xff\xff\x00\x02\x01\x3f"
    b"\x00\x05\x01\x38\x00\x02\x01\x3f\x00\x05\x01\x38\x00\x23\x01\x3d\x00\x23\x01\x6f\x00\x1a\x01\x4e"
    b"\x00\x02\x01\x56\x00\x0e\x01\x4e\x00\x22\x01\x58\x00\x1e\x01\x62\x00\x0e\x01\x04\x00\x1f\x01\x20"
    b"\x00\x10\x01\x09\x00\x38\x00\xd1\x00\x23\x00\xdc\x00\x01\x00\xf7\x00\x02\x00\xdc\x00\x24\x00\xf7"
    b"\x00\x10\x01\x19\x00\x1a\x00\xed\x00\x03\x00\xe0\x00\x01\x00\xed\x00\x2a\x00\xe0\x00\x1c\x01\x0f"
    b"\x00\x11\x01\x1e\x00\x28\x01\x1d\x00\x02\xff\xff\x00\x08\x01\x0c\x00\x32\xff\xff\x00\x07\x00\xf2"
    b"\x00\x53\xff\xff\x00\x04\x00\x34\x00\x03\xff\xff\x00\x0f\x00\x34\x00\xb3\xff\xff\x00\x34\x00\xc0"
    b"\x00\x20\x00\x65\x00\x0d\x00\xba\x00\x15\x00\xab\x00\x2b\x00\xc2\x00\x01\xff\xff\x00\x02\x00\x47"
    b"\x00\x26\x00\xbe\x00\x04\x00\x7e\x00\x01\x00\xbe\x00\x02\x00\x7e\x00\x3f\x00\xbe\x00\x18\x00\x4d"
    b"\x00\x08\x00\xb5\x00\xb1\xff\xff\x00\x0b\x01\x45\x00\x09\xff\xff\x00\x1c\x01\x51\x00\x07\xff\xff"
    b"\x00\x0c\x01\x38\x00\x23\x01\x3d\x00\x23\x01\x6f\x00\x0f\x01\x4e\x00\x02\x01\x56\x00\x01\x01\x4e"
    b"\x00\x04\x01\x56\x00\x01\x01\x4e\x00\x05\x01\x56\x00\x0f\x01\x4e\x00\x21\x01\x58\x00\x20\x01\x62"
    b"\x00\x04\x01\x04\x00\x01\x01\x20\x00\x03\x01\x04\x00\x20\x01\x20\x00\x14\x01\x09\x00\x38\x00\xd1"
    b"\x00\x22\x00\xdc\x00\x29\x00\xf7\x00\x0b\x01\x19\x00\x27\x00\xed\x00\x25\x00\xe0\x00\x1b\x01\x0f"
    b"\x00\x13\x01\x1e\x00\x28\x01\x1d\x00\x09\x01\x0c\x00\x32\xff\xff\x00\x08\x00\xf2\x00\x4c\xff\xff"
    b"\x00\x01\x00\x34\x00\x02\xff\xff\x00\x06\x00\x34\x00\x05\xff\xff\x00\x14\x00\x34\x00\x01\xff\xff"
    b"\x00\x05\x00\x34\x00\xa6\xff\xff\x00\x34\x00\xc0\x00\x21\x00\x65\x00\x0d\x00\xba\x00\x15\x00\xab"
    b"\x00\x2d\x00\xc2\x00\x01\x00\x47\x00\x25\x00\xbe\x00\x08\x00\x7e\x00\x35\x00\xbe\x00\x05\x00\x6b"
    b"\x00\x05\x00\xbe\x00\x18\x00\x4d\x00\x08\x00\xb5\x00\xb0\xff\xff\x00\x0f\x01\x45\x00\x06\xff\xff"
    b"\x00\x1e\x01\x51\x00\x07\xff\xff\x00\x0c\x01\x38\x00\x21\x01\x3d\x00\x24\x01\x6f\x00\x02\x01\x56"
    b"\x00\x08\x01\x4e\x00\x12\x01\x56\x00\x0e\x01\x4e\x00\x22\x01\x58\x00\x20\x01\x62\x00\x01\x01\x5f"
    b"\x00\x24\x01\x20\x00\x17\x01\x09\x00\x36\x00\xd1\x00\x23\x00\xdc\x00\x2b\x00\xf7\x00\x04\x01\x19"
    b"\x00\x2f\x00\xed\x00\x24\x00\xe0\x00\x18\x01\x0f\x00\x18\x01\x1e\x00\x24\x01\x1d\x00\x08\x01\x0c"
    b"\x00\x33\xff\xff\x00\x09\x00\xf2\x00\x49\xff\xff\x00\x09\x00\x34\x00\x01\xff\xff\x00\x03\x00\x34"
    b"\x00\x0b\xff\xff\x00\x14\x00\x34\x00\xa2\xff\xff\x00\x34\x00\xc0\x00\x23\x00\x65\x00\x0d\x00\xba"
    b"\x00\x15\x00\xab\x00\x2e\x00\xc2\x00\x22\x00\xbe\x00\x0c\x00\x7e\x00\x32\x00\xbe\x00\x07\x00\x6b"
    b"\x00\x02\x00\xbe\x00\x1b\x00\x6b\x00\x08\x00\xb5\x00\xb0\xff\xff\x00\x14\x01\x45\x00\x03\xff\xff"
    b"\x00\x1d\x01\x51\x00\x07\xff\xff\x00\x0c\x01\x38\x00\x20\x01\x3d\x00\x23\x01\x6f\x00\x21\x01\x56"
    b"\x00\x02\x01\x58\x00\x07\x01\x4e\x00\x23\x01\x58\x00\x1e\x01\x62\x00\x05\x01\x5f\x00\x24\x01\x20"
    b"\x00\x15\x01\x09\x00\x35\x00\xd1\x00\x26\x00\xdc\x00\x29\x00\xf7\x00\x01\x01\x19\x00\x34\x00\xed"
    b"\x00\x23\x00\xe0\x00\x17\x01\x0f\x00\x19\x01\x1e\x00\x23\x01\x1d\x00\x08\x01\x0c\x00\x33\xff\xff"
    b"\x00\x0a\x00\xf2\x00\x49\xff\xff\x00\x07\x00\x34\x00\x02\xff\xff\x00\x03\x00\x34\x00\x13\xff\xff"
    b"\x00\x01\x00\x34\x00\x01\xff\xff\x00\x04\x00\x34\x00\x03\xff\xff\x00\x04\x00\x34\x00\x02\xff\xff"
    b"\x00\x04\x00\x34\x00\x9a\xff\xff\x00\x37\x00\xc0\x00\x21\x00\x65\x00\x0b\x00\xba\x00\x16\x00\xab"
    b"\x00\x2f\x00\xc2\x00\x22\x00\xbe\x00\x0c\x00\x7e\x00\x31\x00\xbe\x00\x08\x00\x6b\x00\x01\x00\xbe"
    b"\x00\x1c\x00\x6b\x00\x07\x00\xb5\x00\xb3\xff\xff\x00\x12\x01\x45\x00\x06\xff\xff\x00\x1a\x01\x51"
    b"\x00\x09\xff\xff\x00\x0b\x01\x38\x00\x1e\x01\x3d\x00\x23\x01\x6f\x00\x22\x01\x56\x00\x2d\x01\x58"
    b"\x00\x01\x01\x62\x00\x01\x01\x58\x00\x02\x01\x62\x00\x01\x01\x58\x00\x15\x01\x62\x00\x08\x01\x5f"
    b"\x00\x26\x01\x20\x00\x14\x01\x09\x00\x33\x00\xd1\x00\x27\x00\xdc\x00\x01\x01\x01\x00\x28\x00\xf7"
    b"\x00\x39\x00\xed\x00\x1f\x00\xe0\x00\x16\x01\x0f\x00\x1c\x01\x1e\x00\x21\x01\x1d\x00\x08\x01\x0c"
    b"\x00\x32\xff\xff\x00\x0d\x00\xf2\x00\x37\xff\xff\x00\x04\x00\x34\x00\x06\xff\xff\x00\x03\x00\x34"
    b"\x00\x31\xff\xff\x00\x08\x00\x34\x00\x02\x00\x9a\x00\x92\xff\xff\x00\x39\x00\xc0\x00\x21\x00\x65"
    b"\x00\x0c\x00\xba\x00\x15\x00\xab\x00\x2f\x00\xc2\x00\x21\x00\xbe\x00\x0c\x00\x7e\x00\x31\x00\xbe"
    b"\x00\x09\x00\x6b\x00\x02\x00\xbe\x00\x1b\x00\x6b\x00\x06\x00\xb5\x00\xb5\xff\xff\x00\x12\x01\x45"
    b"\x00\x03\xff\xff\x00\x1c\x01\x51\x00\x09\xff\xff\x00\x0a\x01\x38\x00\x1f\x01\x3d\x00\x25\x01\x6f"
    b"\x00\x1f\x01\x56\x00\x3b\x01\x58\x00\x02\x01\x62\x00\x04\x01\x69\x00\x04\x01\x62\x00\x0b\x01\x5f"
    b"\x00\x25\x01\x20\x00\x15\x01\x09\x00\x32\x00\xd1\x00\x23\x00\xdc\x00\x07\x01\x01\x00\x27\x00\xf7"
    b"\x00\x3d\x00\xed\x00\x18\x00\xe0\x00\x18\x01\x0f\x00\x1d\x01\x1e\x00\x01\x01\x1d\x00\x05\x01\x1e"
    b"\x00\x1b\x01\x1d\x00\x09\x01\x0c\x00\x31\xff\xff\x00\x0f\x00\xf2\x00\x33\xff\xff\x00\x09\x00\x34"
    b"\x00\x3a\xff\xff\x00\x05\x00\x34\x00\x05\x00\x9a\x00\x8e\xff\xff\x00\x39\x00\xc0\x00\x25\x00\x65"
    b"\x00\x09\x00\xba\x00\x15\x00\xab\x00\x33\x00\xc2\x00\x1c\x00\xbe\x00\x0d\x00\x7e\x00\x2e\x00\xbe"
    b"\x00\x02\x00\x6b\x00\x02\x00\xbe\x00\x0a\x00\x6b\x00\x01\x00\xbe\x00\x1a\x00\x6b\x00\x06\x00\xb5"
    b"\x00\xb7\xff\xff\x00\x10\x01\x45\x00\x03\xff\xff\x00\x1c\x01\x51\x00\x09\xff\xff\x00\x0b\x01\x38"
    b"\x00\x1d\x01\x3d\x00\x27\x01\x6f\x00\x1e\x01\x56\x00\x3e\x01\x58\x00\x06\x01\x69\x00\x0d\x01\x5f"
    b"\x00\x25\x01\x20\x00\x14\x01\x09\x00\x31\x00\xd1\x00\x23\x00\xdc\x00\x08\x01\x01\x00\x29\x00\xf7"
    b"\x00\x3c\x00\xed\x00\x18\x00\xe0\x00\x16\x01\x0f\x00\x24\x01\x1e\x00\x1b\x01\x1d\x00\x09\x01\x0c"
    b"\x00\x30\xff\xff\x00\x12\x00\xf2\x00\x2f\xff\xff\x00\x0a\x00\x34\x00\x3e\xff\xff\x00\x02\x00\x34"
    b"\x00\x01\xff\xff\x00\x08\x00\x9a\x00\x89\xff\xff\x00\x39\x00\xc0\x00\x27\x00\x65\x00\x0a\x00\xba"
    b"\x00\x13\x00\xab\x00\x34\x00\xc2\x00\x1a\x00\xbe\x00\x0d\x00\x7e\x00\x2e\x00\xbe\x00\x01\x00\x6b"
    b"\x00\x01\x00\xbe\x00\x28\x00\x6b\x00\x07\x00\xb5\x00\xb4\xff\xff\x00\x12\x01\x45\x00\x03\xff\xff"
    b"\x00\x1a\x01\x51\x00\x0c\xff\xff\x00\x0b\x01\x38\x00\x1d\x01\x3d\x00\x26\x01\x6f\x00\x1e\x01\x56"
    b"\x00\x01\x01\x58\x00\x02\x01\x56\x00\x3b\x01\x58\x00\x05\x01\x69\x00\x0f\x01\x5f\x00\x28\x01\x20"
    b"\x00\x12\x01\x09\x00\x2e\x00\xd1\x00\x23\x00\xdc\x00\x09\x01\x01\x00\x25\x00\xf7\x00\x02\x00\xed"
    b"\x00\x01\x00\xf7\x00\x3d\x00\xed\x00\x1a\x00\xe0\x00\x10\x01\x0f\x00\x01\x01\x1e\x00\x02\x01\x0f"
    b"\x00\x25\x01\x1e\x00\x1c\x01\x1d\x00\x07\x01\x0c\x00\x31\xff\xff\x00\x13\x00\xf2\x00\x2f\xff\xff"
    b"\x00\x05\x00\x34\x00\x46\xff\xff\x00\x0b\x00\x9a\x00\x84\xff\xff\x00\x36\x00\xc0\x00\x2a\x00\x65"
    b"\x00\x0b\x00\xba\x00\x13\x00\xab\x00\x35\x00\xc2\x00\x19\x00\xbe\x00\x0d\x00\x7e\x00\x30\x00\xbe"
    b"\x00\x2a\x00\x6b\x00\x05\x00\xb5\x00\xb3\xff\xff\x00\x13\x01\x45\x00\x03\xff\xff\x00\x16\x01\x51"
    b"\x00\x10\xff\xff\x00\x0a\x01\x38\x00\x1e\x01\x3d\x00\x25\x01\x6f\x00\x24\x01\x56\x00\x38\x01\x58"
    b"\x00\x05\x01\x69\x00\x11\x01\x5f\x00\x24\x01\x20\x00\x14\x01\x09\x00\x2e\x00\xd1\x00\x01\x01\x02"
    b"\x00\x23\x00\xdc\x00\x09\x01\x01\x00\x22\x00\xf7\x00\x41\x00\xed\x00\x20\x00\xe0\x00\x09\x01\x0f"
    b"\x00\x1e\x01\x1e\x00\x07\x01\x1d\x00\x06\x01\x1e\x00\x1b\x01\x1d\x00\x08\x01\x0c\x00\x31\xff\xff"
    b"\x00\x14\x00\xf2\x00\x7b\xff\xff\x00\x0a\x00\x9a\x00\x82\xff\xff\x00\x37\x00\xc0\x00\x27\x00\x65"
    b"\x00\x0e\x00\xba\x00\x13\x00\xab\x00\x35\x00\xc2\x00\x19\x00\xbe\x00\x0d\x00\x7e\x00\x2e\x00\xbe"
    b"\x00\x2f\x00\x6b\x00\x01\x00\xb5\x00\xb3\xff\xff\x00\x14\x01\x45\x00\x05\xff\xff\x00\x01\x01\x51"
    b"\x00\x03\xff\xff\x00\x10\x01\x51\x00\x13\xff\xff\x00\x05\x01\x38\x00\x1f\x01\x3d\x00\x25\x01\x6f"
    b"\x00\x24\x01\x56\x00\x38\x01\x58\x00\x07\x01\x69\x00\x10\x01\x5f\x00\x23\x01\x20\x00\x14\x01\x09"
    b"\x00\x1d\x00\xd1\x00\x02\x01\x03\x00\x01\x00\xd1\x00\x02\x01\x03\x00\x0b\x00\xd1\x00\x05\x01\x02"
    b"\x00\x0f\x00\xdc\x00\x02\x01\x02\x00\x0f\x00\xdc\x00\x0a\x01\x01\x00\x20\x00\xf7\x00\x44\x00\xed"
    b"\x00\x20\x00\xe0\x00\x26\x01\x1e\x00\x27\x01\x1d\x00\x02\xff\xff\x00\x07\x01\x0c\x00\x31\xff\xff"
    b"\x00\x15\x00\xf2\x00\x7b\xff\xff\x00\x02\x00\x9a\x00\x01\xff\xff\x00\x0a\x00\x9a\x00\x7e\xff\xff"
    b"\x00\x36\x00\xc0\x00\x28\x00\x65\x00\x0d\x00\xba\x00\x14\x00\xab\x00\x34\x00\xc2\x00\x1a\x00\xbe"
    b"\x00\x0d\x00\x7e\x00\x2e\x00\xbe\x00\x2f\x00\x6b\x00\xb5\xff\xff\x00\x13\x01\x45\x00\x03\xff\xff"
    b"\x00\x02\x01\x49\x00\x04\xff\xff\x00\x0f\x01\x51\x00\x1a\xff\xff\x00\x1e\x01\x3d\x00\x25\x01\x6f"
    b"\x00\x21\x01\x56\x00\x3a\x01\x58\x00\x0b\x01\x69\x00\x01\x01\x5f\x00\x03\x01\x69\x00\x0a\x01\x5f"
    b"\x00\x23\x01\x20\x00\x13\x01\x09\x00\x1f\x00\xd1\x00\x06\x01\x03\x00\x06\x00\xd1\x00\x0c\x01\x02"
    b"\x00\x08\x00\xdc\x00\x05\x01\x02\x00\x0d\x00\xdc\x00\x0c\x01\x01\x00\x1c\x00\xf7\x00\x49\x00\xed"
    b"\x00\x1e\x00\xe0\x00\x23\x01\x1e\x00\x28\x01\x1d\x00\x06\xff\xff\x00\x04\x01\x0c\x00\x31\xff\xff"
    b"\x00\x18\x00\xf2\x00\x79\xff\xff\x00\x01\x00\x9a\x00\x03\xff\xff\x00\x0b\x00\x9a\x00\x06\xff\xff"
    b"\x00\x02\x00\x9a\x00\x74\xff\xff\x00\x34\x00\xc0\x00\x02\x00\x61\x00\x28\x00\x65\x00\x0d\x00\xba"
    b"\x00\x13\x00\xab\x00\x30\x00\xc2\x00\x1f\x00\xbe\x00\x0d\x00\x7e\x00\x2d\x00\xbe\x00\x2e\x00\x6b"
    b"\x00\xb6\xff\xff\x00\x10\x01\x45\x00\x06\x01\x51\x00\x05\x01\x49\x00\x01\xff\xff\x00\x10\x01\x51"
    b"\x00\x1d\xff\xff\x00\x1b\x01\x3d\x00\x25\x01\x6f\x00\x05\x01\x6d\x00\x1c\x01\x56\x00\x39\x01\x58"
    b"\x00\x11\x01\x69\x00\x09\x01\x5f\x00\x02\x01\x20\x00\x02\x01\x58\x00\x27\x01\x20\x00\x0c\x01\x09"
    b"\x00\x15\x00\xd1\x00\x01\x01\x03\x00\x04\x00\xd1\x00\x0c\x01\x03\x00\x03\x00\xd1\x00\x10\x01\x02"
    b"\x00\x02\x00\xdc\x00\x0c\x01\x02\x00\x07\x00\xdc\x00\x0e\x01\x01\x00\x1b\x00\xf7\x00\x4d\x00\xed"
    b"\x00\x1a\x00\xe0\x00\x23\x01\x1e\x00\x28\x01\x1d\x00\x06\xff\xff\x00\x05\x01\x0c\x00\x31\xff\xff"
    b"\x00\x19\x00\xf2\x00\x80\xff\xff\x00\x09\x00\x9a\x00\x03\xff\xff\x00\x05\x00\x9a\x00\x73\xff\xff"
    b"\x00\x32\x00\xc0\x00\x03\x00\x61\x00\x28\x00\x65\x00\x08\x00\xba\x00\x16\x00\xab\x00\x32\x00\xc2"
    b"\x00\x1e\x00\xbe\x00\x0c\x00\x7e\x00\x2f\x00\xbe\x00\x2d\x00\x6b\x00\xb8\xff\xff\x00\x0a\x01\x45"
    b"\x00\x0c\x01\x51\x00\x04\x01\x49\x00\x10\x01\x51\x00\x1f\xff\xff\x00\x01\x01\x3d\x00\x01\xff\xff"
    b"\x00\x0d\x01\x3d\x00\x02\xff\xff\x00\x08\x01\x3d\x00\x06\xff\xff\x00\x14\x01\x6f\x00\x09\x01\x4c"
    b"\x00\x01\x01\x6f\x00\x0a\x01\x6d\x00\x17\x01\x56\x00\x3e\x01\x58\x00\x0e\x01\x69\x00\x01\x01\x5f"
    b"\x00\x01\x01\x58\x00\x05\x01\x5f\x00\x01\x01\x58\x00\x01\x01\x5f\x00\x04\x01\x58\x00\x2c\x01\x20"
    b"\x00\x02\x01\x09\x00\x01\x01\x20\x00\x03\x01\x09\x00\x15\x00\xd1\x00\x12\x01\x03\x00\x25\x01\x02"
    b"\x00\x01\x00\xdc\x00\x0c\x01\x01\x00\x02\x00\xf7\x00\x01\x01\x01\x00\x1b\x00\xf7\x00\x4f\x00\xed"
    b"\x00\x19\x00\xe0\x00\x26\x01\x1e\x00\x24\x01\x1d\x00\x07\xff\xff\x00\x05\x01\x0c\x00\x31\xff\xff"
    b"\x00\x1a\x00\xf2\x00\x17\xff\xff\x00\x02\x00\xf2\x00\x6a\xff\xff\x00\x0d\x00\x9a\x00\x02\x00\x35"
    b"\x00\x06\xff\xff\x00\x03\x00\x35\x00\x66\xff\xff\x00\x04\x00\xb3\x00\x2d\x00\xc0\x00\x06\x00\x61"
    b"\x00\x28\x00\x65\x00\x1e\x00\xab\x00\x32\x00\xc2\x00\x1f\x00\xbe\x00\x0a\x00\x7e\x00\x32\x00\xbe"
    b"\x00\x0d\x00\x6b\x00\x01\x00\xbe\x00\x1d\x00\x6b\x00\xbd\xff\xff\x00\x06\x01\x45\x00\x1e\x01\x51"
    b"\x00\x21\xff\xff\x00\x09\x01\x3d\x00\x01\xff\xff\x00\x01\x01\x44\x00\x02\xff\xff\x00\x04\x01\x44"
    b"\x00\x01\xff\xff\x00\x06\x01\x3d\x00\x09\xff\xff\x00\x0c\x01\x6f\x00\x01\xff\xff\x00\x0d\x01\x4c"
    b"\x00\x0c\x01\x6d\x00\x16\x01\x56\x00\x3d\x01\x58\x00\x03\x01\x69\x00\x02\x01\x58\x00\x07\x01\x69"
    b"\x00\x07\x01\x58\x00\x01\x01\x5f\x00\x08\x01\x58\x00\x30\x01\x20\x00\x02\x01\x09\x00\x15\x00\xd1"
    b"\x00\x12\x01\x03\x00\x25\x01\x02\x00\x0e\x01\x01\x00\x20\x00\xf7\x00\x51\x00\xed\x00\x15\x00\xe0"
    b"\x00\x25\x01\x1e\x00\x22\x01\x1d\x00\x3e\xff\xff\x00\x1d\x00\xf2\x00\x0f\xff\xff\x00\x03\x00\xf2"
    b"\x00\x01\xff\xff\x00\x05\x00\xf2\x00\x6a\xff\xff\x00\x0c\x00\x9a\x00\x03\x00\x35\x00\x03\xff\xff"
    b"\x00\x07\x00\x35\x00\x63\xff\xff\x00\x0e\x00\xb3\x00\x22\x00\xc0\x00\x08\x00\x61\x00\x28\x00\x65"
    b"\x00\x1e\x00\xab\x00\x32\x00\xc2\x00\x1f\x00\xbe\x00\x0d\x00\x7e\x00\x2f\x00\xbe\x00\x01\x00\x6b"
    b"\x00\x01\x00\xbe\x00\x04\x00\x6b\x00\x02\x00\xbe\x00\x02\x00\x6b\x00\x04\x00\xbe\x00\x1c\x00\x6b"
    b"\x00\xbf\xff\xff\x00\x06\x01\x45\x00\x1a\x01\x51\x00\x24\xff\xff\x00\x04\x01\x3d\x00\x0f\x01\x44"
    b"\x00\x02\xff\xff\x00\x01\x01\x3d\x00\x04\xff\xff\x00\x04\x01\x44\x00\x06\xff\xff\x00\x07\x01\x6f"
    b"\x00\x03\xff\xff\x00\x0d\x01\x4c\x00\x0c\x01\x6d\x00\x14\x01\x56\x00\x5b\x01\x58\x00\x39\x01\x20"
    b"\x00\x0d\x00\xd1\x00\x12\x01\x03\x00\x26\x01\x02\x00\x0f\x01\x01\x00\x20\x00\xf7\x00\x51\x00\xed"
    b"\x00\x13\x00\xe0\x00\x28\x01\x1e\x00\x1e\x01\x1d\x00\x40\xff\xff\x00\x1d\x00\xf2\x00\x0d\xff\xff"
    b"\x00\x09\x00\xf2\x00\x6e\xff\xff\x00\x0a\x00\x9a\x00\x0c\x00\x35\x00\x64\xff\xff\x00\x09\x00\xb3"
    b"\x00\x02\x00\x91\x00\x04\x00\xb3\x00\x20\x00\xc0\x00\x09\x00\x61\x00\x28\x00\x65\x00\x20\x00\xab"
    b"\x00\x30\x00\xc2\x00\x1e\x00\xbe\x00\x11\x00\x7e\x00\x2e\x00\xbe\x00\x01\x00\x6b\x00\x0c\x00\xbe"
    b"\x00\x17\x00\x6b\x00\xc4\xff\xff\x00\x07\x01\x45\x00\x18\x01\x51\x00\x24\xff\xff\x00\x13\x01\x44"
    b"\x00\x06\xff\xff\x00\x05\x01\x44\x00\x11\xff\xff\x00\x08\x01\x4c\x00\x12\x01\x6d\x00\x13\x01\x56"
    b"\x00\x59\x01\x58\x00\x3c\x01\x20\x00\x0b\x00\xd1\x00\x11\x01\x03\x00\x27\x01\x02\x00\x0e\x01\x01"
    b"\x00\x21\x00\xf7\x00\x50\x00\xed\x00\x15\x00\xe0\x00\x2a\x01\x1e\x00\x19\x01\x1d\x00\x42\xff\xff"
    b"\x00\x1e\x00\xf2\x00\x0b\xff\xff\x00\x05\x00\xf2\x00\x77\xff\xff\x00\x06\x00\x9a\x00\x0b\x00\x35"
    b"\x00\x64\xff\xff\x00\x11\x00\xb3\x00\x1e\x00\xc0\x00\x0a\x00\x61\x00\x28\x00\x65\x00\x20\x00\xab"
    b"\x00\x30\x00\xc2\x00\x13\x00\xbe\x00\x01\x00\xa9\x00\x1d\x00\x7e\x00\x3a\x00\xbe\x00\x13\x00\x6b"
    b"\x00\xc8\xff\xff\x00\x07\x01\x45\x00\x16\x01\x51\x00\x25\xff\xff\x00\x13\x01\x44\x00\x07\x01\x66"
    b"\x00\x01\xff\xff\x00\x03\x01\x44\x00\x15\xff\xff\x00\x17\x01\x6d\x00\x12\x01\x56\x00\x5c\x01\x58"
    b"\x00\x3c\x01\x20\x00\x02\x00\xd1\x00\x04\x01\x20\x00\x12\x01\x03\x00\x27\x01\x02\x00\x0f\x01\x01"
    b"\x00\x22\x00\xf7\x00\x4c\x00\xed\x00\x01\x00\xe0\x00\x01\x00\xed\x00\x16\x00\xe0\x00\x2b\x01\x1e"
    b"\x00\x17\x01\x1d\x00\x43\xff\xff\x00\x1f\x00\xf2\x00\x0a\xff\xff\x00\x04\x00\xf2\x00\x78\xff\xff"
    b"\x00\x02\x00\x9a\x00\x01\xff\xff\x00\x03\x00\x9a\x00\x0d\x00\x35\x00\x04\xff\xff\x00\x02\x00\x35"
    b"\x00\x05\xff\xff\x00\x03\x00\x35\x00\x53\xff\xff\x00\x12\x00\xb3\x00\x1c\x00\xc0\x00\x0c\x00\x61"
    b"\x00\x28\x00\x65\x00\x20\x00\xab\x00\x30\x00\xc2\x00\x11\x00\xbe\x00\x03\x00\xa9\x00\x1f\x00\x7e"
    b"\x00\x36\x00\xbe\x00\x12\x00\x6b\x00\xd0\xff\xff\x00\x01\x01\x45\x00\x01\xff\xff\x00\x16\x01\x51"
    b"\x00\x24\xff\xff\x00\x15\x01\x44\x00\x07\x01\x66\x00\x18\xff\xff\x00\x18\x01\x6d\x00\x11\x01\x56"
    b"\x00\x5d\x01\x58\x00\x42\x01\x20\x00\x12\x01\x03\x00\x21\x01\x02\x00\x01\x01\x18\x00\x04\x01\x02"
    b"\x00\x10\x01\x01\x00\x20\x00\xf7\x00\x4d\x00\xed\x00\x15\x00\xe0\x00\x2e\x01\x1e\x00\x16\x01\x1d"
    b"\x00\x44\xff\xff\x00\x20\x00\xf2\x00\x89\xff\xff\x00\x02\x00\x9a\x00\x0f\x00\x35\x00\x02\xff\xff"
    b"\x00\x05\x00\x35\x00\x01\xff\xff\x00\x04\x00\x35\x00\x51\xff\xff\x00\x14\x00\xb3\x00\x1a\x00\xc0"
    b"\x00\x0e\x00\x61\x00\x28\x00\x65\x00\x20\x00\xab\x00\x30\x00\xc2\x00\x0d\x00\xbe\x00\x07\x00\xa9"
    b"\x00\x20\x00\x7e\x00\x35\x00\xbe\x00\x11\x00\x6b\x00\xd2\xff\xff\x00\x15\x01\x51\x00\x26\xff\xff"
    b"\x00\x0c\x01\x44\x00\x01\xff\xff\x00\x07\x01\x44\x00\x0d\x01\x66\x00\x13\xff\xff\x00\x16\x01\x6d"
    b"\x00\x06\x01\x5d\x00\x07\x01\x56\x00\x5f\x01\x58\x00\x01\x01\x5f\x00\x02\x01\x58\x00\x42\x01\x20"
    b"\x00\x13\x01\x03\x00\x21\x01\x02\x00\x01\x01\x18\x00\x03\x01\x02\x00\x13\x01\x01\x00\x1f\x00\xf7"
    b"\x00\x4c\x00\xed\x00\x10\x00\xe0\x00\x01\x01\x1e\x00\x04\x00\xe0\x00\x27\x01\x1e\x00\x1c\x01\x1d"
    b"\x00\x45\xff\xff\x00\x20\x00\xf2\x00\x8c\xff\xff\x00\x11\x00\x35\x00\x01\xff\xff\x00\x04\x00\x35"
    b"\x00\x55\xff\xff\x00\x13\x00\xb3\x00\x1b\x00\xc0\x00\x0e\x00\x61\x00\x28\x00\x65\x00\x20\x00\xab"
    b"\x00\x30\x00\xc2\x00\x09\x00\xbe\x00\x0b\x00\xa9\x00\x21\x00\x7e\x00\x34\x00\xbe\x00\x10\x00\x6b"
    b"\x00\xd1\xff\xff\x00\x16\x01\x51\x00\x27\xff\xff\x00\x0d\x01\x44\x00\x01\xff\xff\x00\x05\x01\x44"
    b"\x00\x11\x01\x66\x00\x10\xff\xff\x00\x02\x01\x5d\x00\x12\x01\x6d\x00\x09\x01\x5d\x00\x01\x01\x56"
    b"\x00\x5c\x01\x58\x00\x01\x01\x4d\x00\x01\x01\x58\x00\x04\x01\x5f\x00\x03\x01\x58\x00\x02\x01\x5f"
    b"\x00\x44\x01\x20\x00\x14\x01\x03\x00\x1d\x01\x02\x00\x06\x01\x18\x00\x12\x01\x01\x00\x21\x00\xf7"
    b"\x00\x49\x00\xed\x00\x11\x00\xe0\x00\x2c\x01\x1e\x00\x1d\x01\x1d\x00\x44\xff\xff\x00\x22\x00\xf2"
    b"\x00\x6a\xff\xff\x00\x02\x00\x9a\x00\x22\xff\xff\x00\x11\x00\x35\x00\x05\xff\xff\x00\x06\x00\x35"
    b"\x00\x4a\xff\xff\x00\x12\x00\xb3\x00\x1d\x00\xc0\x00\x0e\x00\x61\x00\x28\x00\x65\x00\x20\x00\xab"
    b"\x00\x31\x00\xc2\x00\x07\x00\xbe\x00\x0c\x00\xa9\x00\x22\x00\x7e\x00\x32\x00\xbe\x00\x0f\x00\x6b"
    b"\x00\xd3\xff\xff\x00\x16\x01\x51\x00\x27\xff\xff\x00\x0e\x01\x44\x00\x01\xff\xff\x00\x02\x01\x44"
    b"\x00\x01\xff\xff\x00\x13\x01\x66\x00\x0e\xff\xff\x00\x06\x01\x5d\x00\x03\x01\x6d\x00\x02\x01\x5d"
    b"\x00\x01\x01\x6d\x00\x05\x01\x5d\x00\x01\x01\x6d\x00\x0d\x01\x5d\x00\x59\x01\x58\x00\x01\x01\x4d"
    b"\x00\x01\x01\x58\x00\x01\x01\x4d\x00\x06\x01\x5f\x00\x01\x01\x58\x00\x05\x01\x5f\x00\x43\x01\x20"
    b"\x00\x14\x01\x03\x00\x16\x01\x02\x00\x04\x01\x18\x00\x03\x01\x02\x00\x0a\x01\x18\x00\x0c\x01\x01"
    b"\x00\x23\x00\xf7\x00\x49\x00\xed\x00\x12\x00\xe0\x00\x2b\x01\x1e\x00\x1e\x01\x1d\x00\x12\xff\xff"
    b"\x00\x03\x01\x1d\x00\x2f\xff\xff\x00\x21\x00\xf2\x00\x68\xff\xff\x00\x05\x00\x9a\x00\x23\xff\xff"
    b"\x00\x0f\x00\x35\x00\x06\xff\xff\x00\x06\x00\x35\x00\x47\xff\xff\x00\x10\x00\xb3\x00\x20\x00\xc0"
    b"\x00\x0f\x00\x61\x00\x28\x00\x65\x00\x20\x00\xab\x00\x33\x00\xc2\x00\x03\x00\xbe\x00\x0e\x00\xa9"
    b"\x00\x22\x00\x7e\x00\x32\x00\xbe\x00\x0f\x00\x6b\x00\xd1\xff\xff\x00\x18\x01\x51\x00\x27\xff\xff"
    b"\x00\x11\x01\x44\x00\x01\xff\xff\x00\x13\x01\x66\x00\x0f\xff\xff\x00\x1d\x01\x5d\x00\x58\x01\x58"
    b"\x00\x01\x01\x4d\x00\x01\x01\x58\x00\x03\x01\x4d\x00\x0a\x01\x5f\x00\x45\x01\x20\x00\x15\x01\x03"
    b"\x00\x0f\x01\x02\x00\x1d\x01\x18\x00\x02\x01\x01\x00\x01\x01\x18\x00\x03\x01\x01\x00\x24\x00\xf7"
    b"\x00\x47\x00\xed\x00\x11\x00\xe0\x00\x30\x01\x1e\x00\x1c\x01\x1d\x00\x43\xff\xff\x00\x21\x00\xf2"
    b"\x00\x67\xff\xff\x00\x01\x00\x9a\x00\x2b\xff\xff\x00\x0d\x00\x35\x00\x06\xff\xff\x00\x07\x00\x35"
    b"\x00\x43\xff\xff\x00\x11\x00\xb3\x00\x21\x00\xc0\x00\x0f\x00\x61\x00\x28\x00\x65\x00\x20\x00\xab"
    b"\x00\x33\x00\xc2\x00\x11\x00\xa9\x00\x22\x00\x7e\x00\x33\x00\xbe\x00\x0d\x00\x6b\x00\xd2\xff\xff"
    b"\x00\x19\x01\x51\x00\x27\xff\xff\x00\x0b\x01\x44\x00\x02\xff\xff\x00\x02\x01\x44\x00\x01\xff\xff"
    b"\x00\x15\x01\x66\x00\x02\xff\xff\x00\x04\x01\x66\x00\x08\xff\xff\x00\x1c\x01\x5d\x00\x4d\x01\x58"
    b"\x00\x02\x01\x4d\x00\x0a\x01\x58\x00\x06\x01\x4d\x00\x0a\x01\x5f\x00\x47\x01\x20\x00\x12\x01\x03"
    b"\x00\x0e\x01\x02\x00\x24\x01\x18\x00\x23\x00\xf7\x00\x48\x00\xed\x00\x02\x00\xe0\x00\x05\x00\xed"
    b"\x00\x0a\x00\xe0\x00\x30\x01\x1e\x00\x1e\x01\x1d\x00\x42\xff\xff\x00\x20\x00\xf2\x00\x66\xff\xff"
    b"\x00\x05\x00\x9a\x00\x2a\xff\xff\x00\x0c\x00\x35\x00\x04\xff\xff\x00\x0a\x00\x35\x00\x41\xff\xff"
    b"\x00\x06\x00\xb3\x00\x03\x00\x80\x00\x07\x00\xb3\x00\x21\x00\xc0\x00\x10\x00\x61\x00\x28\x00\x65"
    b"\x00\x20\x00\xab\x00\x26\x00\xc2\x00\x03\x00\xa9\x00\x06\x00\xc2\x00\x15\x00\xa9\x00\x22\x00\x7e"
    b"\x00\x33\x00\xbe\x00\x0c\x00\x6b\x00\xd4\xff\xff\x00\x18\x01\x51\x00\x28\xff\xff\x00\x0d\x01\x44"
    b"\x00\x01\xff\xff\x00\x17\x01\x66\x00\x01\xff\xff\x00\x05\x01\x66\x00\x08\xff\xff\x00\x1b\x01\x5d"
    b"\x00\x4c\x01\x58\x00\x06\x01\x4d\x00\x02\x01\x58\x00\x01\x01\x4d\x00\x01\x01\x58\x00\x08\x01\x4d"
    b"\x00\x0c\x01\x5f\x00\x44\x01\x20\x00\x14\x01\x03\x00\x09\x01\x02\x00\x28\x01\x18\x00\x24\x00\xf7"
    b"\x00\x50\x00\xed\x00\x08\x00\xe0\x00\x30\x01\x1e\x00\x20\x01\x1d\x00\x43\xff\xff\x00\x1e\x00\xf2"
    b"\x00\x67\xff\xff\x00\x03\x00\x9a\x00\x2c\xff\xff\x00\x0d\x00\x35\x00\x01\xff\xff\x00\x0d\x00\x35"
    b"\x00\x3f\xff\xff\x00\x06\x00\xb3\x00\x08\x00\x80\x00\x01\x00\xb3\x00\x22\x00\xc0\x00\x10\x00\x61"
    b"\x00\x28\x00\x65\x00\x20\x00\xab\x00\x26\x00\xc2\x00\x1e\x00\xa9\x00\x21\x00\x7e\x00\x34\x00\xbe"
    b"\x00\x0b\x00\x6b\x00\xd4\xff\xff\x00\x1a\x01\x51\x00\x2b\xff\xff\x00\x08\x01\x44\x00\x01\xff\xff"
    b"\x00\x1f\x01\x66\x00\x07\xff\xff\x00\x0a\x01\x5d\x00\x02\xff\xff\x00\x0f\x01\x5d\x00\x4c\x01\x58"
    b"\x00\x12\x01\x4d\x00\x0c\x01\x5f\x00\x40\x01\x20\x00\x17\x01\x03\x00\x33\x01\x18\x00\x23\x00\xf7"
    b"\x00\x4f\x00\xed\x00\x09\x00\xe0\x00\x30\x01\x1e\x00\x23\x01\x1d\x00\x40\xff\xff\x00\x1e\x00\xf2"
    b"\x00\x98\xff\xff\x00\x1a\x00\x35\x00\x3c\xff\xff\x00\x08\x00\xb3\x00\x08\x00\x80\x00\x21\x00\xc0"
    b"\x00\x12\x00\x61\x00\x28\x00\x65\x00\x20\x00\xab\x00\x26\x00\xc2\x00\x1e\x00\xa9\x00\x21\x00\x7e"
    b"\x00\x34\x00\xbe\x00\x0b\x00\x6b\x00\xbc\xff\xff\x00\x03\x01\x51\x00\x12\xff\xff\x00\x02\x01\x51"
    b"\x00\x01\xff\xff\x00\x1a\x01\x51\x00\x2c\xff\xff\x00\x06\x01\x44\x00\x01\xff\xff\x00\x18\x01\x66"
    b"\x00\x02\xff\xff\x00\x06\x01\x66\x00\x08\xff\xff\x00\x07\x01\x5d\x00\x02\x01\x67\x00\x02\xff\xff"
    b"\x00\x09\x01\x5d\x00\x05\x01\x67\x00\x50\x01\x58\x00\x11\x01\x4d\x00\x09\x01\x5f\x00\x42\x01\x20"
    b"\x00\x15\x01\x03\x00\x36\x01\x18\x00\x22\x00\xf7\x00\x0b\x00\xed\x00\x01\x00\xf7\x00\x42\x00\xed"
    b"\x00\x08\x00\xe0\x00\x33\x01\x1e\x00\x22\x01\x1d\x00\x40\xff\xff\x00\x1d\x00\xf2\x00\x99\xff\xff"
    b"\x00\x18\x00\x35\x00\x3c\xff\xff\x00\x04\x00\x80\x00\x02\x00\xb3\x00\x0a\x00\x80\x00\x20\x00\xc0"
    b"\x00\x14\x00\x61\x00\x28\x00\x65\x00\x20\x00\xab\x00\x25\x00\xc2\x00\x1f\x00\xa9\x00\x20\x00\x7e"
    b"\x00\x33\x00\xbe\x00\x0c\x00\x6b\x00\xd1\xff\xff\x00\x1d\x01\x51\x00\x21\xff\xff\x00\x07\x01\x59"
    b"\x00\x08\xff\xff\x00\x02\x01\x44\x00\x01\xff\xff\x00\x19\x01\x66\x00\x03\xff\xff\x00\x07\x01\x66"
    b"\x00\x08\xff\xff\x00\x03\x01\x67\x00\x01\x01\x5d\x00\x03\x01\x67\x00\x02\xff\xff\x00\x07\x01\x5d"
    b"\x00\x08\x01\x67\x00\x50\x01\x58\x00\x10\x01\x4d\x00\x0a\x01\x5f\x00\x41\x01\x20\x00\x14\x01\x03"
    b"\x00\x37\x01\x18\x00\x29\x00\xf7\x00\x03\x00\xed\x00\x02\x00\xf7\x00\x42\x00\xed\x00\x07\x00\xe0"
    b"\x00\x33\x01\x1e\x00\x24\x01\x1d\x00\x3f\xff\xff\x00\x1d\x00\xf2\x00\x99\xff\xff\x00\x1a\x00\x35"
    b"\x00\x3a\xff\xff\x00\x0f\x00\x80\x00\x22\x00\xc0\x00\x13\x00\x68\x00\x28\x00\x65\x00\x20\x00\xab"
    b"\x00\x25\x00\xc2\x00\x1f\x00\xa9\x00\x1e\x00\x7e\x00\x34\x00\xbe\x00\x0c\x00\x6b\x00\xd6\xff\xff"
    b"\x00\x14\x01\x51\x00\x24\xff\xff\x00\x0b\x01\x59\x00\x09\xff\xff\x00\x1a\x01\x66\x00\x05\xff\xff"
    b"\x00\x04\x01\x66\x00\x07\xff\xff\x00\x18\x01\x67\x00\x4b\x01\x58\x00\x16\x01\x4d\x00\x09\x01\x5f"
    b"\x00\x42\x01\x20\x00\x03\x01\x03\x00\x07\x01\x20\x00\x08\x01\x03\x00\x34\x01\x18\x00\x35\x00\xf7"
    b"\x00\x41\x00\xed\x00\x07\x00\xe0\x00\x31\x01\x1e\x00\x26\x01\x1d\x00\x41\xff\xff\x00\x1a\x00\xf2"
    b"\x00\x89\xff\xff\x00\x02\x00\x35\x00\x01\xff\xff\x00\x02\x00\x35\x00\x05\xff\xff\x00\x20\x00\x35"
    b"\x00\x37\xff\xff\x00\x11\x00\x80\x00\x1f\x00\xc0\x00\x17\x00\x68\x00\x28\x00\x65\x00\x20\x00\xab"
    b"\x00\x24\x00\xc2\x00\x20\x00\xa9\x00\x1c\x00\x7e\x00\x29\x00\xbe\x00\x02\x00\x7e\x00\x0d\x00\xbe"
    b"\x00\x09\x00\x6b\x00\xd7\xff\xff\x00\x15\x01\x51\x00\x21\xff\xff\x00\x0f\x01\x59\x00\x06\xff\xff"
    b"\x00\x1b\x01\x66\x00\x05\xff\xff\x00\x04\x01\x66\x00\x07\xff\xff\x00\x18\x01\x67\x00\x4c\x01\x58"
    b"\x00\x15\x01\x4d\x00\x08\x01\x5f\x00\x44\x01\x20\x00\x02\x01\x03\x00\x0e\x01\x20\x00\x02\x01\x03"
    b"\x00\x33\x01\x18\x00\x37\x00\xf7\x00\x3f\x00\xed\x00\x03\x00\xe0\x00\x03\x00\xed\x00\x35\x01\x1e"
    b"\x00\x25\x01\x1d\x00\x43\xff\xff\x00\x17\x00\xf2\x00\x86\xff\xff\x00\x02\x00\x9a\x00\x29\x00\x35"
    b"\x00\x36\xff\xff\x00\x12\x00\x80\x00\x1c\x00\xc0\x00\x1b\x00\x68\x00\x28\x00\x65\x00\x20\x00\xab"
    b"\x00\x23\x00\xc2\x00\x21\x00\xa9\x00\x1a\x00\x7e\x00\x29\x00\xbe\x00\x07\x00\x7e\x00\x0a\x00\xbe"
    b"\x00\x07\x00\x6b\x00\xdf\xff\xff\x00\x10\x01\x51\x00\x1f\xff\xff\x00\x12\x01\x59\x00\x03\xff\xff"
    b"\x00\x20\x01\x66\x00\x0c\xff\xff\x00\x18\x01\x67\x00\x4e\x01\x58\x00\x1b\x01\x4d\x00\x56\x01\x20"
    b"\x00\x33\x01\x18\x00\x39\x00\xf7\x00\x42\x00\xed\x00\x37\x01\x1e\x00\x26\x01\x1d\x00\x43\xff\xff"
    b"\x00\x18\x00\xf2\x00\x84\xff\xff\x00\x01\x00\x9a\x00\x2a\x00\x35\x00\x34\xff\xff\x00\x03\x00\xc3"
    b"\x00\x0e\x00\x80\x00\x1d\x00\xc0\x00\x1c\x00\x68\x00\x28\x00\x65\x00\x20\x00\xab\x00\x1e\x00\xc2"
    b"\x00\x26\x00\xa9\x00\x1a\x00\x7e\x00\x28\x00\xbe\x00\x0a\x00\x7e\x00\x07\x00\xbe\x00\x07\x00\x6b"
    b"\x00\xe7\xff\xff\x00\x02\x01\x51\x00\x02\xff\xff\x00\x06\x01\x51\x00\x1d\xff\xff\x00\x17\x01\x59"
    b"\x00\x21\x01\x66\x00\x0b\xff\xff\x00\x17\x01\x67\x00\x4f\x01\x58\x00\x1a\x01\x4d\x00\x57\x01\x20"
    b"\x00\x33\x01\x18\x00\x39\x00\xf7\x00\x06\x00\xed\x00\x03\x00\xf7\x00\x38\x00\xed\x00\x36\x01\x1e"
    b"\x00\x01\x00\xf5\x00\x27\x01\x1d\x00\x1d\xff\xff\x00\x0f\x00\xfc\x00\x02\xff\xff\x00\x02\x00\xfc"
    b"\x00\x14\xff\xff\x00\x18\x00\xf2\x00\x81\xff\xff\x00\x02\x00\x9a\x00\x2f\x00\x35\x00\x2c\xff\xff"
    b"\x00\x07\x00\xc3\x00\x02\x00\xc0\x00\x0a\x00\x80\x00\x1e\x00\xc0\x00\x1c\x00\x68\x00\x28\x00\x65"
    b"\x00\x20\x00\xab\x00\x1d\x00\xc2\x00\x27\x00\xa9\x00\x1b\x00\x7e\x00\x24\x00\xbe\x00\x0e\x00\x7e"
    b"\x00\x05\x00\xbe\x00\x07\x00\x6b\x00\xe1\xff\xff\x00\x04\x01\x51\x00\x03\xff\xff\x00\x03\x01\x51"
    b"\x00\x01\xff\xff\x00\x07\x01\x51\x00\x1a\xff\xff\x00\x1d\x01\x59\x00\x1f\x01\x66\x00\x0a\xff\xff"
    b"\x00\x17\x01\x67\x00\x4f\x01\x58\x00\x19\x01\x4d\x00\x58\x01\x20\x00\x34\x01\x18\x00\x37\x00\xf7"
    b"\x00\x03\x00\xed\x00\x08\x00\xf7\x00\x12\x00\xed\x00\x03\x01\x1e\x00\x08\x00\xed\x00\x02\x01\x1e"
    b"\x00\x17\x00\xed\x00\x36\x01\x1e\x00\x03\x00\xf5\x00\x08\x01\x1d\x00\x01\x00\xf5\x00\x21\x01\x1d"
    b"\x00\x08\xff\xff\x00\x05\x01\x1d\x00\x01\xff\xff\x00\x24\x00\xfc\x00\x0e\xff\xff\x00\x18\x00\xf2"
    b"\x00\x80\xff\xff\x00\x02\x00\x9a\x00\x33\x00\x35\x00\x0a\xff\xff\x00\x04\x00\x35\x00\x17\xff\xff"
    b"\x00\x09\x00\xc3\x00\x05\x00\xc0\x00\x06\x00\x80\x00\x1e\x00\xc0\x00\x1e\x00\x68\x00\x28\x00\x65"
    b"\x00\x20\x00\xab\x00\x1d\x00\xc2\x00\x27\x00\xa9\x00\x1d\x00\x7e\x00\x21\x00\xbe\x00\x0f\x00\x7e"
    b"\x00\x05\x00\xbe\x00\x06\x00\x6b\x00\xee\xff\xff\x00\x09\x01\x51\x00\x17\xff\xff\x00\x1d\x01\x59"
    b"\x00\x21\x01\x66\x00\x0c\xff\xff\x00\x15\x01\x67\x00\x4b\x01\x58\x00\x0a\x01\x4d\x00\x01\x01\x58"
    b"\x00\x0e\x01\x4d\x00\x5b\x01\x20\x00\x2f\x01\x18\x00\x46\x00\xf7\x00\x10\x00\xed\x00\x0b\x01\x1e"
    b"\x00\x01\x00\xed\x00\x05\x01\x1e\x00\x15\x00\xed\x00\x34\x01\x1e\x00\x0f\x00\xf5\x00\x04\x01\x1d"
    b"\x00\x01\x00\xf5\x00\x29\x01\x1d\x00\x24\x00\xfc\x00\x0f\xff\xff\x00\x19\x00\xf2\x00\x6e\xff\xff"
    b"\x00\x03\x00\x9a\x00\x05\xff\xff\x00\x0a\x00\x9a\x00\x33\x00\x35\x00\x04\xff\xff\x00\x03\x00\x35"
    b"\x00\x03\xff\xff\x00\x03\x00\x35\x00\x04\xff\xff\x00\x03\x00\x35\x00\x0c\xff\xff\x00\x0c\x00\xc3"
    b"\x00\x08\x00\xc0\x00\x04\x00\x80\x00\x1e\x00\xc0\x00\x1f\x00\x68\x00\x28\x00\x65\x00\x20\x00\xab"
    b"\x00\x1d\x00\xc2\x00\x27\x00\xa9\x00\x1d\x00\x7e\x00\x21\x00\xbe\x00\x10\x00\x7e\x00\x02\x00\xbe"
    b"\x00\x08\x00\x6b\x00\x48\xff\xff\x00\x06\x00\x9f\x00\xa6\xff\xff\x00\x03\x01\x51\x00\x18\xff\xff"
    b"\x00\x1c\x01\x59\x00\x21\x01\x66\x00\x05\x01\x55\x00\x06\x01\x48\x00\x06\xff\xff\x00\x0d\x01\x67"
    b"\x00\x4f\x01\x58\x00\x07\x01\x4d\x00\x03\x01\x58\x00\x0f\x01\x4d\x00\x5d\x01\x20\x00\x2b\x01\x18"
    b"\x00\x45\x00\xf7\x00\x13\x00\xed\x00\x11\x01\x1e\x00\x0e\x00\xed\x00\x03\x01\x1e\x00\x01\x00\xed"
    b"\x00\x35\x01\x1e\x00\x18\x00\xf5\x00\x27\x01\x1d\x00\x20\x00\xfc\x00\x14\xff\xff\x00\x19\x00\xf2"
    b"\x00\x68\xff\xff\x00\x09\x00\x9a\x00\x02\xff\xff\x00\x0b\x00\x9a\x00\x3c\x00\x35\x00\x08\xff\xff"
    b"\x00\x09\x00\x35\x00\x01\xff\xff\x00\x04\x00\x35\x00\x0b\x00\xc3\x00\x2c\x00\xc0\x00\x1f\x00\x68"
    b"\x00\x28\x00\x65\x00\x20\x00\xab\x00\x1d\x00\xc2\x00\x27\x00\xa9\x00\x1e\x00\x7e\x00\x20\x00\xbe"
    b"\x00\x11\x00\x7e\x00\x02\x00\xbe\x00\x06\x00\x6b\x00\x46\xff\xff\x00\x0c\x00\x9f\x00\xa4\xff\xff"
    b"\x00\x04\x01\x51\x00\x15\xff\xff\x00\x1e\x01\x59\x00\x1e\x01\x66\x00\x07\x01\x55\x00\x0e\x01\x48"
    b"\x00\x05\xff\xff\x00\x02\x01\x67\x00\x52\x01\x58\x00\x06\x01\x4d\x00\x09\x01\x58\x00\x0c\x01\x4d"
    b"\x00\x5c\x01\x20\x00\x29\x01\x18\x00\x48\x00\xf7\x00\x01\x00\xed\x00\x01\x00\xf7\x00\x11\x00\xed"
    b"\x00\x12\x01\x1e\x00\x0b\x00\xed\x00\x3c\x01\x1e\x00\x19\x00\xf5\x00\x23\x01\x1d\x00\x20\x00\xfc"
    b"\x00\x17\xff\xff\x00\x19\x00\xf2\x00\x0b\xff\xff\x00\x04\x00\xf2\x00\x40\xff\xff\x00\x05\x00\x9a"
    b"\x00\x11\xff\xff\x00\x17\x00\x9a\x00\x3f\x00\x35\x00\x02\xff\xff\x00\x12\x00\x35\x00\x08\x00\xc3"
    b"\x00\x05\x00\x60\x00\x38\x00\xc1\x00\x10\x00\x7d\x00\x48\x00\x65\x00\x44\x00\xa9\x00\x1e\x00\x7e"
    b"\x00\x20\x00\xbe\x00\x12\x00\x7e\x00\x02\x00\xbe\x00\x04\x00\x6b\x00\x43\xff\xff\x00\x11\x00\x9f"
    b"\x00\xa0\xff\xff\x00\x08\x01\x51\x00\x14\xff\xff\x00\x20\x01\x59\x00\x1b\x01\x66\x00\x07\x01\x55"
    b"\x00\x16\x01\x48\x00\x02\xff\xff\x00\x4d\x01\x58\x00\x09\x01\x4d\x00\x0d\x01\x58\x00\x07\x01\x4d"
    b"\x00\x5d\x01\x20\x00\x20\x01\x18\x00\x53\x00\xf7\x00\x11\x00\xed\x00\x13\x01\x1e\x00\x0a\x00\xed"
    b"\x00\x3c\x01\x1e\x00\x19\x00\xf5\x00\x21\x01\x1d\x00\x22\x00\xfc\x00\x18\xff\xff\x00\x19\x00\xf2"
    b"\x00\x09\xff\xff\x00\x06\x00\xf2\x00\x3e\xff\xff\x00\x07\x00\x9a\x00\x10\xff\xff\x00\x17\x00\x9a"
    b"\x00\x54\x00\x35\x00\x0c\x00\x60\x00\x37\x00\xc1\x00\x11\x00\x7d\x00\x48\x00\x65\x00\x44\x00\xa9"
    b"\x00\x01\x00\x47\x00\x1c\x00\x7e\x00\x20\x00\xbe\x00\x15\x00\x7e\x00\x02\x00\x6b\x00\x41\xff\xff"
    b"\x00\x15\x00\x9f\x00\xa1\xff\xff\x00\x08\x01\x51\x00\x13\xff\xff\x00\x20\x01\x59\x00\x1b\x01\x66"
    b"\x00\x07\x01\x55\x00\x1b\x01\x48\x00\x4c\x01\x58\x00\x08\x01\x4d\x00\x0e\x01\x58\x00\x62\x01\x20"
    b"\x00\x20\x01\x18\x00\x50\x00\xf7\x00\x14\x00\xed\x00\x16\x01\x1e\x00\x05\x00\xed\x00\x3f\x01\x1e"
    b"\x00\x18\x00\xf5\x00\x1e\x01\x1d\x00\x28\x00\xfc\x00\x11\xff\xff\x00\x01\x00\xfc\x00\x04\xff\xff"
    b"\x00\x1c\x00\xf2\x00\x01\xff\xff\x00\x0c\x00\xf2\x00\x3c\xff\xff\x00\x04\x00\x9a\x00\x18\xff\xff"
    b"\x00\x02\x00\x9a\x00\x01\xff\xff\x00\x0f\x00\x9a\x00\x54\x00\x35\x00\x0c\x00\x60\x00\x36\x00\xc1"
    b"\x00\x12\x00\x7d\x00\x48\x00\x65\x00\x44\x00\xa9\x00\x03\x00\x47\x00\x1a\x00\x7e\x00\x20\x00\xbe"
    b"\x00\x16\x00\x7e\x00\x3e\xff\xff\x00\x1a\x00\x9f\x00\xa1\xff\xff\x00\x07\x01\x51\x00\x12\xff\xff"
    b"\x00\x21\x01\x59\x00\x1b\x01\x66\x00\x07\x01\x55\x00\x1c\x01\x48\x00\x4c\x01\x58\x00\x06\x01\x4d"
    b"\x00\x0d\x01\x58\x00\x65\x01\x20\x00\x11\x01\x18\x00\x01\x01\x20\x00\x02\x01\x18\x00\x02\x01\x20"
    b"\x00\x08\x01\x18\x00\x50\x00\xf7\x00\x17\x00\xed\x00\x5a\x01\x1e\x00\x17\x00\xf5\x00\x1e\x01\x1d"
    b"\x00\x29\x00\xfc\x00\x0e\xff\xff\x00\x07\x00\xfc\x00\x2b\x00\xf2\x00\x3a\xff\xff\x00\x02\x00\x9a"
    b"\x00\x1c\xff\xff\x00\x0f\x00\x9a\x00\x54\x00\x35\x00\x0c\x00\x60\x00\x2c\x00\xc1\x00\x04\x00\x7d"
    b"\x00\x01\x00\xc1\x00\x04\x00\x7d\x00\x01\x00\xc1\x00\x12\x00\x7d\x00\x48\x00\x65\x00\x44\x00\xa9"
    b"\x00\x05\x00\x47\x00\x16\x00\x7e\x00\x21\x00\xbe\x00\x01\x00\x7e\x00\x01\x00\xbe\x00\x15\x00\x7e"
    b"\x00\x3d\xff\xff\x00\x1b\x00\x9f\x00\xa3\xff\xff\x00\x05\x01\x51\x00\x12\xff\xff\x00\x20\x01\x59"
    b"\x00\x17\x01\x66\x00\x09\xff\xff\x00\x01\x01\x55\x00\x1f\x01\x48\x00\x4b\x01\x58\x00\x04\x01\x4d"
    b"\x00\x12\x01\x58\x00\x04\x01\x20\x00\x01\x01\x58\x00\x04\x01\x20\x00\x01\x01\x58\x00\x6f\x01\x20"
    b"\x00\x04\x01\x18\x00\x02\x01\x20\x00\x51\x00\xf7\x00\x17\x00\xed\x00\x5b\x01\x1e\x00\x15\x00\xf5"
    b"\x00\x21\x01\x1d\x00\x28\x00\xfc\x00\x0c\xff\xff\x00\x0a\x00\xfc\x00\x2b\x00\xf2\x00\x55\xff\xff"
    b"\x00\x10\x00\x9a\x00\x54\x00\x35\x00\x0c\x00\x60\x00\x2c\x00\xc1\x00\x1c\x00\x7d\x00\x48\x00\x65"
    b"\x00\x44\x00\xa9\x00\x07\x00\x47\x00\x16\x00\x7e\x00\x19\x00\xbe\x00\x01\x00\x7e\x00\x01\x00\xbe"
    b"\x00\x1b\x00\x7e\x00\x3c\xff\xff\x00\x1d\x00\x9f\x00\xb8\xff\xff\x00\x23\x01\x59\x00\x14\x01\x66"
    b"\x00\x0c\xff\xff\x00\x20\x01\x48\x00\x6a\x01\x58\x00\x01\x01\x20\x00\x01\x01\x58\x00\x75\x01\x20"
    b"\x00\x4f\x00\xf7\x00\x17\x00\xed\x00\x5a\x01\x1e\x00\x16\x00\xf5\x00\x21\x01\x1d\x00\x29\x00\xfc"
    b"\x00\x09\xff\xff\x00\x0c\x00\xfc\x00\x2c\x00\xf2\x00\x51\xff\xff\x00\x12\x00\x9a\x00\x54\x00\x35"
    b"\x00\x0c\x00\x60\x00\x2c\x00\xc1\x00\x1c\x00\x7d\x00\x48\x00\x65\x00\x44\x00\xa9\x00\x08\x00\x47"
    b"\x00\x15\x00\x7e\x00\x18\x00\xbe\x00\x1e\x00\x7e\x00\x3a\xff\xff\x00\x1f\x00\x9f\x00\x8b\xff\xff"
    b"\x00\x04\x01\x26\x00\x29\xff\xff\x00\x23\x01\x59\x00\x14\x01\x66\x00\x0c\xff\xff\x00\x22\x01\x48"
    b"\x00\x6c\x01\x58\x00\x76\x01\x20\x00\x4d\x00\xf7\x00\x13\x00\xed\x00\x63\x01\x1e\x00\x12\x00\xf5"
    b"\x00\x1f\x01\x1d\x00\x2a\x00\xfc\x00\x08\xff\xff\x00\x0c\x00\xfc\x00\x2e\x00\xf2\x00\x4f\xff\xff"
    b"\x00\x12\x00\x9a\x00\x54\x00\x35\x00\x0c\x00\x60\x00\x29\x00\xc1\x00\x1f\x00\x7d\x00\x48\x00\x65"
    b"\x00\x44\x00\xa9\x00\x0a\x00\x47\x00\x13\x00\x7e\x00\x19\x00\xbe\x00\x1d\x00\x7e\x00\x39\xff\xff"
    b"\x00\x21\x00\x9f\x00\x89\xff\xff\x00\x06\x01\x26\x00\x29\xff\xff\x00\x20\x01\x59\x00\x17\x01\x66"
    b"\x00\x0c\xff\xff\x00\x23\x01\x48\x00\x76\x01\x58\x00\x69\x01\x20\x00\x50\x00\xf7\x00\x11\x00\xed"
    b"\x00\x66\x01\x1e\x00\x12\x00\xf5\x00\x1b\x01\x1d\x00\x40\x00\xfc\x00\x30\x00\xf2\x00\x01\x00\xd3"
    b"\x00\x4b\xff\xff\x00\x12\x00\x9a\x00\x54\x00\x35\x00\x0c\x00\x60\x00\x27\x00\xc1\x00\x21\x00\x7d"
    b"\x00\x48\x00\x65\x00\x44\x00\xa9\x00\x0c\x00\x47\x00\x10\x00\x7e\x00\x15\x00\xbe\x00\x01\x00\x7e"
    b"\x00\x01\x00\xbe\x00\x20\x00\x7e\x00\x38\xff\xff\x00\x23\x00\x9f\x00\x86\xff\xff\x00\x08\x01\x26"
    b"\x00\x29\xff\xff\x00\x20\x01\x59\x00\x17\x01\x66\x00\x0b\xff\xff\x00\x26\x01\x48\x00\x74\x01\x58"
    b"\x00\x65\x01\x20\x00\x56\x00\xf7\x00\x0e\x00\xed\x00\x68\x01\x1e\x00\x12\x00\xf5\x00\x10\x01\x1d"
    b"\x00\x02\x01\x1b\x00\x07\x01\x1d\x00\x41\x00\xfc\x00\x30\x00\xf2\x00\x04\x00\xd3\x00\x48\xff\xff"
    b"\x00\x12\x00\x9a\x00\x54\x00\x35\x00\x0c\x00\x60\x00\x23\x00\xc1\x00\x25\x00\x7d\x00\x48\x00\x65"
    b"\x00\x44\x00\xa9\x00\x0e\x00\x47\x00\x0d\x00\x7e\x00\x0e\x00\xbe\x00\x01\x00\x7e\x00\x06\x00\xbe"
    b"\x00\x24\x00\x7e\x00\x36\xff\xff\x00\x24\x00\x9f\x00\x86\xff\xff\x00\x08\x01\x26\x00\x2a\xff\xff"
    b"\x00\x1f\x01\x59\x00\x18\x01\x66\x00\x0a\xff\xff\x00\x27\x01\x48\x00\x74\x01\x58\x00\x64\x01\x20"
    b"\x00\x58\x00\xf7\x00\x0e\x00\xed\x00\x66\x01\x1e\x00\x13\x00\xf5\x00\x06\x01\x1d\x00\x0c\x01\x1b"
    b"\x00\x46\x00\xfc\x00\x2f\x00\xf2\x00\x0a\x00\xd3\x00\x09\xff\xff\x00\x03\x00\xd3\x00\x3b\xff\xff"
    b"\x00\x0f\x00\x9a\x00\x54\x00\x35\x00\x0c\x00\x60\x00\x23\x00\xc1\x00\x25\x00\x7d\x00\x48\x00\x65"
    b"\x00\x44\x00\xa9\x00\x10\x00\x47\x00\x0c\x00\x7e\x00\x08\x00\xbe\x00\x08\x00\x7e\x00\x02\x00\xbe"
    b"\x00\x27\x00\x7e\x00\x34\xff\xff\x00\x26\x00\x9f\x00\x86\xff\xff\x00\x08\x01\x26\x00\x2a\xff\xff"
    b"\x00\x1e\x01\x59\x00\x18\x01\x66\x00\x0a\xff\xff\x00\x29\x01\x48\x00\x72\x01\x58\x00\x65\x01\x20"
    b"\x00\x57\x00\xf7\x00\x0e\x00\xed\x00\x65\x01\x1e\x00\x14\x00\xf5\x00\x04\x01\x1d\x00\x10\x01\x1b"
    b"\x00\x46\x00\xfc\x00\x1e\x00\xf2\x00\x07\x00\xd3\x00\x03\x00\xf2\x00\x01\x00\xd3\x00\x05\x00\xf2"
    b"\x00\x16\x00\xd3\x00\x3a\xff\xff\x00\x0f\x00\x9a\x00\x54\x00\x35\x00\x0c\x00\x60\x00\x22\x00\xc1"
    b"\x00\x26\x00\x7d\x00\x48\x00\x65\x00\x44\x00\xa9\x00\x12\x00\x47\x00\x44\x00\x7e\x00\x32\xff\xff"
    b"\x00\x27\x00\x9f\x00\xba\xff\xff\x00\x1b\x01\x59\x00\x1b\x01\x66\x00\x07\xff\xff\x00\x2b\x01\x48"
    b"\x00\x71\x01\x58\x00\x66\x01\x20\x00\x57\x00\xf7\x00\x0b\x00\xed\x00\x62\x01\x1e\x00\x19\x00\xf5"
    b"\x00\x15\x01\x1b\x00\x45\x00\xfc\x00\x1d\x00\xf2\x00\x28\x00\xd3\x00\x27\xff\xff\x00\x04\x00\x9a"
    b"\x00\x01\xff\xff\x00\x01\x00\x9a\x00\x0d\xff\xff\x00\x0e\x00\x9a\x00\x54\x00\x35\x00\x0c\x00\x60"
    b"\x00\x21\x00\xc1\x00\x27\x00\x7d\x00\x48\x00\x65\x00\x42\x00\xa9\x00\x16\x00\x47\x00\x43\x00\x7e"
    b"\x00\x30\xff\xff\x00\x29\x00\x9f\x00\xbb\xff\xff\x00\x19\x01\x59\x00\x1c\x01\x66\x00\x05\xff\xff"
    b"\x00\x2d\x01\x48\x00\x70\x01\x58\x00\x67\x01\x20\x00\x55\x00\xf7\x00\x0d\x00\xed\x00\x61\x01\x1e"
    b"\x00\x17\x00\xf5\x00\x17\x01\x1b\x00\x44\x00\xfc\x00\x1c\x00\xf2\x00\x2a\x00\xd3\x00\x21\xff\xff"
    b"\x00\x02\x00\x9a\x00\x02\xff\xff\x00\x0a\x00\x9a\x00\x0b\xff\xff\x00\x0e\x00\x9a\x00\x54\x00\x35"
    b"\x00\x0c\x00\x60\x00\x21\x00\xc1\x00\x27\x00\x7d\x00\x48\x00\x65\x00\x3f\x00\xa9\x00\x19\x00\x47"
    b"\x00\x43\x00\x7e\x00\x2e\xff\xff\x00\x2c\x00\x9f\x00\x4f\xff\xff\x00\x04\x01\x28\x00\x6a\xff\xff"
    b"\x00\x16\x01\x59\x00\x1f\x01\x66\x00\x02\xff\xff\x00\x2c\x01\x48\x00\x70\x01\x58\x00\x69\x01\x20"
    b"\x00\x54\x00\xf7\x00\x0c\x00\xed\x00\x63\x01\x1e\x00\x16\x00\xf5\x00\x16\x01\x1b\x00\x45\x00\xfc"
    b"\x00\x18\x00\xf2\x00\x2e\x00\xd3\x00\x1f\xff\xff\x00\x10\x00\x9a\x00\x0e\xff\xff\x00\x05\x00\x9a"
    b"\x00\x02\xff\xff\x00\x04\x00\x9a\x00\x54\x00\x35\x00\x0c\x00\x60\x00\x20\x00\xc1\x00\x28\x00\x7d"
    b"\x00\x48\x00\x65\x00\x3d\x00\xa9\x00\x1b\x00\x47\x00\x42\x00\x7e\x00\x2f\xff\xff\x00\x2e\x00\x9f"
    b"\x00\x48\xff\xff\x00\x12\x01\x28\x00\x63\xff\xff\x00\x14\x01\x59\x00\x22\x01\x66\x00\x29\x01\x48"
    b"\x00\x72\x01\x58\x00\x6a\x01\x20\x00\x54\x00\xf7\x00\x0a\x00\xed\x00\x5e\x01\x1e\x00\x01\x00\xf5"
    b"\x00\x01\x01\x1e\x00\x1b\x00\xf5\x00\x16\x01\x1b\x00\x45\x00\xfc\x00\x19\x00\xf2\x00\x2a\x00\xd3"
    b"\x00\x21\xff\xff\x00\x0b\x00\x9a\x00\x19\xff\xff\x00\x05\x00\x9a\x00\x54\x00\x35\x00\x0c\x00\x60"
    b"\x00\x20\x00\xc1\x00\x28\x00\x7d\x00\x48\x00\x65\x00\x3b\x00\xa9\x00\x1d\x00\x47\x00\x42\x00\x7e"
    b"\x00\x2d\xff\xff\x00\x31\x00\x9f\x00\x41\xff\xff\x00\x1e\x01\x28\x00\x5f\xff\xff\x00\x13\x01\x59"
    b"\x00\x24\x01\x66\x00\x24\x01\x48\x00\x75\x01\x58\x00\x67\x01\x20\x00\x56\x00\xf7\x00\x06\x00\xed"
    b"\x00\x61\x01\x1e\x00\x21\x00\xf5\x00\x13\x01\x1b\x00\x46\x00\xfc\x00\x1a\x00\xf2\x00\x27\x00\xd3"
    b"\x00\x22\xff\xff\x00\x04\x00\x9a\x00\x02\xff\xff\x00\x02\x00\x9a\x00\x24\xff\xff\x00\x51\x00\x35"
    b"\x00\x0c\x00\x60\x00\x1e\x00\xc1\x00\x2a\x00\x7d\x00\x48\x00\x65\x00\x3b\x00\xa9\x00\x1d\x00\x47"
    b"\x00\x41\x00\x7e\x00\x2d\xff\xff\x00\x32\x00\x9f\x00\x40\xff\xff\x00\x22\x01\x28\x00\x5d\xff\xff"
    b"\x00\x13\x01\x59\x00\x24\x01\x66\x00\x03\xff\xff\x00\x20\x01\x48\x00\x75\x01\x58\x00\x68\x01\x20"
    b"\x00\x55\x00\xf7\x00\x08\x00\xed\x00\x5f\x01\x1e\x00\x21\x00\xf5\x00\x14\x01\x1b\x00\x45\x00\xfc"
    b"\x00\x1a\x00\xf2\x00\x27\x00\xd3\x00\x1c\xff\xff\x00\x05\x00\xd3\x00\x2b\xff\xff\x00\x53\x00\x35"
    b"\x00\x0c\x00\x60\x00\x1c\x00\xc1\x00\x2c\x00\x7d\x00\x48\x00\x65\x00\x3c\x00\xa9\x00\x1b\x00\x47"
    b"\x00\x42\x00\x7e\x00\x2c\xff\xff\x00\x34\x00\x9f\x00\x3f\xff\xff\x00\x26\x01\x28\x00\x5b\xff\xff"
    b"\x00\x17\x01\x59\x00\x1f\x01\x66\x00\x03\xff\xff\x00\x20\x01\x48\x00\x75\x01\x58\x00\x69\x01\x20"
    b"\x00\x59\x00\xf7\x00\x01\x00\xed\x00\x60\x01\x1e\x00\x21\x00\xf5\x00\x16\x01\x1b\x00\x03\x00\xfc"
    b"\x00\x02\x01\x11\x00\x01\x00\xfc\x00\x02\x01\x11\x00\x3a\x00\xfc\x00\x18\x00\xf2\x00\x29\x00\xd3"
    b"\x00\x1a\xff\xff\x00\x0b\x00\xd3\x00\x15\xff\xff\x00\x12\x00\x9a\x00\x54\x00\x35\x00\x0c\x00\x60"
    b"\x00\x1c\x00\xc1\x00\x2c\x00\x7d\x00\x43\x00\x65\x00\x05\x00\x51\x00\x3c\x00\xa9\x00\x19\x00\x47"
    b"\x00\x44\x00\x7e\x00\x2c\xff\xff\x00\x34\x00\x9f\x00\x3e\xff\xff\x00\x2a\x01\x28\x00\x5b\xff\xff"
    b"\x00\x15\x01\x59\x00\x1f\x01\x66\x00\x04\xff\xff\x00\x1c\x01\x48\x00\x77\x01\x58\x00\x69\x01\x20"
    b"\x00\x54\x00\xf7\x00\x68\x01\x1e\x00\x1c\x00\xf5\x00\x17\x01\x1b\x00\x09\x01\x11\x00\x08\x00\xfc"
    b"\x00\x06\x01\x11\x00\x30\x00\xfc\x00\x11\x00\xf2\x00\x2d\x00\xd3\x00\x15\xff\xff\x00\x10\x00\xd3"
    b"\x00\x13\xff\xff\x00\x14\x00\x9a\x00\x54\x00\x35\x00\x0c\x00\x60\x00\x18\x00\xc1\x00\x30\x00\x7d"
    b"\x00\x37\x00\x65\x00\x11\x00\x51\x00\x3d\x00\xa9\x00\x17\x00\x47\x00\x47\x00\x7e\x00\x29\xff\xff"
    b"\x00\x36\x00\x9f\x00\x3d\xff\xff\x00\x2e\x01\x28\x00\x59\xff\xff\x00\x11\x01\x59\x00\x21\x01\x66"
    b"\x00\x07\xff\xff\x00\x19\x01\x48\x00\x76\x01\x58\x00\x6a\x01\x20\x00\x4f\x00\xf7\x00\x6b\x01\x1e"
    b"\x00\x01\x01\x1d\x00\x1e\x00\xf5\x00\x12\x01\x1b\x00\x20\x01\x11\x00\x2a\x00\xfc\x00\x0a\x00\xf2"
    b"\x00\x38\x00\xd3\x00\x01\xff\xff\x00\x01\x00\xd3\x00\x0e\xff\xff\x00\x13\x00\xd3\x00\x0c\xff\xff"
    b"\x00\x03\x00\x9a\x00\x03\xff\xff\x00\x14\x00\x9a\x00\x54\x00\x35\x00\x0c\x00\x60\x00\x16\x00\xc1"
    b"\x00\x32\x00\x7d\x00\x2a\x00\x65\x00\x1e\x00\x51\x00\x3e\x00\xa9\x00\x14\x00\x47\x00\x4b\x00\x7e"
    b"\x00\x26\xff\xff\x00\x38\x00\x9f\x00\x3b\xff\xff\x00\x2e\x01\x28\x00\x5c\xff\xff\x00\x10\x01\x59"
    b"\x00\x20\x01\x66\x00\x08\xff\xff\x00\x17\x01\x48\x00\x78\x01\x58\x00\x65\x01\x20\x00\x55\x00\xf7"
    b"\x00\x68\x01\x1e\x00\x03\x01\x1d\x00\x1a\x00\xf5\x00\x14\x01\x1b\x00\x20\x01\x11\x00\x25\x00\xfc"
    b"\x00\x07\x00\xd3\x00\x01\x00\xf2\x00\x01\x00\xd3\x00\x02\x00\xf2\x00\x41\x00\xd3\x00\x0c\xff\xff"
    b"\x00\x13\x00\xd3\x00\x0c\xff\xff\x00\x03\x00\x9a\x00\x01\xff\xff\x00\x16\x00\x9a\x00\x54\x00\x35"
    b"\x00\x0c\x00\x60\x00\x16\x00\xc1\x00\x32\x00\x7d\x00\x28\x00\x65\x00\x20\x00\x51\x00\x3e\x00\xa9"
    b"\x00\x13\x00\x47\x00\x4d\x00\x7e\x00\x24\xff\xff\x00\x3f\x00\x9f\x00\x34\xff\xff\x00\x2f\x01\x28"
    b"\x00\x5d\xff\xff\x00\x10\x01\x59\x00\x23\x01\x66\x00\x04\xff\xff\x00\x17\x01\x48\x00\x7d\x01\x58"
    b"\x00\x5d\x01\x20\x00\x58\x00\xf7\x00\x67\x01\x1e\x00\x04\x01\x1d\x00\x1a\x00\xf5\x00\x10\x01\x1b"
    b"\x00\x25\x01\x11\x00\x23\x00\xfc\x00\x70\x00\xd3\x00\x09\xff\xff\x00\x19\x00\x9a\x00\x54\x00\x35"
    b"\x00\x0c\x00\x60\x00\x16\x00\xc1\x00\x32\x00\x7d\x00\x26\x00\x65\x00\x22\x00\x51\x00\x3e\x00\xa9"
    b"\x00\x11\x00\x47\x00\x51\x00\x7e\x00\x21\xff\xff\x00\x45\x00\x9f\x00\x2e\xff\xff\x00\x30\x01\x28"
    b"\x00\x5e\xff\xff\x00\x10\x01\x59\x00\x26\x01\x66\x00\x01\xff\xff\x00\x16\x01\x48\x00\x7f\x01\x58"
    b"\x00\x5c\x01\x20\x00\x58\x00\xf7\x00\x64\x01\x1e\x00\x0b\x01\x1d\x00\x16\x00\xf5\x00\x09\x01\x1b"
    b"\x00\x2e\x01\x11\x00\x1b\x00\xfc\x00\x77\x00\xd3\x00\x02\xff\xff\x00\x02\x00\xd3\x00\x1c\x00\x9a"
    b"\x00\x54\x00\x35\x00\x0c\x00\x60\x00\x17\x00\xc1\x00\x31\x00\x7d\x00\x1d\x00\x65\x00\x2b\x00\x51"
    b"\x00\x3e\x00\xa9\x00\x09\x00\x47\x00\x5a\x00\x7e\x00\x20\xff\xff\x00\x48\x00\x9f\x00\x2b\xff\xff"
    b"\x00\x2f\x01\x28\x00\x60\xff\xff\x00\x0f\x01\x59\x00\x27\x01\x66\x00\x16\x01\x48\x00\x80\x01\x58"
    b"\x00\x5a\x01\x20\x00\x5a\x00\xf7\x00\x64\x01\x1e\x00\x0c\x01\x1d\x00\x16\x00\xf5\x00\x35\x01\x11"
    b"\x00\x18\x00\xfc\x00\x7e\x00\xd3\x00\x02\x00\x9a\x00\x01\xff\xff\x00\x19\x00\x9a\x00\x54\x00\x35"
    b"\x00\x0c\x00\x60\x00\x16\x00\xc1\x00\x32\x00\x7d\x00\x1a\x00\x65\x00\x2e\x00\x51\x00\x41\x00\xa9"
    b"\x00\x05\x00\x47\x00\x5c\x00\x7e\x00\x1e\xff\xff\x00\x4b\x00\x9f\x00\x2b\xff\xff\x00\x2c\x01\x28"
    b"\x00\x62\xff\xff\x00\x0e\x01\x59\x00\x27\x01\x66\x00\x17\x01\x48\x00\x83\x01\x58\x00\x53\x01\x20"
    b"\x00\x5c\x00\xf7\x00\x63\x01\x1e\x00\x11\x01\x1d\x00\x11\x00\xf5\x00\x02\x01\x1d\x00\x38\x01\x11"
    b"\x00\x13\x00\xfc\x00\x7f\x00\xd3\x00\x07\xff\xff\x00\x16\x00\x9a\x00\x54\x00\x35\x00\x0c\x00\x60"
    b"\x00\x12\x00\xc1\x00\x36\x00\x7d\x00\x17\x00\x65\x00\x31\x00\x51\x00\x44\x00\xa9\x00\x5f\x00\x7e"
    b"\x00\x1c\xff\xff\x00\x4f\x00\x9f\x00\x29\xff\xff\x00\x2a\x01\x28\x00\x63\xff\xff\x00\x0e\x01\x59"
    b"\x00\x26\x01\x66\x00\x18\x01\x48\x00\x84\x01\x58\x00\x52\x01\x20\x00\x5b\x00\xf7\x00\x61\x01\x1e"
    b"\x00\x17\x01\x1d\x00\x03\x00\xf5\x00\x0b\x01\x1d\x00\x3b\x01\x11\x00\x04\x00\xfc\x00\x04\x01\x11"
    b"\x00\x01\x00\xfc\x00\x05\x01\x11\x00\x01\x00\xfc\x00\x01\x01\x11\x00\x03\x00\xfc\x00\x7c\x00\xd3"
    b"\x00\x0d\xff\xff\x00\x0d\x00\x9a\x00\x02\xff\xff\x00\x03\x00\x9a\x00\x54\x00\x35\x00\x0c\x00\x60"
    b"\x00\x11\x00\xc1\x00\x37\x00\x7d\x00\x14\x00\x65\x00\x34\x00\x51\x00\x44\x00\xa9\x00\x60\x00\x7e"
    b"\x00\x1a\xff\xff\x00\x52\x00\x9f\x00\x29\xff\xff\x00\x0d\x01\x28\x00\x06\xff\xff\x00\x14\x01\x28"
    b"\x00\x65\xff\xff\x00\x11\x01\x59\x00\x21\x01\x66\x00\x17\x01\x48\x00\x87\x01\x58\x00\x50\x01\x20"
    b"\x00\x5b\x00\xf7\x00\x60\x01\x1e\x00\x28\x01\x1d\x00\x01\x01\x11\x00\x01\x01\x1d\x00\x48\x01\x11"
    b"\x00\x7c\x00\xd3\x00\x14\xff\xff\x00\x0e\x00\x9a\x00\x54\x00\x35\x00\x0c\x00\x60\x00\x11\x00\xc1"
    b"\x00\x37\x00\x7d\x00\x11\x00\x65\x00\x37\x00\x51\x00\x44\x00\xa9\x00\x61\x00\x7e\x00\x19\xff\xff"
    b"\x00\x54\x00\x9f\x00\x29\xff\xff\x00\x04\x01\x28\x00\x0f\xff\xff\x00\x04\x01\x28\x00\x02\xff\xff"
    b"\x00\x08\x01\x28\x00\x6a\xff\xff\x00\x11\x01\x59\x00\x21\x01\x66\x00\x15\x01\x48\x00\x8b\x01\x58"
    b"\x00\x4d\x01\x20\x00\x5c\x00\xf7\x00\x5f\x01\x1e\x00\x29\x01\x1d\x00\x4a\x01\x11\x00\x79\x00\xd3"
    b"\x00\x1e\xff\xff\x00\x06\x00\x9a\x00\x54\x00\x35\x00\x0c\x00\x60\x00\x10\x00\xc1\x00\x38\x00\x7d"
    b"\x00\x0e\x00\x65\x00\x3a\x00\x51\x00\x44\x00\xa9\x00\x60\x00\x7e\x00\x1a\xff\xff\x00\x56\x00\x9f"
    b"\x00\xb3\xff\xff\x00\x11\x01\x59\x00\x20\x01\x66\x00\x14\x01\x48\x00\x90\x01\x58\x00\x48\x01\x20"
    b"\x00\x5c\x00\xf7\x00\x61\x01\x1e\x00\x25\x01\x1d\x00\x4d\x01\x11\x00\x77\x00\xd3\x00\x1c\xff\xff"
    b"\x00\x0a\x00\x9a\x00\x54\x00\x35\x00\x0c\x00\x60\x00\x07\x00\xc1\x00\x41\x00\x7d\x00\x0a\x00\x65"
    b"\x00\x72\x00\x51\x00\x10\x00\xa9\x00\x5e\x00\x7e\x00\x1c\xff\xff\x00\x57\x00\x9f\x00\x36\xff\xff"
    b"\x00\x04\x01\x28\x00\x77\xff\xff\x00\x14\x01\x59\x00\x1c\x01\x66\x00\x17\x01\x48\x00\x90\x01\x58"
    b"\x00\x45\x01\x20\x00\x5e\x00\xf7\x00\x62\x01\x1e\x00\x01\x01\x1d\x00\x01\x01\x1e\x00\x20\x01\x1d"
    b"\x00\x4d\x01\x11\x00\x71\x00\xd3\x00\x24\xff\xff\x00\x0a\x00\x9a\x00\x54\x00\x35\x00\x0c\x00\x60"
    b"\x00\x07\x00\xc1\x00\x41\x00\x7d\x00\x07\x00\x65\x00\x75\x00\x51\x00\x10\x00\xa9\x00\x5c\x00\x7e"
    b"\x00\x1e\xff\xff\x00\x59\x00\x9f\x00\xae\xff\xff\x00\x14\x01\x59\x00\x1e\x01\x66\x00\x18\x01\x48"
    b"\x00\x90\x01\x58\x00\x42\x01\x20\x00\x62\x00\xf7\x00\x62\x01\x1e\x00\x1f\x01\x1d\x00\x4b\x01\x11"
    b"\x00\x70\x00\xd3\x00\x25\xff\xff\x00\x0c\x00\x9a\x00\x54\x00\x35\x00\x0c\x00\x60\x00\x07\x00\xc1"
    b"\x00\x41\x00\x7d\x00\x03\x00\x65\x00\x79\x00\x51\x00\x10\x00\xa9\x00\x58\x00\x7e\x00\x22\xff\xff"
    b"\x00\x5c\x00\x9f\x00\xac\xff\xff\x00\x14\x01\x59\x00\x1c\x01\x66\x00\x1a\x01\x48\x00\x8f\x01\x58"
    b"\x00\x41\x01\x20\x00\x63\x00\xf7\x00\x64\x01\x1e\x00\x1f\x01\x1d\x00\x49\x01\x11\x00\x6d\x00\xd3"
    b"\x00\x25\xff\xff\x00\x0f\x00\x9a\x00\x54\x00\x35\x00\x0c\x00\x60\x00\x06\x00\xc1\x00\x41\x00\x7d"
    b"\x00\x7d\x00\x51\x00\x10\x00\xa9\x00\x55\x00\x7e\x00\x25\xff\xff\x00\x60\x00\x9f\x00\xab\xff\xff"
    b"\x00\x12\x01\x59\x00\x1b\x01\x66\x00\x18\x01\x48\x00\x92\x01\x58\x00\x3f\x01\x20\x00\x65\x00\xf7"
    b"\x00\x66\x01\x1e\x00\x1f\x01\x1d\x00\x01\x01\x11\x00\x02\x01\x1d\x00\x44\x01\x11\x00\x68\x00\xd3"
    b"\x00\x26\xff\xff\x00\x12\x00\x9a\x00\x54\x00\x35\x00\x0c\x00\x60\x00\x06\x00\xc1\x00\x3f\x00\x7d"
    b"\x00\x7f\x00\x51\x00\x10\x00\xa9\x00\x53\x00\x7e\x00\x28\xff\xff\x00\x66\x00\x9f\x00\xa5\xff\xff"
    b"\x00\x16\x01\x59\x00\x15\x01\x66\x00\x17\x01\x48\x00\x48\x01\x58\x00\x09\xff\xff\x00\x40\x01\x58"
    b"\x00\x44\x01\x20\x00\x63\x00\xf7\x00\x68\x01\x1e\x00\x20\x01\x1d\x00\x48\x01\x11\x00\x60\x00\xd3"
    b"\x00\x26\xff\xff\x00\x16\x00\x9a\x00\x54\x00\x35\x00\x0c\x00\x60\x00\x06\x00\xc1\x00\x3f\x00\x7d"
    b"\x00\x7f\x00\x51\x00\x10\x00\xa9\x00\x4e\x00\x7e\x00\x2d\xff\xff\x00\x6d\x00\x9f\x00\xa0\xff\xff"
    b"\x00\x14\x01\x59\x00\x07\x01\x66\x00\x01\x01\x59\x00\x0b\x01\x66\x00\x17\x01\x48\x00\x4a\x01\x58"
    b"\x00\x0c\xff\xff\x00\x3e\x01\x58\x00\x45\x01\x20\x00\x61\x00\xf7\x00\x69\x01\x1e\x00\x1f\x01\x1d"
    b"\x00\x52\x01\x11\x00\x01\x00\xd3\x00\x03\x01\x11\x00\x4f\x00\xd3\x00\x2c\xff\xff\x00\x13\x00\x9a"
    b"\x00\x54\x00\x35\x00\x0c\x00\x60\x00\x06\x00\xc1\x00\x3f\x00\x7d\x00\x7f\x00\x51\x00\x10\x00\xa9"
    b"\x00\x4c\x00\x7e\x00\x2e\xff\xff\x00\x73\x00\x9f\x00\x9d\xff\xff\x00\x1a\x01\x59\x00\x07\x01\x66"
    b"\x00\x0c\x01\x48\x00\x01\x01\x59\x00\x0e\x01\x48\x00\x29\x01\x58\x00\x0b\xff\xff\x00\x13\x01\x58"
    b"\x00\x06\xff\xff\x00\x0a\x01\x58\x00\x02\xff\xff\x00\x3b\x01\x58\x00\x45\x01\x20\x00\x61\x00\xf7"
    b"\x00\x68\x01\x1e\x00\x22\x01\x1d\x00\x55\x01\x11\x00\x4b\x00\xd3\x00\x2f\xff\xff\x00\x13\x00\x9a"
    b"\x00\x54\x00\x35\x00\x0c\x00\x60\x00\x06\x00\xc1\x00\x3f\x00\x7d\x00\x7f\x00\x51\x00\x10\x00\xa9"
    b"\x00\x4c\x00\x7e\x00\x2e\xff\xff\x00\x76\x00\x9f\x00\x9c\xff\xff\x00\x19\x01\x59\x00\x03\x01\x66"
    b"\x00\x05\x01\x48\x00\x0c\x01\x59\x00\x0e\x01\x48\x00\x25\x01\x58\x00\x27\xff\xff\x00\x0c\x01\x58"
    b"\x00\x06\xff\xff\x00\x31\x01\x58\x00\x48\x01\x20\x00\x62\x00\xf7\x00\x67\x01\x1e\x00\x24\x01\x1d"
    b"\x00\x54\x01\x11\x00\x48\x00\xd3\x00\x3b\xff\xff\x00\x0a\x00\x9a\x00\x54\x00\x35\x00\x0c\x00\x60"
    b"\x00\x06\x00\xc1\x00\x3f\x00\x7d\x00\x7f\x00\x51\x00\x10\x00\xa9\x00\x4c\x00\x7e\x00\x2d\xff\xff"
    b"\x00\x7b\x00\x9f\x00\x9a\xff\xff\x00\x1a\x01\x59\x00\x04\x01\x48\x00\x0f\x01\x59\x00\x0c\x01\x48"
    b"\x00\x02\x01\x59\x00\x1f\x01\x58\x00\x2b\xff\xff\x00\x0c\x01\x58\x00\x0b\xff\xff\x00\x08\x01\x58"
    b"\x00\x0c\xff\xff\x00\x19\x01\x58\x00\x47\x01\x20\x00\x60\x00\xf7\x00\x68\x01\x1e\x00\x24\x01\x1d"
    b"\x00\x55\x01\x11\x00\x45\x00\xd3\x00\x41\xff\xff\x00\x07\x00\x9a\x00\x54\x00\x35\x00\x0c\x00\x60"
    b"\x00\x06\x00\xc1\x00\x3f\x00\x7d\x00\x7f\x00\x51\x00\x10\x00\xa9\x00\x4b\x00\x7e\x00\x2d\xff\xff"
    b"\x00\x7f\x00\x9f\x00\x9a\xff\xff\x00\x2a\x01\x59\x00\x0e\x01\x48\x00\x02\x01\x59\x00\x19\x01\x58"
    b"\x00\x2f\xff\xff\x00\x0b\x01\x58\x00\x1e\xff\xff\x00\x1c\x01\x58\x00\x3b\x01\x20\x00\x08\x00\xf7"
    b"\x00\x01\x01\x20\x00\x61\x00\xf7\x00\x6a\x01\x1e\x00\x27\x01\x1d\x00\x50\x01\x11\x00\x45\x00\xd3"
    b"\x00\x42\xff\xff\x00\x07\x00\x9a\x00\x54\x00\x35\x00\x0b\x00\x60\x00\x08\xff\xff\x00\x41\x00\x7d"
    b"\x00\x09\x00\x65\x00\x72\x00\x51\x00\x11\x00\xa9\x00\x4a\x00\x7e\x00\x2c\xff\xff\x00\x84\x00\x9f"
    b"\x00\x9c\xff\xff\x00\x26\x01\x59\x00\x0d\x01\x48\x00\x07\x01\x59\x00\x0d\x01\x58\x00\x39\xff\xff"
    b"\x00\x05\x01\x58\x00\x21\xff\xff\x00\x1b\x01\x58\x00\x01\xff\xff\x00\x3a\x01\x20\x00\x70\x00\xf7"
    b"\x00\x67\x01\x1e\x00\x24\x01\x1d\x00\x51\x01\x11\x00\x41\x00\xd3\x00\x47\xff\xff\x00\x06\x00\x9a"
    b"\x00\x54\x00\x35\x00\x17\xff\xff\x00\x06\x00\x7d\x00\x03\xff\xff\x00\x34\x00\x7d\x00\x0c\x00\x65"
    b"\x00\x10\x00\x51\x00\x03\x00\x65\x00\x5b\x00\x51\x00\x12\x00\xa9\x00\x4a\x00\x7e\x00\x2c\xff\xff"
    b"\x00\x87\x00\x9f\x00\x9c\xff\xff\x00\x25\x01\x59\x00\x07\x01\x48\x00\x0b\x01\x59\x00\x0a\x01\x58"
    b"\x00\x63\xff\xff\x00\x14\x01\x58\x00\x0a\xff\xff\x00\x35\x01\x20\x00\x7a\x00\xf7\x00\x5f\x01\x1e"
    b"\x00\x21\x01\x1d\x00\x02\x01\x11\x00\x01\x01\x1d\x00\x51\x01\x11\x00\x02\xff\xff\x00\x06\x00\xd3"
    b"\x00\x0b\xff\xff\x00\x27\x00\xd3\x00\x4f\xff\xff\x00\x05\x00\x9a\x00\x4f\x00\x35\x00\x2a\xff\xff"
    b"\x00\x2f\x00\x7d\x00\x28\x00\x65\x00\x51\x00\x51\x00\x13\x00\xa9\x00\x49\x00\x7e\x00\x2d\xff\xff"
    b"\x00\x88\x00\x9f\x00\x9d\xff\xff\x00\x37\x01\x59\x00\x01\xff\xff\x00\x02\x01\x58\x00\x66\xff\xff"
    b"\x00\x0c\x01\x58\x00\x17\xff\xff\x00\x33\x01\x20\x00\x78\x00\xf7\x00\x60\x01\x1e\x00\x1e\x01\x1d"
    b"\x00\x4f\x01\x11\x00\x1d\xff\xff\x00\x07\x00\xd3\x00\x01\xff\xff\x00\x10\x00\xd3\x00\x5f\xff\xff"
    b"\x00\x02\x00\x9a\x00\x41\x00\x35\x00\x3b\xff\xff\x00\x2c\x00\x7d\x00\x28\x00\x65\x00\x50\x00\x51"
    b"\x00\x14\x00\xa9\x00\x47\x00\x7e\x00\x2e\xff\xff\x00\x7f\x00\x9f\x00\x0c\x00\xb2\x00\x9d\xff\xff"
    b"\x00\x36\x01\x59\x00\x5b\xff\xff\x00\x16\x01\x58\x00\x18\xff\xff\x00\x38\x01\x20\x00\x77\x00\xf7"
    b"\x00\x59\x01\x1e\x00\x25\x01\x1d\x00\x4e\x01\x11\x00\x9a\xff\xff\x00\x35\x00\x35\x00\x49\xff\xff"
    b"\x00\x25\x00\x7d\x00\x28\x00\x65\x00\x4e\x00\x51\x00\x16\x00\xa9\x00\x45\x00\x7e\x00\x30\xff\xff"
    b"\x00\x7c\x00\x9f\x00\x10\x00\xb2\x00\xa2\xff\xff\x00\x2e\x01\x59\x00\x57\xff\xff\x00\x1a\x01\x58"
    b"\x00\x19\xff\xff\x00\x3c\x01\x20\x00\x76\x00\xf7\x00\x57\x01\x1e\x00\x27\x01\x1d\x00\x55\x01\x11"
    b"\x00\x3e\xff\xff\x00\x03\x00\xd3\x00\x03\xff\xff\x00\x0a\x00\xd3\x00\x45\xff\xff\x00\x23\x00\x35"
    b"\x00\x5c\xff\xff\x00\x22\x00\x7d\x00\x28\x00\x65\x00\x4d\x00\x51\x00\x17\x00\xa9\x00\x41\x00\x7e"
    b"\x00\x34\xff\xff\x00\x7c\x00\x9f\x00\x10\x00\xb2\x00\x2c\xff\xff\x00\x09\x01\x59\x00\x75\xff\xff"
    b"\x00\x23\x01\x59\x00\x57\xff\xff\x00\x18\x01\x58\x00\x1e\xff\xff\x00\x3c\x01\x20\x00\x7b\x00\xf7"
    b"\x00\x53\x01\x1e\x00\x27\x01\x1d\x00\x51\x01\x11\x00\x3f\xff\xff\x00\x15\x00\xd3\x00\x4c\xff\xff"
    b"\x00\x0f\x00\x35\x00\x67\xff\xff\x00\x21\x00\x7d\x00\x28\x00\x65\x00\x4b\x00\x51\x00\x19\x00\xa9"
    b"\x00\x3d\x00\x7e\x00\x37\xff\xff\x00\x7d\x00\x9f\x00\x0f\x00\xb2\x00\x30\xff\xff\x00\x07\x01\x59"
    b"\x00\x79\xff\xff\x00\x19\x01\x59\x00\x5a\xff\xff\x00\x16\x01\x58\x00\x23\xff\xff\x00\x38\x01\x20"
    b"\x00\x82\x00\xf7\x00\x4c\x01\x1e\x00\x2c\x01\x1d\x00\x29\x01\x11\x00\x05\xff\xff\x00\x13\x01\x11"
    b"\x00\x0a\xff\xff\x00\x01\x01\x11\x00\x42\xff\xff\x00\x14\x00\xd3\x00\x03\xff\xff\x00\x05\x00\xd3"
    b"\x00\x47\xff\xff\x00\x09\x00\x35\x00\x6d\xff\xff\x00\x1f\x00\x7d\x00\x28\x00\x65\x00\x4a\x00\x51"
    b"\x00\x1a\x00\xa9\x00\x3a\x00\x7e\x00\x3a\xff\xff\x00\x7e\x00\x9f\x00\x0e\x00\xb2\x00\xba\xff\xff"
    b"\x00\x03\x01\x59\x00\x64\xff\xff\x00\x16\x01\x58\x00\x27\xff\xff\x00\x33\x01\x20\x00\x84\x00\xf7"
    b"\x00\x4a\x01\x1e\x00\x03\xff\xff\x00\x2c\x01\x1d\x00\x27\x01\x11\x00\x69\xff\xff\x00\x0f\x00\xd3"
    b"\x00\xca\xff\xff\x00\x1d\x00\x7d\x00\x28\x00\x65\x00\x49\x00\x51\x00\x1b\x00\xa9\x00\x38\x00\x7e"
    b"\x00\x3a\xff\xff\x00\x80\x00\x9f\x00\x0e\x00\xb2\x01\x1f\xff\xff\x00\x16\x01\x58\x00\x2d\xff\xff"
    b"\x00\x32\x01\x20\x00\x80\x00\xf7\x00\x4b\x01\x1e\x00\x03\xff\xff\x00\x0a\x01\x1d\x00\x02\xff\xff"
    b"\x00\x21\x01\x1d\x00\x24\x01\x11\x00\x6e\xff\xff\x00\x03\x00\xd3\x00\xd4\xff\xff\x00\x1c\x00\x7d"
    b"\x00\x28\x00\x65\x00\x47\x00\x51\x00\x1d\x00\xa9\x00\x31\x00\x7e\x00\x41\xff\xff\x00\x80\x00\x9f"
    b"\x00\x0d\x00\xb2\x01\x20\xff\xff\x00\x16\x01\x58\x00\x2e\xff\xff\x00\x33\x01\x20\x00\x7e\x00\xf7"
    b"\x00\x49\x01\x1e\x00\x07\xff\xff\x00\x08\x01\x1d\x00\x0e\xff\xff\x00\x17\x01\x1d\x00\x1e\x01\x11"
    b"\x01\x4b\xff\xff\x00\x1a\x00\x7d\x00\x28\x00\x65\x00\x43\x00\x51\x00\x21\x00\xa9\x00\x2e\x00\x7e"
    b"\x00\x43\xff\xff\x00\x81\x00\x9f\x00\x06\x00\xb2\x00\x07\x00\x9f\x01\x21\xff\xff\x00\x15\x01\x58"
    b"\x00\x2f\xff\xff\x00\x2c\x01\x20\x00\x84\x00\xf7\x00\x49\x01\x1e\x00\x09\xff\xff\x00\x04\x01\x1d"
    b"\x00\x13\xff\xff\x00\x16\x01\x1d\x00\x1b\x01\x11\x01\x4d\xff\xff\x00\x19\x00\x7d\x00\x28\x00\x65"
    b"\x00\x3d\x00\x51\x00\x27\x00\xa9\x00\x2b\x00\x7e\x00\x45\xff\xff\x00\x83\x00\x9f\x00\x01\x00\xb2"
    b"\x00\x0b\x00\x9f\x01\x22\xff\xff\x00\x14\x01\x58\x00\x30\xff\xff\x00\x29\x01\x20\x00\x82\x00\xf7"
    b"\x00\x4d\x01\x1e\x00\x21\xff\xff\x00\x19\x01\x1d\x00\x13\x01\x11\x01\x52\xff\xff\x00\x18\x00\x7d"
    b"\x00\x28\x00\x65\x00\x36\x00\x51\x00\x2e\x00\xa9\x00\x29\x00\x7e\x00\x46\xff\xff\x00\x91\x00\x9f"
    b"\x01\x22\xff\xff\x00\x15\x01\x58\x00\x2e\xff\xff\x00\x28\x01\x20\x00\x83\x00\xf7\x00\x4d\x01\x1e"
    b"\x00\x23\xff\xff\x00\x18\x01\x1d\x00\x06\x01\x11\x01\x5e\xff\xff\x00\x18\x00\x7d\x00\x28\x00\x65"
    b"\x00\x2f\x00\x51\x00\x35\x00\xa9\x00\x27\x00\x7e\x00\x47\xff\xff\x00\x93\x00\x9f\x01\x23\xff\xff"
    b"\x00\x14\x01\x58\x00\x2e\xff\xff\x00\x26\x01\x20\x00\x83\x00\xf7\x00\x4e\x01\x1e\x00\x26\xff\xff"
    b"\x00\x13\x01\x1d\x01\x68\xff\xff\x00\x16\x00\x7d\x00\x28\x00\x65\x00\x28\x00\x51\x00\x3c\x00\xa9"
    b"\x00\x26\x00\x7e\x00\x47\xff\xff\x00\x95\x00\x9f\x01\x23\xff\xff\x00\x14\x01\x58\x00\x2f\xff\xff"
    b"\x00\x23\x01\x20\x00\x84\x00\xf7\x00\x4d\x01\x1e\x00\x26\xff\xff\x00\x13\x01\x1e\x01\x6a\xff\xff"
    b"\x00\x15\x00\x7d\x00\x28\x00\x65\x00\x21\x00\x51\x00\x43\x00\xa9\x00\x24\x00\x7e\x00\x48\xff\xff"
    b"\x00\x99\x00\x9f\x01\x23\xff\xff\x00\x14\x01\x58\x00\x2d\xff\xff\x00\x0c\x01\x20\x00\x09\xff\xff"
    b"\x00\x0d\x01\x20\x00\x82\x00\xf7\x00\x28\x01\x1e\x00\x09\xff\xff\x00\x1b\x01\x1e\x00\x27\xff\xff"
    b"\x00\x15\x01\x1e\x01\x6a\xff\xff\x00\x15\x00\x7d\x00\x28\x00\x65\x00\x20\x00\x51\x00\x44\x00\xa9"
    b"\x00\x22\x00\x7e\x00\x49\xff\xff\x00\x9b\x00\x9f\x01\x22\xff\xff\x00\x16\x01\x58\x00\x2e\xff\xff"
    b"\x00\x06\x01\x20\x00\x0e\xff\xff\x00\x08\x01\x20\x00\x02\xff\xff\x00\x01\x01\x20\x00\x86\x00\xf7"
    b"\x00\x21\x01\x1e\x00\x0c\xff\xff\x00\x18\x01\x1e\x00\x2b\xff\xff\x00\x13\x01\x1e\x01\x6b\xff\xff"
    b"\x00\x15\x00\x7d\x00\x28\x00\x65\x00\x20\x00\x51\x00\x44\x00\xa9\x00\x17\x00\x7e\x00\x53\xff\xff"
    b"\x00\x9d\x00\x9f\x01\x21\xff\xff\x00\x17\x01\x58\x00\x58\xff\xff\x00\x7b\x00\xf7\x00\x0a\x01\x1e"
    b"\x00\x04\xff\xff\x00\x05\x01\x1e\x00\x19\xff\xff\x00\x0f\x01\x1e\x00\x24\xff\xff\x00\x07\x01\x1e"
    b"\x00\x0a\xff\xff\x00\x0f\x01\x1e\x01\x6d\xff\xff\x00\x16\x00\x7d\x00\x28\x00\x65\x00\x20\x00\x51"
    b"\x00\x44\x00\xa9\x00\x16\x00\x7e\x00\x54\xff\xff\x00\x9f\x00\x9f\x01\x23\xff\xff\x00\x16\x01\x58"
    b"\x00\x58\xff\xff\x00\x79\x00\xf7\x00\x09\x01\x1e\x00\x06\xff\xff\x00\x04\x01\x1e\x00\x19\xff\xff"
    b"\x00\x06\x01\x1e\x00\x01\xff\xff\x00\x02\x01\x1e\x00\x27\xff\xff\x00\x08\x01\x1e\x00\x0b\xff\xff"
    b"\x00\x0b\x01\x1e\x01\x70\xff\xff\x00\x17\x00\x7d\x00\x28\x00\x65\x00\x20\x00\x51\x00\x44\x00\xa9"
    b"\x00\x16\x00\x7e\x00\x53\xff\xff\x00\xa2\x00\x9f\x00\x91\xff\xff\x00\x08\x00\xcf\x00\x8a\xff\xff"
    b"\x00\x17\x01\x58\x00\x4b\xff\xff\x00\x04\x00\xf7\x00\x0a\xff\xff\x00\x71\x00\xf7\x00\x0e\x01\x1e"
    b"\x00\x04\xff\xff\x00\x07\x01\x1e\x00\x48\xff\xff\x00\x04\x01\x1e\x00\x0c\xff\xff\x00\x0d\x01\x1e"
    b"\x01\x72\xff\xff\x00\x15\x00\x7d\x00\x28\x00\x65\x00\x20\x00\x51\x00\x1d\x00\xa9\x00\x04\x00\xac"
    b"\x00\x23\x00\xa9\x00\x18\x00\x7e\x00\x51\xff\xff\x00\xa5\x00\x9f\x00\x8f\xff\xff\x00\x06\x00\xcf"
    b"\x00\x8c\xff\xff\x00\x19\x01\x58\x00\x46\xff\xff\x00\x07\x00\xf7\x00\x0d\xff\xff\x00\x73\x00\xf7"
    b"\x00\x07\x01\x1e\x00\x5e\xff\xff\x00\x16\x01\x1e\x00\x13\xff\xff\x00\x0a\x01\x1e\x01\x53\xff\xff"
    b"\x00\x14\x00\x7d\x00\x28\x00\x65\x00\x20\x00\x51\x00\x17\x00\xa9\x00\x0c\x00\xac\x00\x21\x00\xa9"
    b"\x00\x1a\x00\x7e\x00\x4c\xff\xff\x00\xab\x00\x9f\x01\x1f\xff\xff\x00\x1a\x01\x58\x00\x52\xff\xff"
    b"\x00\x01\x00\xf7\x00\x07\xff\xff\x00\x74\x00\xf7\x00\x02\x01\x1e\x00\x5e\xff\xff\x00\x1f\x01\x1e"
    b"\x00\x07\xff\xff\x00\x14\x01\x1e\x01\x50\xff\xff\x00\x12\x00\x7d\x00\x28\x00\x65\x00\x20\x00\x51"
    b"\x00\x16\x00\xa9\x00\x0c\x00\xac\x00\x22\x00\xa9\x00\x19\x00\x7e\x00\x4a\xff\xff\x00\xaf\x00\x9f"
    b"\x01\x1e\xff\xff\x00\x1d\x01\x58\x00\x4b\xff\xff\x00\x08\x00\xf7\x00\x08\xff\xff\x00\x75\x00\xf7"
    b"\x00\x58\xff\xff\x00\x3e\x01\x1e\x01\x50\xff\xff\x00\x11\x00\x7d\x00\x28\x00\x65\x00\x20\x00\x51"
    b"\x00\x17\x00\xa9\x00\x0b\x00\xac\x00\x22\x00\xa9\x00\x19\x00\x7e\x00\x46\xff\xff\x00\xb1\x00\x9f"
    b"\x01\x23\xff\xff\x00\x1f\x01\x58\x00\x45\xff\xff\x00\x0a\x00\xf7\x00\x09\xff\xff\x00\x74\x00\xf7"
    b"\x00\x51\xff\xff\x00\x3f\x01\x1e\x01\x56\xff\xff\x00\x10\x00\x7d\x00\x28\x00\x65\x00\x20\x00\x51"
    b"\x00\x1b\x00\xa9\x00\x03\x00\xac\x00\x26\x00\xa9\x00\x1b\x00\x7e\x00\x3a\xff\xff\x00\xba\x00\x9f"
    b"\x01\x28\xff\xff\x00\x23\x01\x58\x00\x40\xff\xff\x00\x06\x00\xf7\x00\x0e\xff\xff\x00\x70\x00\xf7"
    b"\x00\x51\xff\xff\x00\x35\x01\x1e\x00\x0f\xff\xff\x00\x06\x01\x1e\x01\x4c\xff\xff\x00\x0f\x00\x7d"
    b"\x00\x28\x00\x65\x00\x20\x00\x51\x00\x44\x00\xa9\x00\x1c\x00\x7e\x00\x25\xff\xff\x00\x13\x00\xbc"
    b"\x00\xaa\x00\x9f\x00\x10\x00\x5f\x01\x2d\xff\xff\x00\x26\x01\x58\x00\x36\xff\xff\x00\x0d\x00\xf7"
    b"\x00\x0e\xff\xff\x00\x6d\x00\xf7\x00\x50\xff\xff\x00\x29\x01\x1e\x00\x1c\xff\xff\x00\x04\x01\x1e"
    b"\x01\x4c\xff\xff\x00\x10\x00\x7d\x00\x28\x00\x65\x00\x20\x00\x51\x00\x44\x00\xa9\x00\x1c\x00\x7e"
    b"\x00\x20\xff\xff\x00\x1a\x00\xbc\x00\xa2\x00\x9f\x00\x15\x00\x5f\x01\x30\xff\xff\x00\x2b\x01\x58"
    b"\x00\x31\xff\xff\x00\x0a\x00\xf7\x00\x1b\xff\xff\x00\x60\x00\xf7\x00\x5a\xff\xff\x00\x17\x01\x1e"
    b"\x00\x24\xff\xff\x00\x08\x01\x1e\x01\x4a\xff\xff\x00\x0f\x00\x7d\x00\x28\x00\x65\x00\x20\x00\x51"
    b"\x00\x44\x00\xa9\x00\x1e\x00\x7e\x00\x1a\xff\xff\x00\x1c\x00\xbc\x00\xa4\x00\x9f\x00\x15\x00\x5f"
    b"\x00\x86\xff\xff\x00\x07\x00\xcf\x00\x1a\xff\xff\x00\x07\x00\xcf\x00\x89\xff\xff\x00\x26\x01\x58"
    b"\x00\x5a\xff\xff\x00\x59\x00\xf7\x00\x61\xff\xff\x00\x0c\x01\x1e\x00\x2c\xff\xff\x00\x02\x01\x1e"
    b"\x01\x51\xff\xff\x00\x0b\x00\x7d\x00\x28\x00\x65\x00\x20\x00\x51\x00\x44\x00\xa9\x00\x20\x00\x7e"
    b"\x00\x0c\xff\xff\x00\x09\x00\xbc\x00\x01\xff\xff\x00\x1d\x00\xbc\x00\xa6\x00\x9f\x00\x14\x00\x5f"
    b"\x00\x83\xff\xff\x00\x0c\x00\xcf\x00\x19\xff\xff\x00\x08\x00\xcf\x00\x97\xff\xff\x00\x18\x01\x58"
    b"\x00\x5c\xff\xff\x00\x53\x00\xf7\x00\x87\xff\xff\x00\x0b\x01\x1e\x00\x1d\xff\xff\x00\x05\x01\x1e"
    b"\x01\x3e\xff\xff\x00\x07\x00\x7d\x00\x28\x00\x65\x00\x20\x00\x51\x00\x44\x00\xa9\x00\x20\x00\x7e"
    b"\x00\x0c\xff\xff\x00\x27\x00\xbc\x00\xa6\x00\x9f\x00\x16\x00\x5f\x00\x7e\xff\xff\x00\x0f\x00\xcf"
    b"\x00\x0b\xff\xff\x00\x09\x00\xcf\x00\x08\xff\xff\x00\x04\x00\xcf\x00\x9e\xff\xff\x00\x11\x01\x58"
    b"\x00\x4a\xff\xff\x00\x09\x00\xf7\x00\x0d\xff\xff\x00\x49\x00\xf7\x00\x91\xff\xff\x00\x08\x01\x1e"
    b"\x00\x18\xff\xff\x00\x01\x01\x1e\x00\x03\xff\xff\x00\x07\x01\x1e\x01\x40\xff\xff\x00\x04\x00\x7d"
    b"\x00\x28\x00\x65\x00\x20\x00\x51\x00\x44\x00\xa9\x00\x1f\x00\x7e\x00\x12\xff\xff\x00\x21\x00\xbc"
    b"\x00\xa7\x00\x9f\x00\x16\x00\x5f\x00\x7b\xff\xff\x00\x13\x00\xcf\x00\x09\xff\xff\x00\x0e\x00\xcf"
    b"\x00\xab\xff\xff\x00\x09\x01\x58\x00\x4b\xff\xff\x00\x0f\x00\xf7\x00\x0d\xff\xff\x00\x39\x00\xf7"
    b"\x00\xba\xff\xff\x00\x08\x01\x1e\x01\x49\xff\xff\x00\x01\x00\x7d\x00\x28\x00\x65\x00\x20\x00\x51"
    b"\x00\x44\x00\xa9\x00\x1f\x00\x7e\x00\x0f\xff\xff\x00\x23\x00\xbc\x00\xa8\x00\x9f\x00\x17\x00\x5f"
    b"\x00\x78\xff\xff\x00\x2e\x00\xcf\x00\xe4\xff\xff\x00\x08\x00\xf7\x00\x14\xff\xff\x00\x0d\x00\xf7"
    b"\x00\x11\xff\xff\x00\x33\x00\xf7\x02\x14\xff\xff\x00\x21\x00\x65\x00\x20\x00\x51\x00\x44\x00\xa9"
    b"\x00\x23\x00\x7e\x00\x0a\xff\xff\x00\x23\x00\xbc\x00\xa9\x00\x9f\x00\x18\x00\x5f\x00\x76\xff\xff"
    b"\x00\x34\x00\xcf\x00\xdf\xff\xff\x00\x07\x00\xf7\x00\x1f\xff\xff\x00\x08\x00\xf7\x00\x10\xff\xff"
    b"\x00\x2e\x00\xf7\x02\x1b\xff\xff\x00\x1b\x00\x65\x00\x20\x00\x51\x00\x44\x00\xa9\x00\x28\x00\x7e"
    b"\x00\x05\xff\xff\x00\x22\x00\xbc\x00\xaa\x00\x9f\x00\x19\x00\x5f\x00\x74\xff\xff\x00\x36\x00\xcf"
    b"\x01\x21\xff\xff\x00\x29\x00\xf7\x02\x1e\xff\xff\x00\x18\x00\x65\x00\x20\x00\x51\x00\x44\x00\xa9"
    b"\x00\x2a\x00\x7e\x00\x02\xff\xff\x00\x22\x00\xbc\x00\xab\x00\x9f\x00\x18\x00\x5f\x00\x6f\xff\xff"
    b"\x00\x37\x00\xcf\x01\x10\xff\xff\x00\x08\x00\xf7\x00\x0b\xff\xff\x00\x2d\x00\xf7\x02\x20\xff\xff"
    b"\x00\x15\x00\x65\x00\x20\x00\x51\x00\x44\x00\xa9\x00\x2c\x00\x7e\x00\x21\x00\xbc\x00\xac\x00\x9f"
    b"\x00\x18\x00\x5f\x00\x6c\xff\xff\x00\x36\x00\xcf\x01\x16\xff\xff\x00\x05\x00\xf7\x00\x0a\xff\xff"
    b"\x00\x2c\x00\xf7\x02\x29\xff\xff\x00\x0f\x00\x65\x00\x20\x00\x51\x00\x44\x00\xa9\x00\x2f\x00\x7e"
    b"\x00\x1d\x00\xbc\x00\xad\x00\x9f\x00\x18\x00\x5f\x00\x6a\xff\xff\x00\x35\x00\xcf\x00\x0a\xff\xff"
    b"\x00\x10\x00\xcf\x01\x0d\xff\xff\x00\x27\x00\xf7\x02\x36\xff\xff\x00\x08\x00\x65\x00\x20\x00\x51"
    b"\x00\x44\x00\xa9\x00\x2f\x00\x7e\x00\x09\xff\xff\x00\x13\x00\xbc\x00\xae\x00\x9f\x00\x18\x00\x5f"
    b"\x00\x69\xff\xff\x00\x36\x00\xcf\x00\x0a\xff\xff\x00\x17\x00\xcf\x00\xf5\xff\xff\x00\x37\x00\xf7"
    b"\x02\x3f\xff\xff\x00\x20\x00\x51\x00\x44\x00\xa9\x00\x2e\x00\x7e\x00\x0f\xff\xff\x00\x0d\x00\xbc"
    b"\x00\xaf\x00\x9f\x00\x19\x00\x5f\x00\x6a\xff\xff\x00\x3d\x00\xcf\x00\x0a\xff\xff\x00\x0e\x00\xcf"
    b"\x00\xef\xff\xff\x00\x3a\x00\xf7\x02\x4b\xff\xff\x00\x17\x00\x51\x00\x44\x00\xa9\x00\x32\x00\x7e"
    b"\x00\x0e\xff\xff\x00\xb9\x00\x9f\x00\x20\x00\x5f\x00\x62\xff\xff\x00\x44\x00\xcf\x00\xc5\xff\xff"
    b"\x00\x0a\x00\xf7\x00\x2e\xff\xff\x00\x39\x00\xf7\x02\x59\xff\xff\x00\x0e\x00\x51\x00\x44\x00\xa9"
    b"\x00\x3a\x00\x7e\x00\x07\xff\xff\x00\xb8\x00\x9f\x00\x03\x00\x5f\x00\x15\x00\x9f\x00\x69\xff\xff"
    b"\x00\x49\x00\xcf\x00\x78\xff\xff\x00\x07\x01\x58\x00\x3e\xff\xff\x00\x0e\x00\xf7\x00\x2c\xff\xff"
    b"\x00\x35\x00\xf7\x02\x65\xff\xff\x00\x08\x00\x51\x00\x3e\x00\xa9\x00\x06\x00\x47\x00\x3e\x00\x7e"
    b"\x00\x04\xff\xff\x00\xd1\x00\x9f\x00\x67\xff\xff\x00\x4d\x00\xcf\x00\x09\xff\xff\x00\x06\x00\xcf"
    b"\x00\x3b\xff\xff\x00\x1c\x01\x58\x00\x05\xff\xff\x00\x16\x01\x58\x00\x3c\xff\xff\x00\x01\x00\xf7"
    b"\x00\x37\xff\xff\x00\x2d\x00\xf7\x02\x73\xff\xff\x00\x3e\x00\xa9\x00\x06\x00\x47\x00\x40\x00\x7e"
    b"\x00\x02\xff\xff\x00\xd5\x00\x9f\x00\x73\xff\xff\x00\x40\x00\xcf\x00\x03\xff\xff\x00\x11\x00\xcf"
    b"\x00\x04\xff\xff\x00\x0a\x01\x58\x00\x1f\xff\xff\x00\x3f\x01\x58\x00\x72\xff\xff\x00\x2a\x00\xf7"
    b"\x02\x7f\xff\xff\x00\x3b\x00\xa9\x00\x42\x00\x7e\x00\xdb\x00\x9f\x00\x7b\xff\xff\x00\x2a\x00\xcf"
    b"\x00\x0f\xff\xff\x00\x0c\x00\xcf\x00\x2a\xff\xff\x00\x48\x01\x58\x00\x6e\xff\xff\x00\x22\x00\xf7"
    b"\x02\x8f\xff\xff\x00\x32\x00\xa9\x00\x46\x00\x7e\x00\xdd\x00\x9f\x00\x79\xff\xff\x00\x24\x00\xcf"
    b"\x00\x43\xff\xff\x00\x58\x01\x58\x00\x31\xff\xff\x00\x0b\x00\xf7\x00\x28\xff\xff\x00\x23\x00\xf7"
    b"\x02\x8e\xff\xff\x00\x30\x00\xa9\x00\x4c\x00\x7e\x00\xd8\x00\x9f\x00\x7c\xff\xff\x00\x0c\x00\xcf"
    b"\x00\x5f\xff\xff\x00\x1b\x01\x58\x00\x01\xff\xff\x00\x37\x01\x58\x00\x2d\xff\xff\x00\x0f\x00\xf7"
    b"\x00\x22\xff\xff\x00\x24\x00\xf7\x02\x93\xff\xff\x00\x2d\x00\xa9\x00\x50\x00\x7e\x00\xd9\x00\x9f"
    b"\x00\xef\xff\xff\x00\x0d\x01\x58\x00\x03\xff\xff\x00\x36\x01\x58\x00\x59\xff\xff\x00\x24\x00\xf7"
    b"\x02\x9a\xff\xff\x00\x2b\x00\xa9\x00\x54\x00\x7e\x00\xd8\x00\x9f\x00\xf1\xff\xff\x00\x03\x01\x58"
    b"\x00\x07\xff\xff\x00\x29\x01\x58\x00\x04\xff\xff\x00\x05\x01\x58\x00\x62\xff\xff\x00\x09\x00\xf7"
    b"\x00\x08\xff\xff\x00\x0c\x00\xf7\x02\xa3\xff\xff\x00\x25\x00\xa9\x00\x58\x00\x7e\x00\xd2\x00\x9f"
    b"\x01\x08\xff\xff\x00\x27\x01\x58\x03\x28\xff\xff\x00\x1f\x00\xa9\x00\x5c\x00\x7e\x00\xc7\x00\x9f"
    b"\x01\x13\xff\xff\x00\x11\x01\x58\x00\x04\xff\xff\x00\x0a\x01\x58\x03\x32\xff\xff\x00\x19\x00\xa9"
    b"\x00\x62\x00\x7e\x00\xb6\x00\x9f\x04\x7c\xff\xff\x00\x0c\x00\xa9\x00\x66\x00\x7e\x00\x05\xff\xff"
    b"\x00\xa4\x00\x9f\x04\x8a\xff\xff\x00\x07\x00\xa9\x00\x62\x00\x7e\x00\x17\xff\xff\x00\x92\x00\x9f"
    b"\x04\x9a\xff\xff\x00\x58\x00\x7e\x00\x26\xff\xff\x00\x84\x00\x9f\x04\xaa\xff\xff\x00\x3d\x00\x7e"
    b"\x00\x44\xff\xff\x00\x6d\x00\x9f\x05\x3f\xff\xff\x00\x59\x00\x9f\x05\x5b\xff\xff\x00\x3e\x00\x9f"
    b"\x05\x89\xff\xff\x00\x01\x00\x9f\x8a\x4a\xff\xff"
)

POSIX = (
    "GMT0",
    "GMT0",
    "EAT-3",
    "CET-1",
    "EAT-3",
    "GMT0",
    "WAT-1",
    "GMT0",
    "GMT0",
    "CAT-2",
    "WAT-1",
    "CAT-2",
    "EET-2EEST,M4.5.5/0,M10.5.4/24",
    "<+01>-1",
    "CET-1CEST,M3.5.0,M10.5.0/3",
    "GMT0",
    "GMT0",
    "EAT-3",
    "EAT-3",
    "WAT-1",
    "<+01>-1",
    "GMT0",
    "CAT-2",
    "CAT-2",
    "SAST-2",
    "CAT-2",
    "EAT-3",
    "CAT-2",
    "CAT-2",
    "WAT-1",
    "WAT-1",
    "WAT-1",
    "GMT0",
    "WAT-1",
    "CAT-2",
    "CAT-2",
    "WAT-1",
    "CAT-2",
    "SAST-2",
    "SAST-2",
    "EAT-3",
    "GMT0",
    "EAT-3",
    "WAT-1",
    "WAT-1",
    "GMT0",
    "GMT0",
    "WAT-1",
    "GMT0",
    "EET-2",
    "CET-1",
    "CAT-2",
    "HST10HDT,M3.2.0,M11.1.0",
    "AKST9AKDT,M3.2.0,M11.1.0",
    "AST4",
    "AST4",
    "<-03>3",
    "<-03>3",
    "<-03>3",
    "<-03>3",
    "<-03>3",
    "<-03>3",
    "<-03>3",
    "<-03>3",
    "<-03>3",
    "<-03>3",
    "<-03>3",
    "<-03>3",
    "<-03>3",
    "AST4",
    "<-03>3",
    "EST5",
    "<-03>3",
    "CST6",
    "AST4",
    "<-03>3",
    "CST6",
    "AST4",
    "<-04>4",
    "<-05>5",
    "MST7MDT,M3.2.0,M11.1.0",
    "MST7MDT,M3.2.0,M11.1.0",
    "<-04>4",
    "EST5",
    "<-04>4",
    "<-03>3",
    "EST5",
    "CST6CDT,M3.2.0,M11.1.0",
    "CST6",
    "MST7MDT,M3.2.0,M11.1.0",
    "CST6",
    "<-03>3",
    "MST7",
    "<-04>4",
    "AST4",
    "GMT0",
    "MST7",
    "MST7",
    "MST7MDT,M3.2.0,M11.1.0",
    "EST5EDT,M3.2.0,M11.1.0",
    "AST4",
    "MST7MDT,M3.2.0,M11.1.0",
    "<-05>5",
    "CST6",
    "MST7",
    "<-03>3",
    "AST4ADT,M3.2.0,M11.1.0",
    "AST4ADT,M3.2.0,M11.1.0",
    "EST5EDT,M3.2.0,M11.1.0",
    "AST4",
    "AST4",
    "CST6",
    "<-05>5",
    "<-04>4",
    "AST4ADT,M3.2.0,M11.1.0",
    "CST5CDT,M3.2.0/0,M11.1.0/1",
    "MST7",
    "EST5EDT,M3.2.0,M11.1.0",
    "CST6CDT,M3.2.0,M11.1.0",
    "EST5EDT,M3.2.0,M11.1.0",
    "EST5EDT,M3.2.0,M11.1.0",
    "CST6CDT,M3.2.0,M11.1.0",
    "EST5EDT,M3.2.0,M11.1.0",
    "EST5EDT,M3.2.0,M11.1.0",
    "EST5EDT,M3.2.0,M11.1.0",
    "MST7MDT,M3.2.0,M11.1.0",
    "EST5EDT,M3.2.0,M11.1.0",
    "EST5",
    "AKST9AKDT,M3.2.0,M11.1.0",
    "EST5EDT,M3.2.0,M11.1.0",
    "EST5EDT,M3.2.0,M11.1.0",
    "AST4",
    "<-04>4",
    "<-05>5",
    "PST8PDT,M3.2.0,M11.1.0",
    "AST4",
    "<-03>3",
    "CST6",
    "<-04>4",
    "AST4",
    "AST4",
    "CST6CDT,M3.2.0,M11.1.0",
    "MST7",
    "CST6CDT,M3.2.0,M11.1.0",
    "CST6",
    "AKST9AKDT,M3.2.0,M11.1.0",
    "CST6",
    "<-03>3<-02>,M3.2.0,M11.1.0",
    "AST4ADT,M3.2.0,M11.1.0",
    "CST6",
    "<-03>3",
    "AST4",
    "EST5EDT,M3.2.0,M11.1.0",
    "EST5EDT,M3.2.0,M11.1.0",
    "AKST9AKDT,M3.2.0,M11.1.0",
    "<-02>2",
    "CST6CDT,M3.2.0,M11.1.0",
    "CST6CDT,M3.2.0,M11.1.0",
    "CST6CDT,M3.2.0,M11.1.0",
    "<-02>2<-01>,M3.5.0/-1,M10.5.0/0",
    "CST6CDT,M3.2.0,M11.1.0",
    "EST5",
    "<-03>3",
    "MST7",
    "EST5EDT,M3.2.0,M11.1.0",
    "AST4",
    "<-04>4",
    "AST4",
    "<-03>3",
    "CST6CDT,M3.2.0,M11.1.0",
    "<-03>3",
    "CST6",
    "CST6CDT,M3.2.0,M11.1.0",
    "<-05>5",
    "<-03>3",
    "<-04>4<-03>,M9.1.6/24,M4.1.6/24",
    "AST4",
    "<-03>3",
    "<-02>2<-01>,M3.5.0/-1,M10.5.0/0",
    "AKST9AKDT,M3.2.0,M11.1.0",
    "AST4",
    "NST3:30NDT,M3.2.0,M11.1.0",
    "AST4",
    "AST4",
    "AST4",
    "AST4",
    "CST6",
    "CST6",
    "AST4ADT,M3.2.0,M11.1.0",
    "PST8PDT,M3.2.0,M11.1.0",
    "EST5EDT,M3.2.0,M11.1.0",
    "AST4",
    "MST7",
    "MST7",
    "CST6CDT,M3.2.0,M11.1.0",
    "AKST9AKDT,M3.2.0,M11.1.0",
    "<+08>-8",
    "<+07>-7",
    "<+10>-10",
    "AEST-10AEDT,M10.1.0,M4.1.0/3",
    "<+05>-5",
    "NZST-12NZDT,M9.5.0,M4.1.0/3",
    "<-03>3",
    "<-03>3",
    "<+03>-3",
    "<+00>0<+02>-2,M3.5.0/1,M10.5.0/3",
    "<+05>-5",
    "CET-1CEST,M3.5.0,M10.5.0/3",
    "<+03>-3",
    "<+05>-5",
    "<+03>-3",
    "<+12>-12",
    "<+05>-5",
    "<+05>-5",
    "<+05>-5",
    "<+05>-5",
    "<+03>-3",
    "<+03>-3",
    "<+04>-4",
    "<+07>-7",
    "<+07>-7",
    "EET-2EEST,M3.5.0/0,M10.5.0/0",
    "<+06>-6",
    "<+08>-8",
    "<+09>-9",
    "<+0530>-5:30",
    "<+03>-3",
    "<+06>-6",
    "<+09>-9",
    "<+04>-4",
    "<+05>-5",
    "EET-2EEST,M3.5.0/3,M10.5.0/4",
    "EET-2EEST,M3.4.4/50,M10.4.4/50",
    "EET-2EEST,M3.4.4/50,M10.4.4/50",
    "<+07>-7",
    "HKT-8",
    "<+07>-7",
    "<+08>-8",
    "WIB-7",
    "WIT-9",
    "IST-2IDT,M3.4.4/26,M10.5.0",
    "<+0430>-4:30",
    "<+12>-12",
    "PKT-5",
    "<+0545>-5:45",
    "<+09>-9",
    "IST-5:30",
    "<+07>-7",
    "<+08>-8",
    "<+08>-8",
    "<+03>-3",
    "CST-8",
    "<+11>-11",
    "WITA-8",
    "PST-8",
    "<+04>-4",
    "EET-2EEST,M3.5.0/3,M10.5.0/4",
    "<+07>-7",
    "<+07>-7",
    "<+06>-6",
    "<+05>-5",
    "<+07>-7",
    "WIB-7",
    "KST-9",
    "<+03>-3",
    "<+05>-5",
    "<+05>-5",
    "<+03>-3",
    "<+11>-11",
    "<+05>-5",
    "KST-9",
    "CST-8",
    "<+08>-8",
    "<+11>-11",
    "CST-8",
    "<+05>-5",
    "<+04>-4",
    "<+0330>-3:30",
    "<+06>-6",
    "JST-9",
    "<+07>-7",
    "<+08>-8",
    "<+06>-6",
    "<+10>-10",
    "<+07>-7",
    "<+10>-10",
    "<+09>-9",
    "<+0630>-6:30",
    "<+05>-5",
    "<+04>-4",
    "<-01>1<+00>,M3.5.0/0,M10.5.0/1",
    "AST4ADT,M3.2.0,M11.1.0",
    "WET0WEST,M3.5.0/1,M10.5.0",
    "<-01>1",
    "WET0WEST,M3.5.0/1,M10.5.0",
    "WET0WEST,M3.5.0/1,M10.5.0",
    "GMT0",
    "<-02>2",
    "GMT0",
    "<-03>3",
    "ACST-9:30ACDT,M10.1.0,M4.1.0/3",
    "AEST-10",
    "ACST-9:30ACDT,M10.1.0,M4.1.0/3",
    "ACST-9:30",
    "<+0845>-8:45",
    "AEST-10AEDT,M10.1.0,M4.1.0/3",
    "AEST-10",
    "<+1030>-10:30<+11>-11,M10.1.0,M4.1.0",
    "AEST-10AEDT,M10.1.0,M4.1.0/3",
    "AWST-8",
    "AEST-10AEDT,M10.1.0,M4.1.0/3",
    "UTC0",
    "CET-1CEST,M3.5.0,M10.5.0/3",
    "CET-1CEST,M3.5.0,M10.5.0/3",
    "<+04>-4",
    "EET-2EEST,M3.5.0/3,M10.5.0/4",
    "CET-1CEST,M3.5.0,M10.5.0/3",
    "CET-1CEST,M3.5.0,M10.5.0/3",
    "CET-1CEST,M3.5.0,M10.5.0/3",
    "CET-1CEST,M3.5.0,M10.5.0/3",
    "EET-2EEST,M3.5.0/3,M10.5.0/4",
    "CET-1CEST,M3.5.0,M10.5.0/3",
    "CET-1CEST,M3.5.0,M10.5.0/3",
    "EET-2EEST,M3.5.0/3,M10.5.0/4",
    "CET-1CEST,M3.5.0,M10.5.0/3",
    "IST-1GMT0,M10.5.0,M3.5.0/1",
    "CET-1CEST,M3.5.0,M10.5.0/3",
    "GMT0BST,M3.5.0/1,M10.5.0",
    "EET-2EEST,M3.5.0/3,M10.5.0/4",
    "GMT0BST,M3.5.0/1,M10.5.0",
    "<+03>-3",
    "GMT0BST,M3.5.0/1,M10.5.0",
    "EET-2",
    "MSK-3",
    "EET-2EEST,M3.5.0/3,M10.5.0/4",
    "WET0WEST,M3.5.0/1,M10.5.0",
    "CET-1CEST,M3.5.0,M10.5.0/3",
    "GMT0BST,M3.5.0/1,M10.5.0",
    "CET-1CEST,M3.5.0,M10.5.0/3",
    "CET-1CEST,M3.5.0,M10.5.0/3",
    "CET-1CEST,M3.5.0,M10.5.0/3",
    "EET-2EEST,M3.5.0/3,M10.5.0/4",
    "<+03>-3",
    "CET-1CEST,M3.5.0,M10.5.0/3",
    "MSK-3",
    "CET-1CEST,M3.5.0,M10.5.0/3",
    "CET-1CEST,M3.5.0,M10.5.0/3",
    "CET-1CEST,M3.5.0,M10.5.0/3",
    "CET-1CEST,M3.5.0,M10.5.0/3",
    "EET-2EEST,M3.5.0/3,M10.5.0/4",
    "CET-1CEST,M3.5.0,M10.5.0/3",
    "<+04>-4",
    "CET-1CEST,M3.5.0,M10.5.0/3",
    "CET-1CEST,M3.5.0,M10.5.0/3",
    "<+04>-4",
    "MSK-3",
    "CET-1CEST,M3.5.0,M10.5.0/3",
    "EET-2EEST,M3.5.0/3,M10.5.0/4",
    "CET-1CEST,M3.5.0,M10.5.0/3",
    "EET-2EEST,M3.5.0/3,M10.5.0/4",
    "CET-1CEST,M3.5.0,M10.5.0/3",
    "<+04>-4",
    "CET-1CEST,M3.5.0,M10.5.0/3",
    "CET-1CEST,M3.5.0,M10.5.0/3",
    "CET-1CEST,M3.5.0,M10.5.0/3",
    "EET-2EEST,M3.5.0/3,M10.5.0/4",
    "MSK-3",
    "CET-1CEST,M3.5.0,M10.5.0/3",
    "CET-1CEST,M3.5.0,M10.5.0/3",
    "CET-1CEST,M3.5.0,M10.5.0/3",
    "EAT-3",
    "<+06>-6",
    "<+07>-7",
    "<+0630>-6:30",
    "EAT-3",
    "<+05>-5",
    "<+04>-4",
    "<+05>-5",
    "<+04>-4",
    "EAT-3",
    "<+04>-4",
    "<+13>-13",
    "NZST-12NZDT,M9.5.0,M4.1.0/3",
    "<+11>-11",
    "<+1245>-12:45<+1345>,M9.5.0/2:45,M4.1.0/3:45",
    "<+10>-10",
    "<-06>6<-05>,M9.1.6/22,M4.1.6/22",
    "<+11>-11",
    "<+13>-13",
    "<+12>-12",
    "<+12>-12",
    "<-06>6",
    "<-09>9",
    "<+11>-11",
    "ChST-10",
    "HST10",
    "<+13>-13",
    "<+14>-14",
    "<+11>-11",
    "<+12>-12",
    "<+12>-12",
    "<-0930>9:30",
    "SST11",
    "<+12>-12",
    "<-11>11",
    "<+11>-11<+12>,M10.1.0,M4.1.0/3",
    "<+11>-11",
    "SST11",
    "<+09>-9",
    "<-08>8",
    "<+11>-11",
    "<+10>-10",
    "<-10>10",
    "ChST-10",
    "<-10>10",
    "<+12>-12",
    "<+13>-13",
    "<+12>-12",
    "<+12>-12",
)

TZIDS = (
    "Africa/Abidjan",
    "Africa/Accra",
    "Africa/Addis_Ababa",
    "Africa/Algiers",
    "Africa/Asmara",
    "Africa/Bamako",
    "Africa/Bangui",
    "Africa/Banjul",
    "Africa/Bissau",
    "Africa/Blantyre",
    "Africa/Brazzaville",
    "Africa/Bujumbura",
    "Africa/Cairo",
    "Africa/Casablanca",
    "Africa/Ceuta",
    "Africa/Conakry",
    "Africa/Dakar",
    "Africa/Dar_es_Salaam",
    "Africa/Djibouti",
    "Africa/Douala",
    "Africa/El_Aaiun",
    "Africa/Freetown",
    "Africa/Gaborone",
    "Africa/Harare",
    "Africa/Johannesburg",
    "Africa/Juba",
    "Africa/Kampala",
    "Africa/Khartoum",
    "Africa/Kigali",
    "Africa/Kinshasa",
    "Africa/Lagos",
    "Africa/Libreville",
    "Africa/Lome",
    "Africa/Luanda",
    "Africa/Lubumbashi",
    "Africa/Lusaka",
    "Africa/Malabo",
    "Africa/Maputo",
    "Africa/Maseru",
    "Africa/Mbabane",
    "Africa/Mogadishu",
    "Africa/Monrovia",
    "Africa/Nairobi",
    "Africa/Ndjamena",
    "Africa/Niamey",
    "Africa/Nouakchott",
    "Africa/Ouagadougou",
    "Africa/Porto-Novo",
    "Africa/Sao_Tome",
    "Africa/Tripoli",
    "Africa/Tunis",
    "Africa/Windhoek",
    "America/Adak",
    "America/Anchorage",
    "America/Anguilla",
    "America/Antigua",
    "America/Araguaina",
    "America/Argentina/Buenos_Aires",
    "America/Argentina/Catamarca",
    "America/Argentina/Cordoba",
    "America/Argentina/Jujuy",
    "America/Argentina/La_Rioja",
    "America/Argentina/Mendoza",
    "America/Argentina/Rio_Gallegos",
    "America/Argentina/Salta",
    "America/Argentina/San_Juan",
    "America/Argentina/San_Luis",
    "America/Argentina/Tucuman",
    "America/Argentina/Ushuaia",
    "America/Aruba",
    "America/Asuncion",
    "America/Atikokan",
    "America/Bahia",
    "America/Bahia_Banderas",
    "America/Barbados",
    "America/Belem",
    "America/Belize",
    "America/Blanc-Sablon",
    "America/Boa_Vista",
    "America/Bogota",
    "America/Boise",
    "America/Cambridge_Bay",
    "America/Campo_Grande",
    "America/Cancun",
    "America/Caracas",
    "America/Cayenne",
    "America/Cayman",
    "America/Chicago",
    "America/Chihuahua",
    "America/Ciudad_Juarez",
    "America/Costa_Rica",
    "America/Coyhaique",
    "America/Creston",
    "America/Cuiaba",
    "America/Curacao",
    "America/Danmarkshavn",
    "America/Dawson",
    "America/Dawson_Creek",
    "America/Denver",
    "America/Detroit",
    "America/Dominica",
    "America/Edmonton",
    "America/Eirunepe",
    "America/El_Salvador",
    "America/Fort_Nelson",
    "America/Fortaleza",
    "America/Glace_Bay",
    "America/Goose_Bay",
    "America/Grand_Turk",
    "America/Grenada",
    "America/Guadeloupe",
    "America/Guatemala",
    "America/Guayaquil",
    "America/Guyana",
    "America/Halifax",
    "America/Havana",
    "America/Hermosillo",
    "America/Indiana/Indianapolis",
    "America/Indiana/Knox",
    "America/Indiana/Marengo",
    "America/Indiana/Petersburg",
    "America/Indiana/Tell_City",
    "America/Indiana/Vevay",
    "America/Indiana/Vincennes",
    "America/Indiana/Winamac",
    "America/Inuvik",
    "America/Iqaluit",
    "America/Jamaica",
    "America/Juneau",
    "America/Kentucky/Louisville",
    "America/Kentucky/Monticello",
    "America/Kralendijk",
    "America/La_Paz",
    "America/Lima",
    "America/Los_Angeles",
    "America/Lower_Princes",
    "America/Maceio",
    "America/Managua",
    "America/Manaus",
    "America/Marigot",
    "America/Martinique",
    "America/Matamoros",
    "America/Mazatlan",
    "America/Menominee",
    "America/Merida",
    "America/Metlakatla",
    "America/Mexico_City",
    "America/Miquelon",
    "America/Moncton",
    "America/Monterrey",
    "America/Montevideo",
    "America/Montserrat",
    "America/Nassau",
    "America/New_York",
    "America/Nome",
    "America/Noronha",
    "America/North_Dakota/Beulah",
    "America/North_Dakota/Center",
    "America/North_Dakota/New_Salem",
    "America/Nuuk",
    "America/Ojinaga",
    "America/Panama",
    "America/Paramaribo",
    "America/Phoenix",
    "America/Port-au-Prince",
    "America/Port_of_Spain",
    "America/Porto_Velho",
    "America/Puerto_Rico",
    "America/Punta_Arenas",
    "America/Rankin_Inlet",
    "America/Recife",
    "America/Regina",
    "America/Resolute",
    "America/Rio_Branco",
    "America/Santarem",
    "America/Santiago",
    "America/Santo_Domingo",
    "America/Sao_Paulo",
    "America/Scoresbysund",
    "America/Sitka",
    "America/St_Barthelemy",
    "America/St_Johns",
    "America/St_Kitts",
    "America/St_Lucia",
    "America/St_Thomas",
    "America/St_Vincent",
    "America/Swift_Current",
    "America/Tegucigalpa",
    "America/Thule",
    "America/Tijuana",
    "America/Toronto",
    "America/Tortola",
    "America/Vancouver",
    "America/Whitehorse",
    "America/Winnipeg",
    "America/Yakutat",
    "Antarctica/Casey",
    "Antarctica/Davis",
    "Antarctica/DumontDUrville",
    "Antarctica/Macquarie",
    "Antarctica/Mawson",
    "Antarctica/McMurdo",
    "Antarctica/Palmer",
    "Antarctica/Rothera",
    "Antarctica/Syowa",
    "Antarctica/Troll",
    "Antarctica/Vostok",
    "Arctic/Longyearbyen",
    "Asia/Aden",
    "Asia/Almaty",
    "Asia/Amman",
    "Asia/Anadyr",
    "Asia/Aqtau",
    "Asia/Aqtobe",
    "Asia/Ashgabat",
    "Asia/Atyrau",
    "Asia/Baghdad",
    "Asia/Bahrain",
    "Asia/Baku",
    "Asia/Bangkok",
    "Asia/Barnaul",
    "Asia/Beirut",
    "Asia/Bishkek",
    "Asia/Brunei",
    "Asia/Chita",
    "Asia/Colombo",
    "Asia/Damascus",
    "Asia/Dhaka",
    "Asia/Dili",
    "Asia/Dubai",
    "Asia/Dushanbe",
    "Asia/Famagusta",
    "Asia/Gaza",
    "Asia/Hebron",
    "Asia/Ho_Chi_Minh",
    "Asia/Hong_Kong",
    "Asia/Hovd",
    "Asia/Irkutsk",
    "Asia/Jakarta",
    "Asia/Jayapura",
    "Asia/Jerusalem",
    "Asia/Kabul",
    "Asia/Kamchatka",
    "Asia/Karachi",
    "Asia/Kathmandu",
    "Asia/Khandyga",
    "Asia/Kolkata",
    "Asia/Krasnoyarsk",
    "Asia/Kuala_Lumpur",
    "Asia/Kuching",
    "Asia/Kuwait",
    "Asia/Macau",
    "Asia/Magadan",
    "Asia/Makassar",
    "Asia/Manila",
    "Asia/Muscat",
    "Asia/Nicosia",
    "Asia/Novokuznetsk",
    "Asia/Novosibirsk",
    "Asia/Omsk",
    "Asia/Oral",
    "Asia/Phnom_Penh",
    "Asia/Pontianak",
    "Asia/Pyongyang",
    "Asia/Qatar",
    "Asia/Qostanay",
    "Asia/Qyzylorda",
    "Asia/Riyadh",
    "Asia/Sakhalin",
    "Asia/Samarkand",
    "Asia/Seoul",
    "Asia/Shanghai",
    "Asia/Singapore",
    "Asia/Srednekolymsk",
    "Asia/Taipei",
    "Asia/Tashkent",
    "Asia/Tbilisi",
    "Asia/Tehran",
    "Asia/Thimphu",
    "Asia/Tokyo",
    "Asia/Tomsk",
    "Asia/Ulaanbaatar",
    "Asia/Urumqi",
    "Asia/Ust-Nera",
    "Asia/Vientiane",
    "Asia/Vladivostok",
    "Asia/Yakutsk",
    "Asia/Yangon",
    "Asia/Yekaterinburg",
    "Asia/Yerevan",
    "Atlantic/Azores",
    "Atlantic/Bermuda",
    "Atlantic/Canary",
    "Atlantic/Cape_Verde",
    "Atlantic/Faroe",
    "Atlantic/Madeira",
    "Atlantic/Reykjavik",
    "Atlantic/South_Georgia",
    "Atlantic/St_Helena",
    "Atlantic/Stanley",
    "Australia/Adelaide",
    "Australia/Brisbane",
    "Australia/Broken_Hill",
    "Australia/Darwin",
    "Australia/Eucla",
    "Australia/Hobart",
    "Australia/Lindeman",
    "Australia/Lord_Howe",
    "Australia/Melbourne",
    "Australia/Perth",
    "Australia/Sydney",
    "Etc/UTC",
    "Europe/Amsterdam",
    "Europe/Andorra",
    "Europe/Astrakhan",
    "Europe/Athens",
    "Europe/Belgrade",
    "Europe/Berlin",
    "Europe/Bratislava",
    "Europe/Brussels",
    "Europe/Bucharest",
    "Europe/Budapest",
    "Europe/Busingen",
    "Europe/Chisinau",
    "Europe/Copenhagen",
    "Europe/Dublin",
    "Europe/Gibraltar",
    "Europe/Guernsey",
    "Europe/Helsinki",
    "Europe/Isle_of_Man",
    "Europe/Istanbul",
    "Europe/Jersey",
    "Europe/Kaliningrad",
    "Europe/Kirov",
    "Europe/Kyiv",
    "Europe/Lisbon",
    "Europe/Ljubljana",
    "Europe/London",
    "Europe/Luxembourg",
    "Europe/Madrid",
    "Europe/Malta",
    "Europe/Mariehamn",
    "Europe/Minsk",
    "Europe/Monaco",
    "Europe/Moscow",
    "Europe/Oslo",
    "Europe/Paris",
    "Europe/Podgorica",
    "Europe/Prague",
    "Europe/Riga",
    "Europe/Rome",
    "Europe/Samara",
    "Europe/San_Marino",
    "Europe/Sarajevo",
    "Europe/Saratov",
    "Europe/Simferopol",
    "Europe/Skopje",
    "Europe/Sofia",
    "Europe/Stockholm",
    "Europe/Tallinn",
    "Europe/Tirane",
    "Europe/Ulyanovsk",
    "Europe/Vaduz",
    "Europe/Vatican",
    "Europe/Vienna",
    "Europe/Vilnius",
    "Europe/Volgograd",
    "Europe/Warsaw",
    "Europe/Zagreb",
    "Europe/Zurich",
    "Indian/Antananarivo",
    "Indian/Chagos",
    "Indian/Christmas",
    "Indian/Cocos",
    "Indian/Comoro",
    "Indian/Kerguelen",
    "Indian/Mahe",
    "Indian/Maldives",
    "Indian/Mauritius",
    "Indian/Mayotte",
    "Indian/Reunion",
    "Pacific/Apia",
    "Pacific/Auckland",
    "Pacific/Bougainville",
    "Pacific/Chatham",
    "Pacific/Chuuk",
    "Pacific/Easter",
    "Pacific/Efate",
    "Pacific/Fakaofo",
    "Pacific/Fiji",
    "Pacific/Funafuti",
    "Pacific/Galapagos",
    "Pacific/Gambier",
    "Pacific/Guadalcanal",
    "Pacific/Guam",
    "Pacific/Honolulu",
    "Pacific/Kanton",
    "Pacific/Kiritimati",
    "Pacific/Kosrae",
    "Pacific/Kwajalein",
    "Pacific/Majuro",
    "Pacific/Marquesas",
    "Pacific/Midway",
    "Pacific/Nauru",
    "Pacific/Niue",
    "Pacific/Norfolk",
    "Pacific/Noumea",
    "Pacific/Pago_Pago",
    "Pacific/Palau",
    "Pacific/Pitcairn",
    "Pacific/Pohnpei",
    "Pacific/Port_Moresby",
    "Pacific/Rarotonga",
    "Pacific/Saipan",
    "Pacific/Tahiti",
    "Pacific/Tarawa",
    "Pacific/Tongatapu",
    "Pacific/Wake",
    "Pacific/Wallis",
)
